source,cohort,edition_a,edition_b,year_a,year_b,n_a,n_b,mean_a,mean_b,mean_drift_b_minus_a,std_a,std_b,ks_2sample,wasserstein1_quantile_grid_201,scope
Stefano legacy,all_players,15,16,2015,2016,16182,16679,63.828822148065754,65.30595359434018,1.4771314462744272,7.166142108361056,7.135510188788237,0.0984384866285341,1.4903731343283517,population distribution of source-native overall; edition roster composition differs
Stefano legacy,all_players,16,17,2016,2017,16679,17566,65.30595359434018,66.08818171467608,0.7822281203359012,7.135510188788237,7.15178553579401,0.05344421764578722,0.7830348258706439,population distribution of source-native overall; edition roster composition differs
Stefano legacy,all_players,17,18,2017,2018,17566,17928,66.08818171467608,66.23828647925033,0.1501047645742517,7.15178553579401,6.995568337083432,0.014934756420396128,0.18587064676617204,population distribution of source-native overall; edition roster composition differs
Stefano legacy,all_players,18,19,2018,2019,17928,18086,66.23828647925033,66.1482914961849,-0.08999498306543785,6.995568337083432,7.01260410184705,0.011808047800574872,0.12293532338308928,population distribution of source-native overall; edition roster composition differs
Stefano legacy,all_players,19,20,2019,2020,18086,18483,66.1482914961849,66.19888546231672,0.05059396613182798,7.01260410184705,6.950738689509549,0.006954132452672568,0.07139303482587246,population distribution of source-native overall; edition roster composition differs
Stefano legacy,all_players,20,21,2020,2021,18483,18887,66.19888546231672,65.66680785725632,-0.5320776050604081,6.950738689509549,6.99893804712998,0.037002639511781454,0.5223880597014925,population distribution of source-native overall; edition roster composition differs
Stefano legacy,all_players,21,22,2021,2022,18887,19239,65.66680785725632,65.77218150631529,0.10537364905897562,6.99893804712998,6.8800526950493825,0.01554746333275242,0.15313432835820318,population distribution of source-native overall; edition roster composition differs
Stefano legacy,all_players,22,23,2022,2023,19239,18533,65.77218150631529,65.815572222522,0.04339071620670154,6.8800526950493825,6.812936401007665,0.009478559698329003,0.12995024875621383,population distribution of source-native overall; edition roster composition differs
Stefano legacy,CF/ST,15,16,2015,2016,2613,2619,63.79219288174512,64.79534173348607,1.0031488517409457,7.163504069976994,7.239383167119796,0.07012167990780083,1.0265671641791043,population distribution of source-native overall; edition roster composition differs
Stefano legacy,CF/ST,16,17,2016,2017,2619,2677,64.79534173348607,65.8879342547628,1.0925925212767282,7.239383167119796,7.079736384075139,0.06674651190554126,1.098606965174131,population distribution of source-native overall; edition roster composition differs
Stefano legacy,CF/ST,17,18,2017,2018,2677,2700,65.8879342547628,66.07,0.1820657452371961,7.079736384075139,7.005970205369026,0.01683282834571591,0.21597014925373176,population distribution of source-native overall; edition roster composition differs
Stefano legacy,CF/ST,18,19,2018,2019,2700,2704,66.07,66.1353550295858,0.06535502958580253,7.005970205369026,7.131335034269209,0.013933815472277011,0.17059701492537452,population distribution of source-native overall; edition roster composition differs
Stefano legacy,CF/ST,19,20,2019,2020,2704,2730,66.1353550295858,66.48827838827839,0.3529233586925926,7.131335034269209,7.043718135184089,0.024214567483798244,0.3773631840796004,population distribution of source-native overall; edition roster composition differs
Stefano legacy,CF/ST,20,21,2020,2021,2730,2755,66.48827838827839,65.43520871143376,-1.053069676844629,7.043718135184089,7.08222858982572,0.07471862680574115,1.0653233830845765,population distribution of source-native overall; edition roster composition differs
Stefano legacy,CF/ST,21,22,2021,2022,2755,2750,65.43520871143376,65.98763636363637,0.5524276522026099,7.08222858982572,6.903584829936707,0.04570796898201618,0.584303482587065,population distribution of source-native overall; edition roster composition differs
Stefano legacy,CF/ST,22,23,2022,2023,2750,2624,65.98763636363637,65.96760670731707,-0.020029656319294986,6.903584829936707,6.850601010946011,0.009953159645232815,0.08937810945273662,population distribution of source-native overall; edition roster composition differs
Stefano legacy,LW/RW,15,16,2015,2016,700,629,65.76857142857143,66.76788553259142,0.9993141040199873,6.757272121989186,6.896015218565527,0.0722189416307063,0.9985323383084571,population distribution of source-native overall; edition roster composition differs
Stefano legacy,LW/RW,16,17,2016,2017,629,670,66.76788553259142,66.95671641791044,0.18883088531902104,6.896015218565527,6.896651228916287,0.01816671807892177,0.23925373134328318,population distribution of source-native overall; edition roster composition differs
Stefano legacy,LW/RW,17,18,2017,2018,670,644,66.95671641791044,66.95031055900621,-0.006405858904230399,6.896651228916287,7.399682083347162,0.047979048855103346,0.570671641791045,population distribution of source-native overall; edition roster composition differs
Stefano legacy,LW/RW,18,19,2018,2019,644,725,66.95031055900621,67.01241379310345,0.06210323409723628,7.399682083347162,7.221126884631489,0.022343114157207078,0.32067164179104507,population distribution of source-native overall; edition roster composition differs
Stefano legacy,LW/RW,19,20,2019,2020,725,754,67.01241379310345,66.96286472148542,-0.04954907161803135,7.221126884631489,7.318172596270771,0.031034482758620696,0.33539800995024927,population distribution of source-native overall; edition roster composition differs
Stefano legacy,LW/RW,20,21,2020,2021,754,855,66.96286472148542,66.33450292397661,-0.6283617975088021,7.318172596270771,7.40699307346391,0.04315231048443391,0.6317164179104469,population distribution of source-native overall; edition roster composition differs
Stefano legacy,LW/RW,21,22,2021,2022,855,930,66.33450292397661,65.69032258064516,-0.6441803433314561,7.40699307346391,7.231265219180892,0.06925108470099983,0.7277611940298515,population distribution of source-native overall; edition roster composition differs
Stefano legacy,LW/RW,22,23,2022,2023,930,962,65.69032258064516,66.63305613305613,0.9427335524109708,7.231265219180892,7.1469189103843895,0.07243645630742401,0.9783582089552241,population distribution of source-native overall; edition roster composition differs
Stefano legacy,LM/RM,15,16,2015,2016,1836,1885,64.43082788671023,65.63129973474801,1.200471848037779,6.869869451909632,6.6219133569517545,0.07338089376628931,1.2259203980099505,population distribution of source-native overall; edition roster composition differs
Stefano legacy,LM/RM,16,17,2016,2017,1885,2012,65.63129973474801,66.53976143141153,0.9084616966635224,6.6219133569517545,6.6784950226929665,0.075411984327457,0.9074129353233833,population distribution of source-native overall; edition roster composition differs
Stefano legacy,LM/RM,17,18,2017,2018,2012,2109,66.53976143141153,66.5149359886202,-0.02482544279133947,6.6784950226929665,6.467073092538714,0.019592968504760888,0.210895522388058,population distribution of source-native overall; edition roster composition differs
Stefano legacy,LM/RM,18,19,2018,2019,2109,2099,66.5149359886202,66.31395902810863,-0.20097696051156788,6.467073092538714,6.642655302051686,0.03334085571241113,0.2913930348258681,population distribution of source-native overall; edition roster composition differs
Stefano legacy,LM/RM,19,20,2019,2020,2099,2122,66.31395902810863,66.23421300659754,-0.07974602151108456,6.642655302051686,6.394234713844992,0.019278063832739334,0.2863184079601974,population distribution of source-native overall; edition roster composition differs
Stefano legacy,LM/RM,20,21,2020,2021,2122,2129,66.23421300659754,66.3583842179427,0.12417121134515696,6.394234713844992,6.460253622202441,0.014657777852544795,0.16139303482586978,population distribution of source-native overall; edition roster composition differs
Stefano legacy,LM/RM,21,22,2021,2022,2129,2044,66.3583842179427,66.00391389432485,-0.35447032361784636,6.460253622202441,6.501917852276523,0.02219076052537,0.3799004975124373,population distribution of source-native overall; edition roster composition differs
Stefano legacy,LM/RM,22,23,2022,2023,2044,1845,66.00391389432485,65.82384823848238,-0.18006565584246914,6.501917852276523,6.410516033391291,0.02876738845666338,0.24592039800994828,population distribution of source-native overall; edition roster composition differs
Stefano legacy,GK,15,16,2015,2016,1778,1822,62.72159730033746,63.944566410537874,1.2229691102004168,7.675915566780238,7.664457479583735,0.07579465574487054,1.2297014925373146,population distribution of source-native overall; edition roster composition differs
Stefano legacy,GK,16,17,2016,2017,1822,1989,63.944566410537874,64.31221719457014,0.36765078403226426,7.664457479583735,7.9282577881042995,0.029038967890908263,0.388084577114427,population distribution of source-native overall; edition roster composition differs
Stefano legacy,GK,17,18,2017,2018,1989,2016,64.31221719457014,64.68055555555556,0.36833836098541894,7.9282577881042995,7.698248801642679,0.03523396538102419,0.39706467661691464,population distribution of source-native overall; edition roster composition differs
Stefano legacy,GK,18,19,2018,2019,2016,2029,64.68055555555556,64.56234598324298,-0.11820957231257978,7.698248801642679,7.662720211612762,0.01854508437184632,0.21492537313432683,population distribution of source-native overall; edition roster composition differs
Stefano legacy,GK,19,20,2019,2020,2029,2061,64.56234598324298,64.73410965550704,0.17176367226406342,7.662720211612762,7.608133371399348,0.02491768435798347,0.23751243781094653,population distribution of source-native overall; edition roster composition differs
Stefano legacy,GK,20,21,2020,2021,2061,2077,64.73410965550704,64.54838709677419,-0.1857225587328486,7.608133371399348,7.623683642793634,0.022146159842661106,0.2201990049751261,population distribution of source-native overall; edition roster composition differs
Stefano legacy,GK,21,22,2021,2022,2077,2132,64.54838709677419,64.41979362101313,-0.12859347576106472,7.623683642793634,7.565761870284975,0.016550651692213758,0.1798258706467653,population distribution of source-native overall; edition roster composition differs
Stefano legacy,GK,22,23,2022,2023,2132,2066,64.41979362101313,64.44482090997096,0.025027288957829796,7.565761870284975,7.521000272799779,0.009320019106811017,0.15039800995024863,population distribution of source-native overall; edition roster composition differs
Stefano legacy,CM,15,16,2015,2016,1955,1950,62.49002557544757,64.11333333333333,1.6233077578857618,7.775512598088229,7.723953861065151,0.0994452095219358,1.6256716417910448,population distribution of source-native overall; edition roster composition differs
Stefano legacy,CM,16,17,2016,2017,1950,2005,64.11333333333333,65.0498753117207,0.9365419783873676,7.723953861065151,7.904953226971835,0.05957542042330066,0.9470646766169163,population distribution of source-native overall; edition roster composition differs
Stefano legacy,CM,17,18,2017,2018,2005,2002,65.0498753117207,65.45604395604396,0.40616864432325883,7.904953226971835,7.692083448993494,0.036601303932974755,0.4293034825870636,population distribution of source-native overall; edition roster composition differs
Stefano legacy,CM,18,19,2018,2019,2002,2179,65.45604395604396,65.34465351078477,-0.11139044525918962,7.692083448993494,7.664073917328841,0.01121182626460282,0.17482587064676525,population distribution of source-native overall; edition roster composition differs
Stefano legacy,CM,19,20,2019,2020,2179,2213,65.34465351078477,65.71125169453231,0.3665981837475414,7.664073917328841,7.407708696995439,0.03155785818166962,0.4076119402985068,population distribution of source-native overall; edition roster composition differs
Stefano legacy,CM,20,21,2020,2021,2213,2232,65.71125169453231,64.44489247311827,-1.2663592214140351,7.407708696995439,7.585097330406213,0.08508050344413187,1.2755223880597015,population distribution of source-native overall; edition roster composition differs
Stefano legacy,CM,21,22,2021,2022,2232,2173,64.44489247311827,65.31155085135757,0.8666583782392934,7.585097330406213,7.2618527474816785,0.06504456782242807,0.8683582089552238,population distribution of source-native overall; edition roster composition differs
Stefano legacy,CM,22,23,2022,2023,2173,2209,65.31155085135757,65.34993209597103,0.03838124461346126,7.2618527474816785,7.24506364751844,0.012953117991765684,0.13412935323383116,population distribution of source-native overall; edition roster composition differs
Stefano legacy,CDM,15,16,2015,2016,1182,1288,65.15820642978004,66.222049689441,1.0638432596609562,6.75141242336356,6.8359488764186365,0.09510015659320448,1.0692786069651758,population distribution of source-native overall; edition roster composition differs
Stefano legacy,CDM,16,17,2016,2017,1288,1406,66.222049689441,67.28307254623044,1.0610228567894495,6.8359488764186365,6.475873658036484,0.07412774003163014,1.043208955223881,population distribution of source-native overall; edition roster composition differs
Stefano legacy,CDM,17,18,2017,2018,1406,1478,67.28307254623044,67.46278755074425,0.17971500451380962,6.475873658036484,6.406053321495405,0.0310961912699681,0.2877611940298512,population distribution of source-native overall; edition roster composition differs
Stefano legacy,CDM,18,19,2018,2019,1478,1411,67.46278755074425,67.42097802976612,-0.041809520978134174,6.406053321495405,6.443668517386295,0.01801714539444088,0.1637562189054732,population distribution of source-native overall; edition roster composition differs
Stefano legacy,CDM,19,20,2019,2020,1411,1443,67.42097802976612,67.33749133749134,-0.08348669227477501,6.443668517386295,6.599766985882378,0.021977600999571245,0.2168656716417927,population distribution of source-native overall; edition roster composition differs
Stefano legacy,CDM,20,21,2020,2021,1443,1512,67.33749133749134,66.94576719576719,-0.39172414172415415,6.599766985882378,6.554086779402586,0.03881216381216385,0.4121144278606952,population distribution of source-native overall; edition roster composition differs
Stefano legacy,CDM,21,22,2021,2022,1512,1665,66.94576719576719,66.74894894894895,-0.19681824681823912,6.554086779402586,6.452462372386488,0.029114829114829155,0.26639303482587073,population distribution of source-native overall; edition roster composition differs
Stefano legacy,CDM,22,23,2022,2023,1665,1562,66.74894894894895,66.44174135723432,-0.3072075917146293,6.452462372386488,6.494319317321242,0.022385253371168923,0.3258208955223878,population distribution of source-native overall; edition roster composition differs
Stefano legacy,CB,15,16,2015,2016,2702,2790,64.37564766839378,66.24767025089606,1.8720225825022823,6.948305408128396,6.899063877504628,0.12956657619870054,1.868532338308456,population distribution of source-native overall; edition roster composition differs
Stefano legacy,CB,16,17,2016,2017,2790,2930,66.24767025089606,66.81194539249147,0.5642751415954024,6.899063877504628,6.994180465163205,0.04698643375292061,0.5905970149253732,population distribution of source-native overall; edition roster composition differs
Stefano legacy,CB,17,18,2017,2018,2930,3030,66.81194539249147,66.9029702970297,0.09102490453823009,6.994180465163205,6.822827953007862,0.017525540949999432,0.1806965174129336,population distribution of source-native overall; edition roster composition differs
Stefano legacy,CB,18,19,2018,2019,3030,3082,66.9029702970297,66.76670992861779,-0.1362603684119108,6.822827953007862,6.677498716625663,0.01932138703811981,0.2543532338308458,population distribution of source-native overall; edition roster composition differs
Stefano legacy,CB,19,20,2019,2020,3082,3197,66.76670992861779,66.62840162652486,-0.13830830209292344,6.677498716625663,6.727097783081798,0.016122857716422634,0.15656716417910582,population distribution of source-native overall; edition roster composition differs
Stefano legacy,CB,20,21,2020,2021,3197,3241,66.62840162652486,65.59950632520827,-1.0288953013165951,6.727097783081798,6.7164127562017315,0.06665246663192903,1.0374129353233852,population distribution of source-native overall; edition roster composition differs
Stefano legacy,CB,21,22,2021,2022,3241,3339,65.59950632520827,65.88200059898173,0.2824942737734659,6.7164127562017315,6.649247418745896,0.030967226125953068,0.30507462686567244,population distribution of source-native overall; edition roster composition differs
Stefano legacy,CB,22,23,2022,2023,3339,3272,65.88200059898173,66.21026894865525,0.3282683496735217,6.649247418745896,6.447581922054426,0.028110494555343923,0.3470895522388058,population distribution of source-native overall; edition roster composition differs
Stefano legacy,CAM,15,16,2015,2016,987,1094,65.15298885511652,66.41316270566728,1.260173850550757,7.197594631057431,7.276169466118107,0.09124282954459156,1.2872388059701494,population distribution of source-native overall; edition roster composition differs
Stefano legacy,CAM,16,17,2016,2017,1094,1110,66.41316270566728,67.48828828828829,1.0751255826210127,7.276169466118107,7.029112418674733,0.0964359240410429,1.077611940298508,population distribution of source-native overall; edition roster composition differs
Stefano legacy,CAM,17,18,2017,2018,1110,1138,67.48828828828829,66.94288224956064,-0.5454060387276485,7.029112418674733,6.978833637034971,0.04184835098719103,0.5502238805970157,population distribution of source-native overall; edition roster composition differs
Stefano legacy,CAM,18,19,2018,2019,1138,1073,66.94288224956064,67.21062441752098,0.26774216796033556,6.978833637034971,7.044817179850816,0.02314274155374696,0.3056218905472642,population distribution of source-native overall; edition roster composition differs
Stefano legacy,CAM,19,20,2019,2020,1073,1159,67.21062441752098,66.82916307161346,-0.38146134590751046,7.044817179850816,7.325547993011276,0.038627154720100476,0.5220398009950266,population distribution of source-native overall; edition roster composition differs
Stefano legacy,CAM,20,21,2020,2021,1159,1145,66.82916307161346,65.71877729257642,-1.1103857790370455,7.325547993011276,7.266928514398008,0.07403008918243775,1.1101990049751254,population distribution of source-native overall; edition roster composition differs
Stefano legacy,CAM,21,22,2021,2022,1145,1151,65.71877729257642,66.26846220677672,0.5496849142002986,7.266928514398008,7.123464071688068,0.050689167194655105,0.602636815920398,population distribution of source-native overall; edition roster composition differs
Stefano legacy,CAM,22,23,2022,2023,1151,1040,66.26846220677672,66.33365384615385,0.06519163937713301,7.123464071688068,6.972005982401267,0.02408440820691038,0.27455223880597057,population distribution of source-native overall; edition roster composition differs
Stefano legacy,LB/RB,15,16,2015,2016,2397,2559,62.970796829370045,65.1410707307542,2.1702739013841494,6.561285035532561,6.567117437992978,0.15920398739925495,2.1769154228855707,population distribution of source-native overall; edition roster composition differs
Stefano legacy,LB/RB,16,17,2016,2017,2559,2742,65.1410707307542,65.82749817651349,0.6864274457592927,6.567117437992978,6.583509631303037,0.05161899093857614,0.6874626865671656,population distribution of source-native overall; edition roster composition differs
Stefano legacy,LB/RB,17,18,2017,2018,2742,2724,65.82749817651349,66.0737885462555,0.24629036974201313,6.583509631303037,6.41407022155012,0.030645016178422135,0.32393034825870654,population distribution of source-native overall; edition roster composition differs
Stefano legacy,LB/RB,18,19,2018,2019,2724,2680,66.0737885462555,65.89141791044776,-0.18237063580774304,6.41407022155012,6.330140015544335,0.029747189164310628,0.3396766169154231,population distribution of source-native overall; edition roster composition differs
Stefano legacy,LB/RB,19,20,2019,2020,2680,2643,65.89141791044776,65.84752175558079,-0.04389615486697096,6.330140015544335,6.270046964708602,0.01153144606140688,0.08579601990049832,population distribution of source-native overall; edition roster composition differs
Stefano legacy,LB/RB,20,21,2020,2021,2643,2753,65.84752175558079,66.35415909916455,0.5066373435837619,6.270046964708602,6.3555992194142155,0.03640949459874476,0.49437810945273636,population distribution of source-native overall; edition roster composition differs
Stefano legacy,LB/RB,21,22,2021,2022,2753,2706,66.35415909916455,65.86326681448632,-0.49089228467822466,6.3555992194142155,6.426611362134114,0.03041793552367389,0.500323383084576,population distribution of source-native overall; edition roster composition differs
Stefano legacy,LB/RB,22,23,2022,2023,2706,2350,65.86326681448632,65.87234042553192,0.009073611045593566,6.426611362134114,6.40490842785569,0.01179129122045569,0.1337313432835829,population distribution of source-native overall; edition roster composition differs
Stefano legacy,LWB/RWB,18,19,2018,2019,87,104,65.5632183908046,64.96153846153847,-0.6016799292661261,6.186193655294927,7.327402568602797,0.10311671087533153,1.247189054726368,population distribution of source-native overall; edition roster composition differs
Stefano legacy,LWB/RWB,19,20,2019,2020,104,161,64.96153846153847,65.19875776397515,0.2372193024366851,7.327402568602797,6.586094777603991,0.07865504061156237,0.9031592039800996,population distribution of source-native overall; edition roster composition differs
Stefano legacy,LWB/RWB,20,21,2020,2021,161,188,65.19875776397515,65.54787234042553,0.3491145764503756,6.586094777603991,6.527588403589932,0.05801506541562046,0.5832835820895522,population distribution of source-native overall; edition roster composition differs
Stefano legacy,LWB/RWB,21,22,2021,2022,188,349,65.54787234042553,66.01146131805157,0.46358897762604556,6.527588403589932,6.395278110077562,0.05064622325184415,0.49850746268656726,population distribution of source-native overall; edition roster composition differs
Stefano legacy,LWB/RWB,22,23,2022,2023,349,603,66.01146131805157,65.34825870646766,-0.6632026115839125,6.395278110077562,6.288643805688857,0.03966794489824038,0.6844278606965176,population distribution of source-native overall; edition roster composition differs
Mzafram SoFIFA,all_players,FIFA07,FIFA08,2007,2008,10907,12800,64.79444393508756,63.789375,-1.0050689350875572,9.123979969275178,9.253758336988005,0.05091904138397357,1.0246268656716417,population distribution of source-native overall; edition roster composition differs
Mzafram SoFIFA,all_players,FIFA08,FIFA09,2008,2009,12800,16198,63.789375,62.32578096061242,-1.46359403938758,9.253758336988005,8.678448134567398,0.08668526785714292,1.4975124378109452,population distribution of source-native overall; edition roster composition differs
Mzafram SoFIFA,all_players,FIFA09,FIFA10,2009,2010,16198,16700,62.32578096061242,62.891676646706586,0.5658956860941657,8.678448134567398,8.45567181314473,0.03410494235630479,0.5984328358208948,population distribution of source-native overall; edition roster composition differs
Mzafram SoFIFA,all_players,FIFA10,FIFA11,2010,2011,16700,15204,62.891676646706586,63.91890292028413,1.027226273577547,8.45567181314473,7.623468518382575,0.0622613967014668,1.0583582089552246,population distribution of source-native overall; edition roster composition differs
Mzafram SoFIFA,all_players,FIFA11,FIFA12,2011,2012,15204,14455,63.91890292028413,64.31802144586648,0.3991185255823453,7.623468518382575,7.424673290010369,0.021311551121057093,0.4178358208955224,population distribution of source-native overall; edition roster composition differs
Mzafram SoFIFA,all_players,FIFA12,FIFA13,2012,2013,14455,14975,64.31802144586648,64.10010016694491,-0.21792127892156543,7.424673290010369,7.396651093726168,0.01688563147734401,0.21393034825870647,population distribution of source-native overall; edition roster composition differs
Mzafram SoFIFA,all_players,FIFA13,FIFA14,2013,2014,14975,16607,64.10010016694491,63.938820979105195,-0.1612791878397175,7.396651093726168,7.202629611006527,0.015237354403220937,0.24950248756218724,population distribution of source-native overall; edition roster composition differs
Mzafram SoFIFA,all_players,FIFA14,FIFA15,2014,2015,16607,16423,63.938820979105195,63.72562869146928,-0.2131922876359127,7.202629611006527,7.191078127287767,0.0137743624520055,0.28288557213930526,population distribution of source-native overall; edition roster composition differs
Mzafram SoFIFA,all_players,FIFA15,FIFA16,2015,2016,16423,17026,63.72562869146928,65.19399741571713,1.4683687242478527,7.191078127287767,7.175045453134438,0.09966207182414633,1.4776616915422884,population distribution of source-native overall; edition roster composition differs
Mzafram SoFIFA,all_players,FIFA16,FIFA17,2016,2017,17026,17540,65.19399741571713,66.14686431014823,0.9528668944310965,7.175045453134438,7.011229295464791,0.05801830884175935,0.9655721393034822,population distribution of source-native overall; edition roster composition differs
Mzafram SoFIFA,all_players,FIFA17,FIFA18,2017,2018,17540,17943,66.14686431014823,66.23201248397704,0.0851481738288129,7.011229295464791,6.926864268110092,0.009947889589045134,0.08880597014925554,population distribution of source-native overall; edition roster composition differs
Mzafram SoFIFA,all_players,FIFA18,FIFA19,2018,2019,17943,17958,66.23201248397704,66.29173627352712,0.059723789550076845,6.926864268110092,6.922094416872957,0.008384171363157111,0.06084577114428096,population distribution of source-native overall; edition roster composition differs
Mzafram SoFIFA,all_players,FIFA19,FIFA20,2019,2020,17958,18490,66.29173627352712,66.88848025959979,0.5967439860726671,6.922094416872957,6.158884441243335,0.05387424933763181,0.6406467661691518,population distribution of source-native overall; edition roster composition differs
Mzafram SoFIFA,all_players,FIFA20,FIFA21,2020,2021,18490,18483,66.88848025959979,66.1934209814424,-0.6950592781573874,6.158884441243335,6.507357153762301,0.041391673058022105,0.7014925373134329,population distribution of source-native overall; edition roster composition differs
Mzafram SoFIFA,all_players,FIFA21,FIFA22,2021,2022,18483,18474,66.1934209814424,66.34648695463895,0.15306597319654713,6.507357153762301,6.232317791114321,0.016925597755735513,0.2668407960198925,population distribution of source-native overall; edition roster composition differs
Mzafram SoFIFA,all_players,FIFA22,FIFA23,2022,2023,18474,18462,66.34648695463895,65.92449355432781,-0.42199340031113763,6.232317791114321,6.630443014216112,0.033550986763925685,0.4310199004975045,population distribution of source-native overall; edition roster composition differs
Mzafram SoFIFA,all_players,FIFA23,FC24,2023,2024,18462,18508,65.92449355432781,65.91457748000865,-0.009916074319164636,6.630443014216112,6.688877489713455,0.007143470555949161,0.0845771144278607,population distribution of source-native overall; edition roster composition differs
Mzafram SoFIFA,all_players,FC24,FC25,2024,2025,18508,18507,65.91457748000865,65.82044631760955,-0.09413116239909414,6.688877489713455,6.810158133405518,0.013084938485941833,0.14164179104478192,population distribution of source-native overall; edition roster composition differs
Mzafram SoFIFA,CF/ST,FIFA07,FIFA08,2007,2008,2336,2744,65.64597602739725,65.02478134110787,-0.6211946862893853,9.21824942742789,9.214568791506892,0.04354581852310391,0.6702238805970147,population distribution of source-native overall; edition roster composition differs
Mzafram SoFIFA,CF/ST,FIFA08,FIFA09,2008,2009,2744,3458,65.02478134110787,62.87651821862348,-2.148263122484387,9.214568791506892,8.564427237346548,0.12016648764769067,2.177139303482587,population distribution of source-native overall; edition roster composition differs
Mzafram SoFIFA,CF/ST,FIFA09,FIFA10,2009,2010,3458,3471,62.87651821862348,63.43589743589744,0.5593792172739569,8.564427237346548,8.235469506282225,0.03787992019807512,0.6069651741293549,population distribution of source-native overall; edition roster composition differs
Mzafram SoFIFA,CF/ST,FIFA10,FIFA11,2010,2011,3471,2973,63.43589743589744,64.3205516313488,0.8846541954513683,8.235469506282225,7.661952826915061,0.05689959273333234,0.932786069651739,population distribution of source-native overall; edition roster composition differs
Mzafram SoFIFA,CF/ST,FIFA11,FIFA12,2011,2012,2973,2692,64.3205516313488,64.4869985141159,0.1664468827670902,7.661952826915061,7.58092901631253,0.01853431752538573,0.251119402985076,population distribution of source-native overall; edition roster composition differs
Mzafram SoFIFA,CF/ST,FIFA12,FIFA13,2012,2013,2692,2508,64.4869985141159,64.29385964912281,-0.19313886499308808,7.58092901631253,7.472768890831037,0.020544065824428692,0.2628855721393025,population distribution of source-native overall; edition roster composition differs
Mzafram SoFIFA,CF/ST,FIFA13,FIFA14,2013,2014,2508,2732,64.29385964912281,63.948755490483165,-0.34510415863964283,7.472768890831037,7.245557677961446,0.03135442426110535,0.3665920398009956,population distribution of source-native overall; edition roster composition differs
Mzafram SoFIFA,CF/ST,FIFA14,FIFA15,2014,2015,2732,2640,63.948755490483165,63.59583333333333,-0.352922157149834,7.245557677961446,7.337681755703214,0.033853542748125465,0.40437810945273744,population distribution of source-native overall; edition roster composition differs
Mzafram SoFIFA,CF/ST,FIFA15,FIFA16,2015,2016,2640,2629,63.59583333333333,64.86040319513123,1.264569861797895,7.337681755703214,7.233427116387095,0.0799670343603398,1.3040298507462675,population distribution of source-native overall; edition roster composition differs
Mzafram SoFIFA,CF/ST,FIFA16,FIFA17,2016,2017,2629,2658,64.86040319513123,66.0308502633559,1.170447068224675,7.233427116387095,7.021237006681214,0.07146070869542442,1.1856716417910445,population distribution of source-native overall; edition roster composition differs
Mzafram SoFIFA,CF/ST,FIFA17,FIFA18,2017,2018,2658,2655,66.0308502633559,66.18719397363465,0.1563437102787475,7.021237006681214,7.072398394924892,0.018992233232582145,0.1904975124378119,population distribution of source-native overall; edition roster composition differs
Mzafram SoFIFA,CF/ST,FIFA18,FIFA19,2018,2019,2655,2588,66.18719397363465,66.54868624420402,0.3614922705693715,7.072398394924892,7.093242575645601,0.02973960652817434,0.3696019900497499,population distribution of source-native overall; edition roster composition differs
Mzafram SoFIFA,CF/ST,FIFA19,FIFA20,2019,2020,2588,2696,66.54868624420402,67.1977002967359,0.6490140525318822,7.093242575645601,6.255313045635845,0.058460871678919835,0.7450248756218902,population distribution of source-native overall; edition roster composition differs
Mzafram SoFIFA,CF/ST,FIFA20,FIFA21,2020,2021,2696,2667,67.1977002967359,66.1758530183727,-1.0218472783631967,6.255313045635845,6.604373144539507,0.06693636589194896,1.0383582089552226,population distribution of source-native overall; edition roster composition differs
Mzafram SoFIFA,CF/ST,FIFA21,FIFA22,2021,2022,2667,2672,66.1758530183727,66.39633233532935,0.22047931695664147,6.604373144539507,6.309604528235258,0.02687257655667291,0.2805721393034836,population distribution of source-native overall; edition roster composition differs
Mzafram SoFIFA,CF/ST,FIFA22,FIFA23,2022,2023,2672,2632,66.39633233532935,66.05091185410335,-0.3454204812260002,6.309604528235258,6.634027880273225,0.032539404473727315,0.3576616915422888,population distribution of source-native overall; edition roster composition differs
Mzafram SoFIFA,CF/ST,FIFA23,FC24,2023,2024,2632,2616,66.05091185410335,66.03249235474006,-0.018419499363290015,6.634027880273225,6.6566698217190385,0.008265711125363673,0.05281094527363217,population distribution of source-native overall; edition roster composition differs
Mzafram SoFIFA,CF/ST,FC24,FC25,2024,2025,2616,2549,66.03249235474006,65.60965084346803,-0.4228415112720256,6.6566698217190385,6.749470798291033,0.03059588637626076,0.4279104477611933,population distribution of source-native overall; edition roster composition differs
Mzafram SoFIFA,CM,FIFA07,FIFA08,2007,2008,1109,1305,63.471596032461676,61.87356321839081,-1.5980328140708693,9.465344471536866,10.048927734149386,0.07896106049770427,1.6159203980099504,population distribution of source-native overall; edition roster composition differs
Mzafram SoFIFA,CM,FIFA08,FIFA09,2008,2009,1305,1688,61.87356321839081,60.029620853080566,-1.843942365310241,10.048927734149386,9.555603023637344,0.0945969748143306,1.9118407960199,population distribution of source-native overall; edition roster composition differs
Mzafram SoFIFA,CM,FIFA09,FIFA10,2009,2010,1688,1829,60.029620853080566,60.760524876981954,0.7309040239013882,9.555603023637344,9.564065865279593,0.041770099425008866,0.7423880597014917,population distribution of source-native overall; edition roster composition differs
Mzafram SoFIFA,CM,FIFA10,FIFA11,2010,2011,1829,1723,60.760524876981954,62.31572838073128,1.5552035037493255,9.564065865279593,8.227406451882747,0.08770162281955735,1.676119402985075,population distribution of source-native overall; edition roster composition differs
Mzafram SoFIFA,CM,FIFA11,FIFA12,2011,2012,1723,1673,62.31572838073128,63.15361625821877,0.8378878774874892,8.227406451882747,7.974762966032154,0.04352317837603065,0.8559203980099507,population distribution of source-native overall; edition roster composition differs
Mzafram SoFIFA,CM,FIFA12,FIFA13,2012,2013,1673,1781,63.15361625821877,62.651319483436275,-0.5022967747824936,7.974762966032154,7.939781407797151,0.029028266422518628,0.5783084577114415,population distribution of source-native overall; edition roster composition differs
Mzafram SoFIFA,CM,FIFA13,FIFA14,2013,2014,1781,1932,62.651319483436275,62.36542443064182,-0.2858950527944515,7.939781407797151,7.7833637137021805,0.02327855683933122,0.38266169154228713,population distribution of source-native overall; edition roster composition differs
Mzafram SoFIFA,CM,FIFA14,FIFA15,2014,2015,1932,1913,62.36542443064182,62.61892315734448,0.2534987267026594,7.7833637137021805,7.752010850933259,0.021337876726635563,0.3283333333333328,population distribution of source-native overall; edition roster composition differs
Mzafram SoFIFA,CM,FIFA15,FIFA16,2015,2016,1913,1928,62.61892315734448,63.96732365145228,1.3484004941077998,7.752010850933259,7.775137968584188,0.08646073057677,1.3513930348258714,population distribution of source-native overall; edition roster composition differs
Mzafram SoFIFA,CM,FIFA16,FIFA17,2016,2017,1928,1963,63.96732365145228,65.29190015282731,1.3245765013750272,7.775137968584188,7.79610719677139,0.07144068799766634,1.3332338308457692,population distribution of source-native overall; edition roster composition differs
Mzafram SoFIFA,CM,FIFA17,FIFA18,2017,2018,1963,2123,65.29190015282731,65.44700894959962,0.1551087967723106,7.79610719677139,7.585865469773171,0.018473891342161597,0.251492537313433,population distribution of source-native overall; edition roster composition differs
Mzafram SoFIFA,CM,FIFA18,FIFA19,2018,2019,2123,2138,65.44700894959962,65.92282507015902,0.4758161205594007,7.585865469773171,7.332037740348924,0.036969588281404564,0.5142039800995032,population distribution of source-native overall; edition roster composition differs
Mzafram SoFIFA,CM,FIFA19,FIFA20,2019,2020,2138,2163,65.92282507015902,66.63846509477577,0.7156400246167465,7.332037740348924,6.416694004929352,0.06983185619875384,0.8034577114427837,population distribution of source-native overall; edition roster composition differs
Mzafram SoFIFA,CM,FIFA20,FIFA21,2020,2021,2163,2043,66.63846509477577,65.69162995594714,-0.9468351388286322,6.416694004929352,6.766134860153831,0.059025677476556404,0.9577611940298516,population distribution of source-native overall; edition roster composition differs
Mzafram SoFIFA,CM,FIFA21,FIFA22,2021,2022,2043,2106,65.69162995594714,66.09306742640076,0.40143747045362943,6.766134860153831,6.532036573456486,0.02777045655166066,0.40950248756219093,population distribution of source-native overall; edition roster composition differs
Mzafram SoFIFA,CM,FIFA22,FIFA23,2022,2023,2106,2203,66.09306742640076,65.70177031320927,-0.3912971131914986,6.532036573456486,6.901915208349739,0.04117863105607091,0.40348258706467843,population distribution of source-native overall; edition roster composition differs
Mzafram SoFIFA,CM,FIFA23,FC24,2023,2024,2203,2231,65.70177031320927,65.70327207530255,0.0015017620932837872,6.901915208349739,6.872455435183536,0.01093207929450346,0.1290049751243811,population distribution of source-native overall; edition roster composition differs
Mzafram SoFIFA,CM,FC24,FC25,2024,2025,2231,2155,65.70327207530255,65.49651972157773,-0.20675235372482348,6.872455435183536,6.992296851954468,0.017874477022258584,0.2806965174129333,population distribution of source-native overall; edition roster composition differs
Mzafram SoFIFA,CDM,FIFA07,FIFA08,2007,2008,759,898,64.93017127799736,64.15701559020044,-0.7731556877969155,8.264827700201035,8.333583865692331,0.04986634036696974,0.8036815920398013,population distribution of source-native overall; edition roster composition differs
Mzafram SoFIFA,CDM,FIFA08,FIFA09,2008,2009,898,1167,64.15701559020044,63.43873179091688,-0.7182837992835616,8.333583865692331,7.960989360940847,0.07423904974016327,0.8441791044776111,population distribution of source-native overall; edition roster composition differs
Mzafram SoFIFA,CDM,FIFA09,FIFA10,2009,2010,1167,1233,63.43873179091688,64.03000811030009,0.5912763193832049,7.960989360940847,7.9587281758292745,0.060554127392173585,0.680696517412936,population distribution of source-native overall; edition roster composition differs
Mzafram SoFIFA,CDM,FIFA10,FIFA11,2010,2011,1233,1116,64.03000811030009,65.06720430107526,1.0371961907751768,7.9587281758292745,6.9511840922555015,0.06853203568532037,1.099825870646765,population distribution of source-native overall; edition roster composition differs
Mzafram SoFIFA,CDM,FIFA11,FIFA12,2011,2012,1116,1027,65.06720430107526,65.77994157740993,0.7127372763346642,6.9511840922555015,6.761932134337148,0.044895352367790076,0.7203233830845771,population distribution of source-native overall; edition roster composition differs
Mzafram SoFIFA,CDM,FIFA12,FIFA13,2012,2013,1027,1108,65.77994157740993,65.39801444043322,-0.38192713697671365,6.761932134337148,6.93207605036345,0.03696670052974038,0.41957711442786016,population distribution of source-native overall; edition roster composition differs
Mzafram SoFIFA,CDM,FIFA13,FIFA14,2013,2014,1108,1240,65.39801444043322,65.37822580645161,-0.01978863398160513,6.93207605036345,6.6641561729448195,0.02118609526027715,0.2987810945273633,population distribution of source-native overall; edition roster composition differs
Mzafram SoFIFA,CDM,FIFA14,FIFA15,2014,2015,1240,1226,65.37822580645161,65.07177814029363,-0.3064476661579789,6.6641561729448195,6.70161551483597,0.027335157606693694,0.3267910447761202,population distribution of source-native overall; edition roster composition differs
Mzafram SoFIFA,CDM,FIFA15,FIFA16,2015,2016,1226,1385,65.07177814029363,66.23393501805054,1.1621568777569138,6.70161551483597,6.623784136321625,0.09952414885660266,1.180820895522388,population distribution of source-native overall; edition roster composition differs
Mzafram SoFIFA,CDM,FIFA16,FIFA17,2016,2017,1385,1468,66.23393501805054,67.3508174386921,1.1168824206415593,6.623784136321625,6.242724867652816,0.07547438003521578,1.1070646766169154,population distribution of source-native overall; edition roster composition differs
Mzafram SoFIFA,CDM,FIFA17,FIFA18,2017,2018,1468,1414,67.3508174386921,67.4024045261669,0.05158708747480034,6.242724867652816,6.463477625550415,0.02257109712528277,0.25537313432835884,population distribution of source-native overall; edition roster composition differs
Mzafram SoFIFA,CDM,FIFA18,FIFA19,2018,2019,1414,1398,67.4024045261669,67.58726752503577,0.1848629988688657,6.463477625550415,6.420352416464872,0.017970711847395737,0.2924875621890544,population distribution of source-native overall; edition roster composition differs
Mzafram SoFIFA,CDM,FIFA19,FIFA20,2019,2020,1398,1488,67.58726752503577,67.55443548387096,-0.03283204116480931,6.420352416464872,5.886561532046433,0.03315508329872163,0.4816915422885571,population distribution of source-native overall; edition roster composition differs
Mzafram SoFIFA,CDM,FIFA20,FIFA21,2020,2021,1488,1595,67.55443548387096,67.1962382445141,-0.3581972393568549,5.886561532046433,6.065141545095904,0.04542336602959518,0.38129353233830937,population distribution of source-native overall; edition roster composition differs
Mzafram SoFIFA,CDM,FIFA21,FIFA22,2021,2022,1595,1587,67.1962382445141,67.03843730308759,-0.15780094142651535,6.065141545095904,5.89247570175071,0.02505861693659106,0.2179104477611924,population distribution of source-native overall; edition roster composition differs
Mzafram SoFIFA,CDM,FIFA22,FIFA23,2022,2023,1587,1531,67.03843730308759,66.80470280862181,-0.23373449446577865,5.89247570175071,6.279189506778445,0.023567547723028832,0.27243781094527403,population distribution of source-native overall; edition roster composition differs
Mzafram SoFIFA,CDM,FIFA23,FC24,2023,2024,1531,1473,66.80470280862181,66.90020366598777,0.09550085736596259,6.279189506778445,6.350282637139451,0.01992139814283933,0.15104477611940306,population distribution of source-native overall; edition roster composition differs
Mzafram SoFIFA,CDM,FC24,FC25,2024,2025,1473,1447,66.90020366598777,67.13683483068418,0.236631164696405,6.350282637139451,6.5527948269346,0.027928654504884354,0.38796019900497536,population distribution of source-native overall; edition roster composition differs
Mzafram SoFIFA,GK,FIFA07,FIFA08,2007,2008,1145,1323,63.90043668122271,62.66893424036281,-1.2315024408598987,9.71842214904001,9.610596365855319,0.04951628395171753,1.249203980099504,population distribution of source-native overall; edition roster composition differs
Mzafram SoFIFA,GK,FIFA08,FIFA09,2008,2009,1323,1732,62.66893424036281,61.59988452655889,-1.0690497138039206,9.610596365855319,9.212393749779945,0.06452591300826205,1.099900497512437,population distribution of source-native overall; edition roster composition differs
Mzafram SoFIFA,GK,FIFA09,FIFA10,2009,2010,1732,1811,61.59988452655889,61.95913859745997,0.3592540709010805,9.212393749779945,8.913256937302807,0.022598299078125328,0.4214925373134342,population distribution of source-native overall; edition roster composition differs
Mzafram SoFIFA,GK,FIFA10,FIFA11,2010,2011,1811,1708,61.95913859745997,62.84836065573771,0.8892220582777384,8.913256937302807,8.321543293923554,0.053379878623607824,0.9245771144278603,population distribution of source-native overall; edition roster composition differs
Mzafram SoFIFA,GK,FIFA11,FIFA12,2011,2012,1708,1561,62.84836065573771,63.22549647661755,0.3771358208798432,8.321543293923554,8.007308690597325,0.028738408544333724,0.4354228855721409,population distribution of source-native overall; edition roster composition differs
Mzafram SoFIFA,GK,FIFA12,FIFA13,2012,2013,1561,1660,63.22549647661755,62.86746987951807,-0.3580265970994816,8.007308690597325,7.9722728605050746,0.031078703024783327,0.40512437810945434,population distribution of source-native overall; edition roster composition differs
Mzafram SoFIFA,GK,FIFA13,FIFA14,2013,2014,1660,1847,62.86746987951807,62.885219274499185,0.017749394981116495,7.9722728605050746,7.7262890331108744,0.01126900672533121,0.2006965174129351,population distribution of source-native overall; edition roster composition differs
Mzafram SoFIFA,GK,FIFA14,FIFA15,2014,2015,1847,1829,62.885219274499185,62.62657189721159,-0.2586473772875948,7.7262890331108744,7.663292485963281,0.023737457310378463,0.28552238805970104,population distribution of source-native overall; edition roster composition differs
Mzafram SoFIFA,GK,FIFA15,FIFA16,2015,2016,1829,1922,62.62657189721159,63.52809573361082,0.9015238363992282,7.663292485963281,7.860350547768919,0.06678248293620703,0.8989303482587058,population distribution of source-native overall; edition roster composition differs
Mzafram SoFIFA,GK,FIFA16,FIFA17,2016,2017,1922,1992,63.52809573361082,64.49146586345381,0.9633701298429926,7.860350547768919,7.756712824075678,0.05760607466285533,0.9759452736318394,population distribution of source-native overall; edition roster composition differs
Mzafram SoFIFA,GK,FIFA17,FIFA18,2017,2018,1992,2041,64.49146586345381,64.50661440470358,0.015148541249772052,7.756712824075678,7.652937192700727,0.017637674657473623,0.15084577114427744,population distribution of source-native overall; edition roster composition differs
Mzafram SoFIFA,GK,FIFA18,FIFA19,2018,2019,2041,2062,64.50661440470358,64.50678952473326,0.00017512002968089746,7.652937192700727,7.686807224638553,0.013922874002445518,0.11097014925373123,population distribution of source-native overall; edition roster composition differs
Mzafram SoFIFA,GK,FIFA19,FIFA20,2019,2020,2062,1960,64.50678952473326,66.03469387755102,1.5279043528177567,7.686807224638553,6.549405675495098,0.11802539638551833,1.5547263681592045,population distribution of source-native overall; edition roster composition differs
Mzafram SoFIFA,GK,FIFA20,FIFA21,2020,2021,1960,2025,66.03469387755102,65.05975308641975,-0.9749407911312744,6.549405675495098,7.1697502367622405,0.0824930713025951,0.9727611940298514,population distribution of source-native overall; edition roster composition differs
Mzafram SoFIFA,GK,FIFA21,FIFA22,2021,2022,2025,1988,65.05975308641975,65.31891348088531,0.2591603944655674,7.1697502367622405,6.798915793149181,0.03593660729810964,0.3356716417910449,population distribution of source-native overall; edition roster composition differs
Mzafram SoFIFA,GK,FIFA22,FIFA23,2022,2023,1988,2023,65.31891348088531,64.52941176470588,-0.78950171617943,6.798915793149181,7.354856893299118,0.06121504111172223,0.8043283582089564,population distribution of source-native overall; edition roster composition differs
Mzafram SoFIFA,GK,FIFA23,FC24,2023,2024,2023,2065,64.52941176470588,64.43486682808717,-0.09454493661871766,7.354856893299118,7.375421835955846,0.013393433145940326,0.13651741293532338,population distribution of source-native overall; edition roster composition differs
Mzafram SoFIFA,GK,FC24,FC25,2024,2025,2065,2065,64.43486682808717,64.29443099273608,-0.1404358353510844,7.375421835955846,7.51047649099252,0.020338983050847442,0.18666666666666798,population distribution of source-native overall; edition roster composition differs
Mzafram SoFIFA,CB,FIFA07,FIFA08,2007,2008,1933,2252,65.40455250905329,64.1265541740675,-1.2779983349857957,8.938128419705063,9.087665895597926,0.06309365521157714,1.290920398009952,population distribution of source-native overall; edition roster composition differs
Mzafram SoFIFA,CB,FIFA08,FIFA09,2008,2009,2252,2767,64.1265541740675,62.887242500903504,-1.2393116731639893,9.087665895597926,8.284008649137297,0.0833365964382301,1.396840796019899,population distribution of source-native overall; edition roster composition differs
Mzafram SoFIFA,CB,FIFA09,FIFA10,2009,2010,2767,2844,62.887242500903504,63.32348804500703,0.436245544103528,8.284008649137297,8.098514193192447,0.034772003983049166,0.4491044776119402,population distribution of source-native overall; edition roster composition differs
Mzafram SoFIFA,CB,FIFA10,FIFA11,2010,2011,2844,2555,63.32348804500703,64.39530332681018,1.071815281803147,8.098514193192447,7.203574445410835,0.08290010761833205,1.1305472636815916,population distribution of source-native overall; edition roster composition differs
Mzafram SoFIFA,CB,FIFA11,FIFA12,2011,2012,2555,2439,64.39530332681018,64.46617466174662,0.0708713349364416,7.203574445410835,7.150951315662886,0.010839032069381416,0.15756218905472574,population distribution of source-native overall; edition roster composition differs
Mzafram SoFIFA,CB,FIFA12,FIFA13,2012,2013,2439,2549,64.46617466174662,64.49548842683406,0.029313765087437105,7.150951315662886,7.182298051656448,0.011207154048786472,0.1601492537313444,population distribution of source-native overall; edition roster composition differs
Mzafram SoFIFA,CB,FIFA13,FIFA14,2013,2014,2549,2819,64.49548842683406,64.31677899964527,-0.17870942718879235,7.182298051656448,7.00980199428259,0.017541117822498786,0.2878109452736328,population distribution of source-native overall; edition roster composition differs
Mzafram SoFIFA,CB,FIFA14,FIFA15,2014,2015,2819,2770,64.31677899964527,64.27039711191335,-0.04638188773191132,7.00980199428259,6.9275381138494225,0.011248708160074172,0.18922885572139564,population distribution of source-native overall; edition roster composition differs
Mzafram SoFIFA,CB,FIFA15,FIFA16,2015,2016,2770,2843,64.27039711191335,65.94794231445655,1.6775452025432003,6.9275381138494225,6.957544117114149,0.11599444325222125,1.679577114427862,population distribution of source-native overall; edition roster composition differs
Mzafram SoFIFA,CB,FIFA16,FIFA17,2016,2017,2843,2936,65.94794231445655,66.82765667574932,0.8797143612927698,6.957544117114149,6.8643630687700465,0.06091722486800122,0.8878606965174131,population distribution of source-native overall; edition roster composition differs
Mzafram SoFIFA,CB,FIFA17,FIFA18,2017,2018,2936,3077,66.82765667574932,66.8856028599285,0.05794618417917263,6.8643630687700465,6.618921189607334,0.017322974623182108,0.20840796019900434,population distribution of source-native overall; edition roster composition differs
Mzafram SoFIFA,CB,FIFA18,FIFA19,2018,2019,3077,3101,66.8856028599285,66.71815543373106,-0.16744742619744102,6.618921189607334,6.671246977136428,0.01567129477035567,0.18925373134328452,population distribution of source-native overall; edition roster composition differs
Mzafram SoFIFA,CB,FIFA19,FIFA20,2019,2020,3101,3215,66.71815543373106,67.21555209953344,0.49739666580238406,6.671246977136428,5.994025599807074,0.04385682038052241,0.5426865671641798,population distribution of source-native overall; edition roster composition differs
Mzafram SoFIFA,CB,FIFA20,FIFA21,2020,2021,3215,3187,67.21555209953344,66.30561656730468,-0.9099355322287579,5.994025599807074,6.21990916265405,0.061008832050500617,0.9207960199004983,population distribution of source-native overall; edition roster composition differs
Mzafram SoFIFA,CB,FIFA21,FIFA22,2021,2022,3187,3293,66.30561656730468,66.50895839659884,0.20334182929416045,6.21990916265405,5.96545846723911,0.020580686170882323,0.2736318407960199,population distribution of source-native overall; edition roster composition differs
Mzafram SoFIFA,CB,FIFA22,FIFA23,2022,2023,3293,3300,66.50895839659884,66.31878787878787,-0.19017051781096939,5.96545846723911,6.284483902811874,0.023606088212829786,0.2585820895522401,population distribution of source-native overall; edition roster composition differs
Mzafram SoFIFA,CB,FIFA23,FC24,2023,2024,3300,3302,66.31878787878787,66.43367655966081,0.11488868087293724,6.284483902811874,6.346280815067709,0.011263329846006975,0.1469651741293527,population distribution of source-native overall; edition roster composition differs
Mzafram SoFIFA,CB,FC24,FC25,2024,2025,3302,3373,66.43367655966081,66.19270678920842,-0.24096977045239498,6.346280815067709,6.468165116355055,0.02784017376741907,0.25888059701492266,population distribution of source-native overall; edition roster composition differs
Mzafram SoFIFA,LW/RW,FIFA07,FIFA08,2007,2008,457,527,66.31072210065645,65.11764705882354,-1.1930750418329126,9.630353802338755,10.115903825817712,0.07416988112390438,1.248308457711443,population distribution of source-native overall; edition roster composition differs
Mzafram SoFIFA,LW/RW,FIFA08,FIFA09,2008,2009,527,700,65.11764705882354,64.15142857142857,-0.9662184873949684,10.115903825817712,8.921718970453794,0.09605855245323935,1.5704228855721392,population distribution of source-native overall; edition roster composition differs
Mzafram SoFIFA,LW/RW,FIFA09,FIFA10,2009,2010,700,706,64.15142857142857,64.63031161473087,0.4788830433023037,8.921718970453794,8.207171545387455,0.05048968029138001,0.6201243781094543,population distribution of source-native overall; edition roster composition differs
Mzafram SoFIFA,LW/RW,FIFA10,FIFA11,2010,2011,706,704,64.63031161473087,65.89204545454545,1.2617338398145819,8.207171545387455,7.348836048699219,0.08694147566314708,1.2816666666666667,population distribution of source-native overall; edition roster composition differs
Mzafram SoFIFA,LW/RW,FIFA11,FIFA12,2011,2012,704,591,65.89204545454545,66.4077834179357,0.5157379633902508,7.348836048699219,7.0023834709748085,0.044050915243808664,0.5526119402985072,population distribution of source-native overall; edition roster composition differs
Mzafram SoFIFA,LW/RW,FIFA12,FIFA13,2012,2013,591,615,66.4077834179357,66.30243902439024,-0.10534439354546521,7.0023834709748085,6.794515523981939,0.027221328050843985,0.2822388059701484,population distribution of source-native overall; edition roster composition differs
Mzafram SoFIFA,LW/RW,FIFA13,FIFA14,2013,2014,615,641,66.30243902439024,65.85179407176287,-0.45064495262737125,6.794515523981939,6.98191562304114,0.04842535164821228,0.45900497512437777,population distribution of source-native overall; edition roster composition differs
Mzafram SoFIFA,LW/RW,FIFA14,FIFA15,2014,2015,641,650,65.85179407176287,65.58615384615385,-0.2656402256090189,6.98191562304114,7.019059260286116,0.025397815912636505,0.2925621890547262,population distribution of source-native overall; edition roster composition differs
Mzafram SoFIFA,LW/RW,FIFA15,FIFA16,2015,2016,650,608,65.58615384615385,66.75164473684211,1.165490890688261,7.019059260286116,6.944978585856015,0.07322368421052633,1.1660696517412927,population distribution of source-native overall; edition roster composition differs
Mzafram SoFIFA,LW/RW,FIFA16,FIFA17,2016,2017,608,666,66.75164473684211,66.92792792792793,0.17628319108581536,6.944978585856015,7.117687284722047,0.031462383436067665,0.5484328358208951,population distribution of source-native overall; edition roster composition differs
Mzafram SoFIFA,LW/RW,FIFA17,FIFA18,2017,2018,666,656,66.92792792792793,67.17225609756098,0.24432816963305015,7.117687284722047,7.416150703126738,0.03601772504211531,0.4789800995024866,population distribution of source-native overall; edition roster composition differs
Mzafram SoFIFA,LW/RW,FIFA18,FIFA19,2018,2019,656,688,67.17225609756098,66.96366279069767,-0.2085933068633068,7.416150703126738,7.194160621579184,0.02782898468519568,0.2916666666666651,population distribution of source-native overall; edition roster composition differs
Mzafram SoFIFA,LW/RW,FIFA19,FIFA20,2019,2020,688,777,66.96366279069767,67.48777348777348,0.5241106970758125,7.194160621579184,6.775318012276799,0.03595372781419294,0.6209452736318397,population distribution of source-native overall; edition roster composition differs
Mzafram SoFIFA,LW/RW,FIFA20,FIFA21,2020,2021,777,888,67.48777348777348,66.14076576576576,-1.3470077220077172,6.775318012276799,6.872340130775124,0.09539897039897038,1.3459701492537313,population distribution of source-native overall; edition roster composition differs
Mzafram SoFIFA,LW/RW,FIFA21,FIFA22,2021,2022,888,902,66.14076576576576,66.74833702882484,0.6075712630590715,6.872340130775124,6.793425844653837,0.03721709514392435,0.6299502487562191,population distribution of source-native overall; edition roster composition differs
Mzafram SoFIFA,LW/RW,FIFA22,FIFA23,2022,2023,902,856,66.74833702882484,66.53738317757009,-0.21095385125474309,6.793425844653837,7.2304202042350525,0.04659686677580454,0.5049004975124376,population distribution of source-native overall; edition roster composition differs
Mzafram SoFIFA,LW/RW,FIFA23,FC24,2023,2024,856,803,66.53738317757009,66.3760896637609,-0.16129351380919843,7.2304202042350525,7.3298398061275645,0.03423930121856128,0.28564676616915513,population distribution of source-native overall; edition roster composition differs
Mzafram SoFIFA,LW/RW,FC24,FC25,2024,2025,803,831,66.3760896637609,65.51985559566786,-0.8562340680930305,7.3298398061275645,7.229887025752212,0.06192482163007862,0.8662189054726366,population distribution of source-native overall; edition roster composition differs
Mzafram SoFIFA,CAM,FIFA07,FIFA08,2007,2008,701,777,66.74179743223966,66.18790218790218,-0.5538952443374825,8.779617925653138,8.75261066261274,0.03765534436005191,0.5950248756218903,population distribution of source-native overall; edition roster composition differs
Mzafram SoFIFA,CAM,FIFA08,FIFA09,2008,2009,777,943,66.18790218790218,64.04984093319194,-2.1380612547102373,8.75261066261274,8.890202017688505,0.11202506854680772,2.1399004975124374,population distribution of source-native overall; edition roster composition differs
Mzafram SoFIFA,CAM,FIFA09,FIFA10,2009,2010,943,998,64.04984093319194,64.53507014028057,0.48522920708862216,8.890202017688505,8.534162900831342,0.04715900517896876,0.6366417910447776,population distribution of source-native overall; edition roster composition differs
Mzafram SoFIFA,CAM,FIFA10,FIFA11,2010,2011,998,865,64.53507014028057,65.6543352601156,1.1192651198350347,8.534162900831342,8.089645579293528,0.05497584764905533,1.1308706467661673,population distribution of source-native overall; edition roster composition differs
Mzafram SoFIFA,CAM,FIFA11,FIFA12,2011,2012,865,914,65.6543352601156,66.77242888402625,1.118093623910653,8.089645579293528,7.528113988738284,0.06225952112925459,1.1306467661691546,population distribution of source-native overall; edition roster composition differs
Mzafram SoFIFA,CAM,FIFA12,FIFA13,2012,2013,914,899,66.77242888402625,66.14015572858732,-0.6322731554389378,7.528113988738284,7.759908114586639,0.05826921719488953,0.6577114427860706,population distribution of source-native overall; edition roster composition differs
Mzafram SoFIFA,CAM,FIFA13,FIFA14,2013,2014,899,1063,66.14015572858732,65.60301034807149,-0.537145380515824,7.759908114586639,7.274129105892152,0.04076233967500209,0.5894029850746266,population distribution of source-native overall; edition roster composition differs
Mzafram SoFIFA,CAM,FIFA14,FIFA15,2014,2015,1063,1009,65.60301034807149,64.81665014866203,-0.786360199409458,7.274129105892152,7.6387126467362165,0.07446807518784376,0.8732338308457728,population distribution of source-native overall; edition roster composition differs
Mzafram SoFIFA,CAM,FIFA15,FIFA16,2015,2016,1009,1041,64.81665014866203,66.56484149855908,1.7481913498970414,7.6387126467362165,7.184000876029243,0.13152806299500464,1.7725373134328368,population distribution of source-native overall; edition roster composition differs
Mzafram SoFIFA,CAM,FIFA16,FIFA17,2016,2017,1041,1088,66.56484149855908,66.90257352941177,0.3377320308526919,7.184000876029243,6.9330883425196355,0.0407713878058428,0.45572139303482606,population distribution of source-native overall; edition roster composition differs
Mzafram SoFIFA,CAM,FIFA17,FIFA18,2017,2018,1088,1035,66.90257352941177,67.32657004830918,0.4239965188974111,6.9330883425196355,6.8713238268897,0.03828324808184147,0.4376616915422875,population distribution of source-native overall; edition roster composition differs
Mzafram SoFIFA,CAM,FIFA18,FIFA19,2018,2019,1035,1049,67.32657004830918,67.11916110581507,-0.20740894249411213,6.8713238268897,7.300972476704646,0.03341300433354977,0.447562189054727,population distribution of source-native overall; edition roster composition differs
Mzafram SoFIFA,CAM,FIFA19,FIFA20,2019,2020,1049,1138,67.11916110581507,67.57820738137083,0.4590462755557638,7.300972476704646,6.61411519474567,0.05252135685337613,0.5622388059701515,population distribution of source-native overall; edition roster composition differs
Mzafram SoFIFA,CAM,FIFA20,FIFA21,2020,2021,1138,1089,67.57820738137083,66.6574839302112,-0.9207234511596312,6.61411519474567,6.925103819238069,0.059185883438959,0.9427363184079597,population distribution of source-native overall; edition roster composition differs
Mzafram SoFIFA,CAM,FIFA21,FIFA22,2021,2022,1089,1041,66.6574839302112,67.00192122958694,0.3444372993757412,6.925103819238069,6.3338133311363025,0.05090729141030423,0.5588059701492538,population distribution of source-native overall; edition roster composition differs
Mzafram SoFIFA,CAM,FIFA22,FIFA23,2022,2023,1041,1012,67.00192122958694,66.41106719367589,-0.5908540359110503,6.3338133311363025,6.715196915361887,0.03738993746511601,0.6019900497512439,population distribution of source-native overall; edition roster composition differs
Mzafram SoFIFA,CAM,FIFA23,FC24,2023,2024,1012,1028,66.41106719367589,65.97470817120623,-0.4363590224696594,6.715196915361887,7.210788394677285,0.04928792236354407,0.5895522388059704,population distribution of source-native overall; edition roster composition differs
Mzafram SoFIFA,CAM,FC24,FC25,2024,2025,1028,1154,65.97470817120623,66.41854419410745,0.44383602290122326,7.210788394677285,7.344036543389918,0.03933535191416759,0.4897014925373139,population distribution of source-native overall; edition roster composition differs
Mzafram SoFIFA,LB/RB,FIFA07,FIFA08,2007,2008,1163,1330,62.21152192605331,61.365413533834584,-0.8461083922187242,8.647782910923166,8.718591707973435,0.06870486620678956,0.864651741293531,population distribution of source-native overall; edition roster composition differs
Mzafram SoFIFA,LB/RB,FIFA08,FIFA09,2008,2009,1330,1737,61.365413533834584,60.426021876799076,-0.9393916570355074,8.718591707973435,8.078299317818114,0.07123118677522833,0.9947512437810945,population distribution of source-native overall; edition roster composition differs
Mzafram SoFIFA,LB/RB,FIFA09,FIFA10,2009,2010,1737,1784,60.426021876799076,61.05605381165919,0.6300319348601136,8.078299317818114,7.757044918174392,0.042064561599169714,0.6333830845771147,population distribution of source-native overall; edition roster composition differs
Mzafram SoFIFA,LB/RB,FIFA10,FIFA11,2010,2011,1784,1808,61.05605381165919,62.42367256637168,1.3676187547124883,7.757044918174392,6.763362176328092,0.0854547799515854,1.4051243781094513,population distribution of source-native overall; edition roster composition differs
Mzafram SoFIFA,LB/RB,FIFA11,FIFA12,2011,2012,1808,2126,62.42367256637168,63.2516462841016,0.8279737177299182,6.763362176328092,6.624463954884236,0.05351255837960689,0.8449502487562193,population distribution of source-native overall; edition roster composition differs
Mzafram SoFIFA,LB/RB,FIFA12,FIFA13,2012,2013,2126,2228,63.2516462841016,63.214991023339316,-0.03665526076228076,6.624463954884236,6.589734798356174,0.008265199099462744,0.12460199004975372,population distribution of source-native overall; edition roster composition differs
Mzafram SoFIFA,LB/RB,FIFA13,FIFA14,2013,2014,2228,2472,63.214991023339316,63.13025889967638,-0.08473212366293836,6.589734798356174,6.53581298610063,0.01799036098377227,0.1554477611940306,population distribution of source-native overall; edition roster composition differs
Mzafram SoFIFA,LB/RB,FIFA14,FIFA15,2014,2015,2472,2448,63.13025889967638,62.879901960784316,-0.250356938892061,6.53581298610063,6.544739542308986,0.026310362332635284,0.29589552238806016,population distribution of source-native overall; edition roster composition differs
Mzafram SoFIFA,LB/RB,FIFA15,FIFA16,2015,2016,2448,2646,62.879901960784316,65.0774754346183,2.1975734738339767,6.544739542308986,6.52992175538748,0.16317360277444315,2.2227363184079607,population distribution of source-native overall; edition roster composition differs
Mzafram SoFIFA,LB/RB,FIFA16,FIFA17,2016,2017,2646,2743,65.0774754346183,65.79766678818811,0.7201913535698168,6.52992175538748,6.444488132815582,0.04771067093341974,0.6993532338308449,population distribution of source-native overall; edition roster composition differs
Mzafram SoFIFA,LB/RB,FIFA17,FIFA18,2017,2018,2743,2652,65.79766678818811,66.0052790346908,0.20761224650269128,6.444488132815582,6.208965629078228,0.02461881580922562,0.2459701492537288,population distribution of source-native overall; edition roster composition differs
Mzafram SoFIFA,LB/RB,FIFA18,FIFA19,2018,2019,2652,2649,66.0052790346908,65.83503208758022,-0.1702469471105843,6.208965629078228,6.249768860120741,0.02211967633991485,0.20900497512437652,population distribution of source-native overall; edition roster composition differs
Mzafram SoFIFA,LB/RB,FIFA19,FIFA20,2019,2020,2649,2740,65.83503208758022,66.32518248175182,0.4901503941716072,6.249768860120741,5.632454910992599,0.04578769567361875,0.5208706467661692,population distribution of source-native overall; edition roster composition differs
Mzafram SoFIFA,LB/RB,FIFA20,FIFA21,2020,2021,2740,2648,66.32518248175182,66.31344410876133,-0.011738372990492962,5.632454910992599,6.072567252190351,0.031086400423401772,0.33425373134328434,population distribution of source-native overall; edition roster composition differs
Mzafram SoFIFA,LB/RB,FIFA21,FIFA22,2021,2022,2648,2431,66.31344410876133,66.34677087618265,0.033326767421314685,6.072567252190351,5.904584535090965,0.011574439422315744,0.15965174129353182,population distribution of source-native overall; edition roster composition differs
Mzafram SoFIFA,LB/RB,FIFA22,FIFA23,2022,2023,2431,2373,66.34677087618265,65.82638010956595,-0.5203907666166998,5.904584535090965,6.304617021524108,0.04026755822695438,0.5161194029850756,population distribution of source-native overall; edition roster composition differs
Mzafram SoFIFA,LB/RB,FIFA23,FC24,2023,2024,2373,2485,65.82638010956595,65.66438631790744,-0.16199379165850303,6.304617021524108,6.303590308731678,0.028779164663497225,0.2537313432835811,population distribution of source-native overall; edition roster composition differs
Mzafram SoFIFA,LB/RB,FC24,FC25,2024,2025,2485,2844,65.66438631790744,65.71518987341773,0.05080355551028504,6.303590308731678,6.380385505392449,0.016007012539371313,0.13910447761193637,population distribution of source-native overall; edition roster composition differs
Mzafram SoFIFA,LM/RM,FIFA07,FIFA08,2007,2008,887,1130,64.3630214205186,63.094690265486726,-1.2683311550318805,8.759540271908646,9.10931003582836,0.09291137472438665,1.2985323383084568,population distribution of source-native overall; edition roster composition differs
Mzafram SoFIFA,LM/RM,FIFA08,FIFA09,2008,2009,1130,1414,63.094690265486726,61.85997171145686,-1.2347185540298682,9.10931003582836,8.334768709902702,0.08902254321513059,1.3909203980099523,population distribution of source-native overall; edition roster composition differs
Mzafram SoFIFA,LM/RM,FIFA09,FIFA10,2009,2010,1414,1470,61.85997171145686,62.861224489795916,1.0012527783390581,8.334768709902702,8.161619561997142,0.06850542197076853,0.9896268656716427,population distribution of source-native overall; edition roster composition differs
Mzafram SoFIFA,LM/RM,FIFA10,FIFA11,2010,2011,1470,1325,62.861224489795916,63.77056603773585,0.9093415479399312,8.161619561997142,7.365921124966239,0.07448594532152486,0.9940049751243785,population distribution of source-native overall; edition roster composition differs
Mzafram SoFIFA,LM/RM,FIFA11,FIFA12,2011,2012,1325,1424,63.77056603773585,64.37780898876404,0.6072429510281978,7.365921124966239,7.13438120648664,0.031582043671825294,0.5876368159203994,population distribution of source-native overall; edition roster composition differs
Mzafram SoFIFA,LM/RM,FIFA12,FIFA13,2012,2013,1424,1609,64.37780898876404,64.39714108141703,0.019332092652987853,7.13438120648664,7.041704182442153,0.011598644562538007,0.15216417910447783,population distribution of source-native overall; edition roster composition differs
Mzafram SoFIFA,LM/RM,FIFA13,FIFA14,2013,2014,1609,1835,64.39714108141703,64.57874659400545,0.18160551258841906,7.041704182442153,6.807648011868458,0.02705117501519891,0.31592039800995164,population distribution of source-native overall; edition roster composition differs
Mzafram SoFIFA,LM/RM,FIFA14,FIFA15,2014,2015,1835,1899,64.57874659400545,64.30384412848868,-0.27490246551677444,6.807648011868458,6.718114357873577,0.018566777581202204,0.2740298507462694,population distribution of source-native overall; edition roster composition differs
Mzafram SoFIFA,LM/RM,FIFA15,FIFA16,2015,2016,1899,1991,64.30384412848868,65.59266700150678,1.2888228730181055,6.718114357873577,6.811911338345328,0.08851231277981036,1.2877114427860696,population distribution of source-native overall; edition roster composition differs
Mzafram SoFIFA,LM/RM,FIFA16,FIFA17,2016,2017,1991,1969,65.59266700150678,66.73539867953276,1.1427316780259815,6.811911338345328,6.4509377317654035,0.08959872498870614,1.1519900497512439,population distribution of source-native overall; edition roster composition differs
Mzafram SoFIFA,LM/RM,FIFA17,FIFA18,2017,2018,1969,2183,66.73539867953276,66.4493815849748,-0.28601709455796254,6.4509377317654035,6.316588717111153,0.034830528249712,0.3483084577114435,population distribution of source-native overall; edition roster composition differs
Mzafram SoFIFA,LM/RM,FIFA18,FIFA19,2018,2019,2183,2148,66.4493815849748,66.5195530726257,0.07017148765089587,6.316588717111153,6.299706577769435,0.012410526234974628,0.1315422885572138,population distribution of source-native overall; edition roster composition differs
Mzafram SoFIFA,LM/RM,FIFA19,FIFA20,2019,2020,2148,2151,66.5195530726257,66.81450488145049,0.29495180882479133,6.299706577769435,5.833302946631306,0.0335195530726257,0.36641791044776156,population distribution of source-native overall; edition roster composition differs
Mzafram SoFIFA,LM/RM,FIFA20,FIFA21,2020,2021,2151,2037,66.81450488145049,66.56750122729504,-0.24700365415544923,5.833302946631306,6.183575588606743,0.02599948374869654,0.3358208955223895,population distribution of source-native overall; edition roster composition differs
Mzafram SoFIFA,LM/RM,FIFA21,FIFA22,2021,2022,2037,1940,66.56750122729504,66.22628865979381,-0.3412125675012305,6.183575588606743,5.906298371463974,0.041924398625429515,0.394378109452737,population distribution of source-native overall; edition roster composition differs
Mzafram SoFIFA,LM/RM,FIFA22,FIFA23,2022,2023,1940,1934,66.22628865979381,65.97983453981385,-0.24645411997995836,5.906298371463974,6.25046900192946,0.033183189586242924,0.3679601990049755,population distribution of source-native overall; edition roster composition differs
Mzafram SoFIFA,LM/RM,FIFA23,FC24,2023,2024,1934,2047,65.97983453981385,66.17147044455301,0.19163590473915804,6.25046900192946,6.249526171544033,0.017760750592715535,0.2089054726368165,population distribution of source-native overall; edition roster composition differs
Mzafram SoFIFA,LM/RM,FC24,FC25,2024,2025,2047,2089,66.17147044455301,66.33987553853518,0.16840509398217307,6.249526171544033,6.432872747041295,0.0144979763494687,0.20398009950248755,population distribution of source-native overall; edition roster composition differs
Mzafram SoFIFA,LWB/RWB,FIFA07,FIFA08,2007,2008,389,486,66.05912596401028,65.58641975308642,-0.4727062109238602,8.05502287895783,7.160400701820996,0.04863689739439525,0.9165422885572153,population distribution of source-native overall; edition roster composition differs
Mzafram SoFIFA,LWB/RWB,FIFA08,FIFA09,2008,2009,486,570,65.58641975308642,64.78421052631579,-0.8022092267706284,7.160400701820996,7.25699395196362,0.06885423435131033,0.984825870646766,population distribution of source-native overall; edition roster composition differs
Mzafram SoFIFA,LWB/RWB,FIFA09,FIFA10,2009,2010,570,544,64.78421052631579,65.75183823529412,0.967627708978327,7.25699395196362,7.180127057515588,0.07827657378740971,1.0676119402985076,population distribution of source-native overall; edition roster composition differs
Mzafram SoFIFA,LWB/RWB,FIFA10,FIFA11,2010,2011,544,422,65.75183823529412,66.12322274881517,0.3713845135210505,7.180127057515588,6.508760486729076,0.03687796208530806,0.5517164179104479,population distribution of source-native overall; edition roster composition differs
Mzafram SoFIFA,LWB/RWB,FIFA17,FIFA18,2017,2018,57,107,65.70175438596492,66.40186915887851,0.7001147729135937,6.069668369450866,7.209624684755104,0.11903590752582394,1.16457711442786,population distribution of source-native overall; edition roster composition differs
Mzafram SoFIFA,LWB/RWB,FIFA18,FIFA19,2018,2019,107,137,66.40186915887851,66.73722627737226,0.3353571184937465,7.209624684755104,6.5838444973174255,0.08827341564908928,0.6725373134328362,population distribution of source-native overall; edition roster composition differs
Mzafram SoFIFA,LWB/RWB,FIFA19,FIFA20,2019,2020,137,162,66.73722627737226,65.5925925925926,-1.144633684779663,6.5838444973174255,5.717155853765177,0.12088852843110753,1.4264925373134327,population distribution of source-native overall; edition roster composition differs
Mzafram SoFIFA,LWB/RWB,FIFA20,FIFA21,2020,2021,162,304,65.5925925925926,65.77302631578948,0.18043372319688444,5.717155853765177,6.1972348502199885,0.07196231319038338,0.8149502487562181,population distribution of source-native overall; edition roster composition differs
Mzafram SoFIFA,LWB/RWB,FIFA21,FIFA22,2021,2022,304,514,65.77302631578948,66.34241245136187,0.5693861355723868,6.1972348502199885,5.854217178369633,0.07514591439688717,0.6109452736318413,population distribution of source-native overall; edition roster composition differs
Mzafram SoFIFA,LWB/RWB,FIFA22,FIFA23,2022,2023,514,598,66.34241245136187,64.98829431438126,-1.3541181369806026,5.854217178369633,6.277437175470127,0.11835821089754439,1.362661691542289,population distribution of source-native overall; edition roster composition differs
Mzafram SoFIFA,LWB/RWB,FIFA23,FC24,2023,2024,598,458,64.98829431438126,65.29475982532752,0.3064655109462535,6.277437175470127,6.467116590468884,0.04612901812446146,0.3960447761194038,population distribution of source-native overall; edition roster composition differs
lbenz FIFAIndex,all_players,05,06,2005,2006,10993,10176,62.87537523878832,63.613895440251575,0.7385202014632526,9.768191360525666,9.490509551092698,0.044289333349352644,0.8606965174129353,population distribution of source-native overall; edition roster composition differs
lbenz FIFAIndex,all_players,06,07,2006,2007,10176,10500,63.613895440251575,65.11571428571429,1.501818845462715,9.490509551092698,8.353159693837314,0.08182558400718776,1.7512437810945274,population distribution of source-native overall; edition roster composition differs
lbenz FIFAIndex,all_players,07,08,2007,2008,10500,10500,65.11571428571429,66.16114285714286,1.0454285714285732,8.353159693837314,7.26745744683081,0.10076190476190475,1.099502487562189,population distribution of source-native overall; edition roster composition differs
lbenz FIFAIndex,all_players,08,09,2008,2009,10500,10500,66.16114285714286,66.52866666666667,0.3675238095238029,7.26745744683081,6.470315892290866,0.09876190476190476,0.7064676616915423,population distribution of source-native overall; edition roster composition differs
lbenz FIFAIndex,all_players,09,10,2009,2010,10500,10500,66.52866666666667,67.37533333333333,0.846666666666664,6.470315892290866,6.180597993362419,0.07761904761904762,0.8529353233830871,population distribution of source-native overall; edition roster composition differs
lbenz FIFAIndex,all_players,10,11,2010,2011,10500,10478,67.37533333333333,67.54428326016415,0.16894992683081966,6.180597993362419,5.872889699226991,0.04708677592052281,0.3144776119403032,population distribution of source-native overall; edition roster composition differs
lbenz FIFAIndex,all_players,11,12,2011,2012,10478,10500,67.54428326016415,67.58209523809523,0.03781197793108504,5.872889699226991,5.872812532215612,0.013351875585126204,0.08840796019900715,population distribution of source-native overall; edition roster composition differs
lbenz FIFAIndex,all_players,12,13,2012,2013,10500,10500,67.58209523809523,67.61571428571429,0.03361904761905521,5.872812532215612,5.79517374851783,0.019428571428571434,0.12268656716418516,population distribution of source-native overall; edition roster composition differs
lbenz FIFAIndex,all_players,13,14,2013,2014,10500,10500,67.61571428571429,68.11866666666667,0.5029523809523795,5.79517374851783,5.327825799144689,0.08895238095238095,0.5539303482587004,population distribution of source-native overall; edition roster composition differs
lbenz FIFAIndex,all_players,14,15,2014,2015,10500,10500,68.11866666666667,67.85,-0.26866666666667527,5.327825799144689,5.369177909938488,0.027238095238095228,0.24875621890547264,population distribution of source-native overall; edition roster composition differs
lbenz FIFAIndex,all_players,15,16,2015,2016,10500,10499,67.85,69.55195732926946,1.7019573292694616,5.369177909938488,5.131162832182471,0.1839894955982202,1.6797014925373175,population distribution of source-native overall; edition roster composition differs
lbenz FIFAIndex,all_players,16,17,2016,2017,10499,10500,69.55195732926946,70.59847619047619,1.046518861206735,5.131162832182471,4.93438060588346,0.121257561944675,1.1212935323383044,population distribution of source-native overall; edition roster composition differs
lbenz FIFAIndex,all_players,17,18,2017,2018,10500,10500,70.59847619047619,70.72133333333333,0.12285714285714278,4.93438060588346,4.879311244655564,0.022476190476190483,0.12935323383084577,population distribution of source-native overall; edition roster composition differs
lbenz FIFAIndex,all_players,18,19,2018,2019,10500,10500,70.72133333333333,70.81438095238096,0.09304761904762415,4.879311244655564,4.897727640993471,0.010095238095238046,0.08955223880597014,population distribution of source-native overall; edition roster composition differs
lbenz FIFAIndex,all_players,19,20,2019,2020,10500,10500,70.81438095238096,71.09971428571428,0.2853333333333268,4.897727640993471,4.776117163184189,0.05476190476190476,0.2935323383084577,population distribution of source-native overall; edition roster composition differs
lbenz FIFAIndex,CF/ST,05,06,2005,2006,2341,2203,64.07005553182401,65.07353608715388,1.0034805553298725,9.827310951381753,9.431456795359994,0.05716138317074909,1.0588557213930365,population distribution of source-native overall; edition roster composition differs
lbenz FIFAIndex,CF/ST,06,07,2006,2007,2203,2269,65.07353608715388,65.74217717055971,0.6686410834058307,9.431456795359994,8.57343703965251,0.04289375019880537,0.9335820895522383,population distribution of source-native overall; edition roster composition differs
lbenz FIFAIndex,CF/ST,07,08,2007,2008,2269,2318,65.74217717055971,66.86540120793788,1.123224037378165,8.57343703965251,7.605513337180784,0.09057537709557222,1.1775621890547265,population distribution of source-native overall; edition roster composition differs
lbenz FIFAIndex,CF/ST,08,09,2008,2009,2318,2280,66.86540120793788,66.79078947368421,-0.07461173425366496,7.605513337180784,6.684795742098139,0.07840811044003451,0.8667910447761208,population distribution of source-native overall; edition roster composition differs
lbenz FIFAIndex,CF/ST,09,10,2009,2010,2280,2224,66.79078947368421,67.58723021582733,0.796440742143119,6.684795742098139,6.411372726800768,0.07373311876814338,0.8103233830845771,population distribution of source-native overall; edition roster composition differs
lbenz FIFAIndex,CF/ST,10,11,2010,2011,2224,2175,67.58723021582733,67.68091954022988,0.09368932440254696,6.411372726800768,6.069352373598482,0.038102828082361706,0.3853731343283584,population distribution of source-native overall; edition roster composition differs
lbenz FIFAIndex,CF/ST,11,12,2011,2012,2175,1955,67.68091954022988,67.77800511508951,0.09708557485963354,6.069352373598482,6.052018927996935,0.01853896581121204,0.18671641791044974,population distribution of source-native overall; edition roster composition differs
lbenz FIFAIndex,CF/ST,12,13,2012,2013,1955,1739,67.77800511508951,67.89016676250719,0.11216164741767898,6.052018927996935,6.019902865244619,0.02710791544659967,0.1870149253731361,population distribution of source-native overall; edition roster composition differs
lbenz FIFAIndex,CF/ST,13,14,2013,2014,1739,1698,67.89016676250719,68.24617196702002,0.3560052045128259,6.019902865244619,5.417172674622968,0.08327017341377163,0.6328855721393022,population distribution of source-native overall; edition roster composition differs
lbenz FIFAIndex,CF/ST,14,15,2014,2015,1698,1649,68.24617196702002,67.94057004244996,-0.3056019245700554,5.417172674622968,5.488958864328234,0.032629619550271716,0.3587064676616915,population distribution of source-native overall; edition roster composition differs
lbenz FIFAIndex,CF/ST,15,16,2015,2016,1649,1536,67.94057004244996,69.60872395833333,1.6681539158833658,5.488958864328234,5.19338541007222,0.18339595019708915,1.7037810945273628,population distribution of source-native overall; edition roster composition differs
lbenz FIFAIndex,CF/ST,16,17,2016,2017,1536,1534,69.60872395833333,70.77770534550196,1.1689813871686283,5.19338541007222,4.764684125184753,0.13336932312038244,1.134950248756219,population distribution of source-native overall; edition roster composition differs
lbenz FIFAIndex,CF/ST,17,18,2017,2018,1534,1549,70.77770534550196,70.93285990961911,0.15515456411715434,4.764684125184753,4.761518427393676,0.026223757094411743,0.17181592039800922,population distribution of source-native overall; edition roster composition differs
lbenz FIFAIndex,CF/ST,18,19,2018,2019,1549,1543,70.93285990961911,71.1704471808166,0.23758727119748357,4.761518427393676,4.967827301301598,0.027685789799368754,0.25079601990049805,population distribution of source-native overall; edition roster composition differs
lbenz FIFAIndex,CF/ST,19,20,2019,2020,1543,1585,71.1704471808166,71.34321766561514,0.17277048479854784,4.967827301301598,4.737879411567192,0.049954306719467795,0.2565671641791032,population distribution of source-native overall; edition roster composition differs
lbenz FIFAIndex,GK,05,06,2005,2006,1180,1071,63.108474576271185,64.09897292250234,0.9904983462311563,10.086159137533905,9.960965311865015,0.055179698998243376,1.1278358208955197,population distribution of source-native overall; edition roster composition differs
lbenz FIFAIndex,GK,06,07,2006,2007,1071,1086,64.09897292250234,64.54972375690608,0.45075083440373476,9.960965311865015,8.67580699390627,0.048851953304342,1.0644278606965178,population distribution of source-native overall; edition roster composition differs
lbenz FIFAIndex,GK,07,08,2007,2008,1086,1033,64.54972375690608,66.00677637947724,1.4570526225711689,8.67580699390627,6.957550208480515,0.14211142785321945,1.6419402985074636,population distribution of source-native overall; edition roster composition differs
lbenz FIFAIndex,GK,08,09,2008,2009,1033,1072,66.00677637947724,66.63432835820896,0.6275519787317165,6.957550208480515,6.527400393125957,0.09493974946179075,0.6680845771144281,population distribution of source-native overall; edition roster composition differs
lbenz FIFAIndex,GK,09,10,2009,2010,1072,1058,66.63432835820896,67.65689981096408,1.0225714527551162,6.527400393125957,6.114723517621748,0.09936376717546484,0.9939303482587069,population distribution of source-native overall; edition roster composition differs
lbenz FIFAIndex,GK,10,11,2010,2011,1058,1052,67.65689981096408,67.86692015209125,0.21002034112717638,6.114723517621748,5.724785085817232,0.05467666233010127,0.39818407960199087,population distribution of source-native overall; edition roster composition differs
lbenz FIFAIndex,GK,11,12,2011,2012,1052,1002,67.86692015209125,67.95908183632734,0.09216168423608906,5.724785085817232,5.613759325777505,0.04231461032308009,0.24875621890547212,population distribution of source-native overall; edition roster composition differs
lbenz FIFAIndex,GK,12,13,2012,2013,1002,1015,67.95908183632734,67.8847290640394,-0.0743527722879378,5.613759325777505,5.754374074189738,0.016639627149641623,0.1239303482587061,population distribution of source-native overall; edition roster composition differs
lbenz FIFAIndex,GK,13,14,2013,2014,1015,1022,67.8847290640394,68.39236790606654,0.5076388420271343,5.754374074189738,5.46753990673762,0.08524866725150146,0.5911442786069646,population distribution of source-native overall; edition roster composition differs
lbenz FIFAIndex,GK,14,15,2014,2015,1022,1028,68.39236790606654,68.03891050583658,-0.3534574002299564,5.46753990673762,5.3142898522769855,0.04804229137953353,0.4374626865671637,population distribution of source-native overall; edition roster composition differs
lbenz FIFAIndex,GK,15,16,2015,2016,1028,975,68.03891050583658,69.78256410256411,1.7436535967275262,5.3142898522769855,5.168534344621489,0.18295021450663473,1.7700497512437805,population distribution of source-native overall; edition roster composition differs
lbenz FIFAIndex,GK,16,17,2016,2017,975,969,69.78256410256411,70.88028895768834,1.097724855124227,5.168534344621489,5.13874711363846,0.1328570294514567,1.1029850746268657,population distribution of source-native overall; edition roster composition differs
lbenz FIFAIndex,GK,17,18,2017,2018,969,962,70.88028895768834,71.06756756756756,0.18727860987922895,5.13874711363846,4.880123045987603,0.027055991452276273,0.159378109452737,population distribution of source-native overall; edition roster composition differs
lbenz FIFAIndex,GK,18,19,2018,2019,962,976,71.06756756756756,71.09836065573771,0.03079308817014237,4.880123045987603,4.9280226408384085,0.01200112470604274,0.09845771144278617,population distribution of source-native overall; edition roster composition differs
lbenz FIFAIndex,GK,19,20,2019,2020,976,966,71.09836065573771,71.36853002070393,0.2701693649662218,4.9280226408384085,5.086905541101427,0.043894036588263255,0.3364427860696519,population distribution of source-native overall; edition roster composition differs
lbenz FIFAIndex,CAM,05,06,2005,2006,642,642,63.72274143302181,64.35514018691589,0.6323987538940798,11.098865254161248,10.646327086467945,0.04672897196261683,0.8569900497512435,population distribution of source-native overall; edition roster composition differs
lbenz FIFAIndex,CAM,06,07,2006,2007,642,675,64.35514018691589,66.70222222222222,2.347082035306329,10.646327086467945,8.655475395435403,0.1419522326064382,2.682587064676616,population distribution of source-native overall; edition roster composition differs
lbenz FIFAIndex,CAM,07,08,2007,2008,675,703,66.70222222222222,67.48221906116643,0.7799968389442142,8.655475395435403,7.5634375194026,0.0748411569464201,0.9881592039800995,population distribution of source-native overall; edition roster composition differs
lbenz FIFAIndex,CAM,08,09,2008,2009,703,650,67.48221906116643,67.76153846153846,0.2793194003720316,7.5634375194026,6.762571024684719,0.08500054710581026,0.6758457711442786,population distribution of source-native overall; edition roster composition differs
lbenz FIFAIndex,CAM,09,10,2009,2010,650,679,67.76153846153846,68.29307805596466,0.5315395944261923,6.762571024684719,6.241421502070986,0.07236886824515693,0.6214179104477613,population distribution of source-native overall; edition roster composition differs
lbenz FIFAIndex,CAM,10,11,2010,2011,679,651,68.29307805596466,68.93087557603687,0.6377975200722119,6.241421502070986,5.828829431024549,0.06717658796142328,0.6423383084577116,population distribution of source-native overall; edition roster composition differs
lbenz FIFAIndex,CAM,11,12,2011,2012,651,759,68.93087557603687,69.10144927536231,0.17057369932544475,5.828829431024549,6.167318813837284,0.04060035336332668,0.30427860696517456,population distribution of source-native overall; edition roster composition differs
lbenz FIFAIndex,CAM,12,13,2012,2013,759,710,69.10144927536231,68.92957746478874,-0.17187181057357748,6.167318813837284,6.25744389082444,0.04176733656219267,0.29445273631840774,population distribution of source-native overall; edition roster composition differs
lbenz FIFAIndex,CAM,13,14,2013,2014,710,765,68.92957746478874,69.00261437908497,0.07303691429623882,6.25744389082444,5.413852333282708,0.06938230691337569,0.8350995024875634,population distribution of source-native overall; edition roster composition differs
lbenz FIFAIndex,CAM,14,15,2014,2015,765,667,69.00261437908497,69.02848575712144,0.025871378036470105,5.413852333282708,5.543403601955657,0.027868418731810563,0.2754726368159215,population distribution of source-native overall; edition roster composition differs
lbenz FIFAIndex,CAM,15,16,2015,2016,667,725,69.02848575712144,70.28827586206897,1.2597901049475269,5.543403601955657,4.994445237886281,0.15436281859070466,1.3607462686567169,population distribution of source-native overall; edition roster composition differs
lbenz FIFAIndex,CAM,16,17,2016,2017,725,713,70.28827586206897,70.93688639551192,0.6486105334429482,4.994445237886281,4.6013840054374,0.09127629733520337,0.6741293532338294,population distribution of source-native overall; edition roster composition differs
lbenz FIFAIndex,CAM,17,18,2017,2018,713,679,70.93688639551192,71.32106038291606,0.38417398740413944,4.6013840054374,4.398421332227537,0.05496491623065847,0.5076616915422894,population distribution of source-native overall; edition roster composition differs
lbenz FIFAIndex,CAM,18,19,2018,2019,679,659,71.32106038291606,71.58573596358119,0.2646755806651271,4.398421332227537,4.7505140554133,0.029817123726983974,0.289751243781094,population distribution of source-native overall; edition roster composition differs
lbenz FIFAIndex,CAM,19,20,2019,2020,659,703,71.58573596358119,71.74537695590327,0.15964099232208184,4.7505140554133,4.559925393550464,0.04384202108026081,0.2584079601990048,population distribution of source-native overall; edition roster composition differs
lbenz FIFAIndex,CDM,05,06,2005,2006,664,658,62.26355421686747,62.632218844984806,0.3686646281173367,9.23821929818065,8.56736198775974,0.054061229721316856,0.7824129353233824,population distribution of source-native overall; edition roster composition differs
lbenz FIFAIndex,CDM,06,07,2006,2007,658,733,62.632218844984806,65.14597544338335,2.513756598398544,8.56736198775974,7.6770934262598685,0.16967369804733018,2.597238805970148,population distribution of source-native overall; edition roster composition differs
lbenz FIFAIndex,CDM,07,08,2007,2008,733,766,65.14597544338335,65.82767624020887,0.681700796825524,7.6770934262598685,6.803974155810277,0.0698709477486206,0.7526119402985078,population distribution of source-native overall; edition roster composition differs
lbenz FIFAIndex,CDM,08,09,2008,2009,766,827,65.82767624020887,66.34340991535672,0.5157336751478425,6.803974155810277,6.357019331509338,0.10109995232698009,0.6615174129353245,population distribution of source-native overall; edition roster composition differs
lbenz FIFAIndex,CDM,09,10,2009,2010,827,844,66.34340991535672,67.5308056872038,1.1873957718470791,6.357019331509338,6.041150263589396,0.11327701908915339,1.1800248756218916,population distribution of source-native overall; edition roster composition differs
lbenz FIFAIndex,CDM,10,11,2010,2011,844,826,67.5308056872038,67.47336561743342,-0.05744006977037941,6.041150263589396,5.867783966082877,0.03932616503907371,0.297363184079602,population distribution of source-native overall; edition roster composition differs
lbenz FIFAIndex,CDM,11,12,2011,2012,826,834,67.47336561743342,67.75179856115108,0.2784329437176609,5.867783966082877,5.953619931634673,0.030655378844624104,0.3199751243781086,population distribution of source-native overall; edition roster composition differs
lbenz FIFAIndex,CDM,12,13,2012,2013,834,853,67.75179856115108,67.73388042203986,-0.017918139111216647,5.953619931634673,6.168842678742892,0.021267862614949062,0.2823383084577117,population distribution of source-native overall; edition roster composition differs
lbenz FIFAIndex,CDM,13,14,2013,2014,853,905,67.73388042203986,68.11491712707182,0.38103670503195985,6.168842678742892,5.771529343248885,0.0818871321886355,0.4299502487562187,population distribution of source-native overall; edition roster composition differs
lbenz FIFAIndex,CDM,14,15,2014,2015,905,896,68.11491712707182,67.8125,-0.3024171270718199,5.771529343248885,6.007668091102999,0.025850927387529588,0.3019651741293543,population distribution of source-native overall; edition roster composition differs
lbenz FIFAIndex,CDM,15,16,2015,2016,896,955,67.8125,69.41151832460733,1.5990183246073286,6.007668091102999,5.281923465531993,0.17723214285714284,1.6530597014925381,population distribution of source-native overall; edition roster composition differs
lbenz FIFAIndex,CDM,16,17,2016,2017,955,1015,69.41151832460733,70.42660098522167,1.0150826606143397,5.281923465531993,4.9212799982405775,0.11375441673329378,0.9407960199004971,population distribution of source-native overall; edition roster composition differs
lbenz FIFAIndex,CDM,17,18,2017,2018,1015,970,70.42660098522167,70.44639175257731,0.019790767355644334,4.9212799982405775,5.044514461849452,0.028921842466101272,0.14888059701492543,population distribution of source-native overall; edition roster composition differs
lbenz FIFAIndex,CDM,18,19,2018,2019,970,958,70.44639175257731,70.6670146137787,0.22062286120139163,5.044514461849452,5.164797504129188,0.0337838710371694,0.26480099502487503,population distribution of source-native overall; edition roster composition differs
lbenz FIFAIndex,CDM,19,20,2019,2020,958,944,70.6670146137787,70.86122881355932,0.1942141997806175,5.164797504129188,4.890628033066291,0.06108241038887513,0.2426616915422878,population distribution of source-native overall; edition roster composition differs
lbenz FIFAIndex,CB,05,06,2005,2006,1971,1807,63.96144089294774,64.87603763143332,0.914596738485578,9.392967497595738,9.160809927794135,0.06496776586458264,1.0501990049751235,population distribution of source-native overall; edition roster composition differs
lbenz FIFAIndex,CB,06,07,2006,2007,1807,1889,64.87603763143332,65.66437268395977,0.788335052526449,9.160809927794135,8.240341966415455,0.051730184041063776,1.0222388059701497,population distribution of source-native overall; edition roster composition differs
lbenz FIFAIndex,CB,07,08,2007,2008,1889,1880,65.66437268395977,66.26170212765958,0.597329443699806,8.240341966415455,7.262379107031716,0.07725915997431941,0.8161940298507473,population distribution of source-native overall; edition roster composition differs
lbenz FIFAIndex,CB,08,09,2008,2009,1880,1894,66.26170212765958,66.59450897571277,0.3328068480531954,7.262379107031716,6.258197702730065,0.10481868835516413,0.9255223880597002,population distribution of source-native overall; edition roster composition differs
lbenz FIFAIndex,CB,09,10,2009,2010,1894,1850,66.59450897571277,67.29351351351352,0.6990045378007466,6.258197702730065,6.226604738871877,0.07154256685407688,0.8981840796019904,population distribution of source-native overall; edition roster composition differs
lbenz FIFAIndex,CB,10,11,2010,2011,1850,1876,67.29351351351352,67.49253731343283,0.19902379991931696,6.226604738871877,5.883322509767606,0.04888722411110471,0.27659203980099517,population distribution of source-native overall; edition roster composition differs
lbenz FIFAIndex,CB,11,12,2011,2012,1876,1817,67.49253731343283,67.3599339570721,-0.1326033563607325,5.883322509767606,5.921826236265575,0.016038996776476133,0.16524875621890506,population distribution of source-native overall; edition roster composition differs
lbenz FIFAIndex,CB,12,13,2012,2013,1817,1860,67.3599339570721,67.59784946236559,0.23791550529348626,5.921826236265575,5.7868590194225185,0.03285872376184304,0.25203980099502415,population distribution of source-native overall; edition roster composition differs
lbenz FIFAIndex,CB,13,14,2013,2014,1860,1851,67.59784946236559,68.10858995137764,0.5107404890120506,5.7868590194225185,5.2746897471381775,0.0905439082623168,0.6023383084577123,population distribution of source-native overall; edition roster composition differs
lbenz FIFAIndex,CB,14,15,2014,2015,1851,1892,68.10858995137764,67.74577167019028,-0.3628182811873586,5.2746897471381775,5.328962519033216,0.044110206128222806,0.39873134328358284,population distribution of source-native overall; edition roster composition differs
lbenz FIFAIndex,CB,15,16,2015,2016,1892,1868,67.74577167019028,69.7558886509636,2.0101169807733186,5.328962519033216,5.126070433197583,0.2006261006559797,2.098905472636816,population distribution of source-native overall; edition roster composition differs
lbenz FIFAIndex,CB,16,17,2016,2017,1868,1882,69.7558886509636,70.74760892667375,0.9917202757101506,5.126070433197583,4.8811112130171415,0.1156737900133577,0.9600000000000002,population distribution of source-native overall; edition roster composition differs
lbenz FIFAIndex,CB,17,18,2017,2018,1882,1902,70.74760892667375,70.81598317560463,0.06837424893087984,4.8811112130171415,4.828477243150723,0.027650853567641187,0.1612189054726378,population distribution of source-native overall; edition roster composition differs
lbenz FIFAIndex,CB,18,19,2018,2019,1902,1906,70.81598317560463,70.8074501573977,-0.008533018206932752,4.828477243150723,4.589916305715807,0.016892805165601377,0.13201492537313472,population distribution of source-native overall; edition roster composition differs
lbenz FIFAIndex,CB,19,20,2019,2020,1906,1914,70.8074501573977,71.11024033437826,0.3027901769805652,4.589916305715807,4.556491992035414,0.05764395775974457,0.3523631840796022,population distribution of source-native overall; edition roster composition differs
lbenz FIFAIndex,unresolved-fine-position,05,06,2005,2006,408,407,64.57107843137256,66.5012285012285,1.9301500698559408,10.64695698097033,9.40486431014605,0.10239919063448477,1.9711940298507478,population distribution of source-native overall; edition roster composition differs
lbenz FIFAIndex,unresolved-fine-position,06,07,2006,2007,407,468,66.5012285012285,66.76495726495726,0.2637287637287642,9.40486431014605,8.643725220177606,0.056547806547806556,0.8035572139303487,population distribution of source-native overall; edition roster composition differs
lbenz FIFAIndex,unresolved-fine-position,07,08,2007,2008,468,466,66.76495726495726,67.4656652360515,0.7007079710942463,8.643725220177606,7.79841937376638,0.08116906936649425,0.8945522388059698,population distribution of source-native overall; edition roster composition differs
lbenz FIFAIndex,unresolved-fine-position,08,09,2008,2009,466,503,67.4656652360515,67.35387673956262,-0.11178849648888445,7.79841937376638,7.004827920480449,0.09076016006962516,0.9182089552238808,population distribution of source-native overall; edition roster composition differs
lbenz FIFAIndex,unresolved-fine-position,09,10,2009,2010,503,518,67.35387673956262,67.81853281853282,0.4646560789701937,7.004827920480449,7.044664741652509,0.08597450048742294,0.9225870646766174,population distribution of source-native overall; edition roster composition differs
lbenz FIFAIndex,CM,05,06,2005,2006,1284,1108,60.82788161993769,61.4557761732852,0.6278945533475095,9.701019707377837,9.575410041671693,0.053105705320692365,0.8908457711442781,population distribution of source-native overall; edition roster composition differs
lbenz FIFAIndex,CM,06,07,2006,2007,1108,1060,61.4557761732852,63.949056603773585,2.493280430488383,9.575410041671693,8.553121964313302,0.12652067297867992,2.572587064676618,population distribution of source-native overall; edition roster composition differs
lbenz FIFAIndex,CM,07,08,2007,2008,1060,961,63.949056603773585,65.60353798126951,1.6544813774959266,8.553121964313302,7.413879323903964,0.1361239275126146,1.6430099502487554,population distribution of source-native overall; edition roster composition differs
lbenz FIFAIndex,CM,08,09,2008,2009,961,952,65.60353798126951,66.2626050420168,0.6590670607472902,7.413879323903964,6.787620709381775,0.11125381474129716,0.8349751243781093,population distribution of source-native overall; edition roster composition differs
lbenz FIFAIndex,CM,09,10,2009,2010,952,966,66.2626050420168,67.18944099378882,0.9268359517720199,6.787620709381775,6.4099376374243615,0.08744367312142248,1.0451990049751252,population distribution of source-native overall; edition roster composition differs
lbenz FIFAIndex,CM,10,11,2010,2011,966,1024,67.18944099378882,67.318359375,0.1289183812111787,6.4099376374243615,6.024544105851463,0.06565209303830227,0.4286069651741304,population distribution of source-native overall; edition roster composition differs
lbenz FIFAIndex,CM,11,12,2011,2012,1024,1099,67.318359375,67.56778889899908,0.24942952399908336,6.024544105851463,5.81232881611393,0.02545993516833485,0.3241044776119402,population distribution of source-native overall; edition roster composition differs
lbenz FIFAIndex,CM,12,13,2012,2013,1099,1108,67.56778889899908,67.37184115523466,-0.19594774376442103,5.81232881611393,5.880948976999817,0.025778275623063895,0.3976616915422878,population distribution of source-native overall; edition roster composition differs
lbenz FIFAIndex,CM,13,14,2013,2014,1108,1054,67.37184115523466,67.9696394686907,0.597798313456039,5.880948976999817,5.336230792708767,0.10446536830640023,0.7377363184079601,population distribution of source-native overall; edition roster composition differs
lbenz FIFAIndex,CM,14,15,2014,2015,1054,1083,67.9696394686907,68.04432132963989,0.07468186094918394,5.336230792708767,5.524884741712955,0.03392869970792356,0.2829601990049756,population distribution of source-native overall; edition roster composition differs
lbenz FIFAIndex,CM,15,16,2015,2016,1083,1045,68.04432132963989,69.46220095693779,1.417879627297907,5.524884741712955,5.560606223000494,0.17236632250482664,1.5230845771144277,population distribution of source-native overall; edition roster composition differs
lbenz FIFAIndex,CM,16,17,2016,2017,1045,1051,69.46220095693779,70.91912464319695,1.4569236862591595,5.560606223000494,5.560849759030002,0.15031480613132173,1.40771144278607,population distribution of source-native overall; edition roster composition differs
lbenz FIFAIndex,CM,17,18,2017,2018,1051,1096,70.91912464319695,71.08211678832117,0.1629921451242211,5.560849759030002,5.457082845572421,0.03401435546264592,0.20111940298507425,population distribution of source-native overall; edition roster composition differs
lbenz FIFAIndex,CM,18,19,2018,2019,1096,1177,71.08211678832117,71.09515717926934,0.013040390948162894,5.457082845572421,5.196834406348004,0.022316417466154814,0.2696766169154232,population distribution of source-native overall; edition roster composition differs
lbenz FIFAIndex,CM,19,20,2019,2020,1177,1171,71.09515717926934,71.29888983774552,0.20373265847618427,5.196834406348004,5.124861836615418,0.05859749961364526,0.23393034825870637,population distribution of source-native overall; edition roster composition differs
lbenz FIFAIndex,LB/RB,05,06,2005,2006,1204,1121,61.4858803986711,62.09634255129349,0.6104621526223895,8.795893407505224,8.259916593227999,0.057314156498854546,0.8239800995024864,population distribution of source-native overall; edition roster composition differs
lbenz FIFAIndex,LB/RB,06,07,2006,2007,1121,1090,62.09634255129349,63.06788990825688,0.9715473569633915,8.259916593227999,7.489869374958075,0.07902020640155821,1.1258955223880593,population distribution of source-native overall; edition roster composition differs
lbenz FIFAIndex,LB/RB,07,08,2007,2008,1090,1025,63.06788990825688,64.41073170731707,1.3428417990601886,7.489869374958075,6.531431094908009,0.1543343029760573,1.4003233830845774,population distribution of source-native overall; edition roster composition differs
lbenz FIFAIndex,LB/RB,08,09,2008,2009,1025,1005,64.41073170731707,65.1820895522388,0.771357844921738,6.531431094908009,5.668072194312684,0.14423977672612548,0.9711442786069645,population distribution of source-native overall; edition roster composition differs
lbenz FIFAIndex,LB/RB,09,10,2009,2010,1005,1022,65.1820895522388,65.85812133072407,0.6760317784852674,5.668072194312684,5.2891377440277,0.10467233305098772,0.7254477611940301,population distribution of source-native overall; edition roster composition differs
lbenz FIFAIndex,LB/RB,10,11,2010,2011,1022,1049,65.85812133072407,66.14013346043852,0.28201212971444534,5.2891377440277,5.236667703611815,0.08772496031072366,0.6095771144278606,population distribution of source-native overall; edition roster composition differs
lbenz FIFAIndex,LB/RB,11,12,2011,2012,1049,1483,66.14013346043852,66.4025623735671,0.2624289131285735,5.236667703611815,5.138189507143076,0.018271905234217845,0.28179104477611977,population distribution of source-native overall; edition roster composition differs
lbenz FIFAIndex,LB/RB,12,13,2012,2013,1483,1524,66.4025623735671,66.52296587926509,0.1204035056979933,5.138189507143076,5.133148166690495,0.025323747882829567,0.2950497512437816,population distribution of source-native overall; edition roster composition differs
lbenz FIFAIndex,LB/RB,13,14,2013,2014,1524,1478,66.52296587926509,67.28213802435724,0.7591721450921511,5.133148166690495,4.638147730869671,0.1200281290955004,0.8568159203980101,population distribution of source-native overall; edition roster composition differs
lbenz FIFAIndex,LB/RB,14,15,2014,2015,1478,1485,67.28213802435724,66.93265993265993,-0.34947809169730704,4.638147730869671,4.730107450553509,0.05131695848881235,0.35335820895522263,population distribution of source-native overall; edition roster composition differs
lbenz FIFAIndex,LB/RB,15,16,2015,2016,1485,1663,66.93265993265993,68.92483463619963,1.9921747035397033,4.730107450553509,4.6706053802343765,0.23401624989117475,2.0035820895522383,population distribution of source-native overall; edition roster composition differs
lbenz FIFAIndex,LB/RB,16,17,2016,2017,1663,1628,68.92483463619963,69.88452088452088,0.9596862483212476,4.6706053802343765,4.636033550356454,0.122955021932773,1.0687064676616913,population distribution of source-native overall; edition roster composition differs
lbenz FIFAIndex,LB/RB,17,18,2017,2018,1628,1553,69.88452088452088,69.9504185447521,0.06589766023121513,4.636033550356454,4.545766569856812,0.02539904536041046,0.20980099502487548,population distribution of source-native overall; edition roster composition differs
lbenz FIFAIndex,LB/RB,18,19,2018,2019,1553,1480,69.9504185447521,69.98716216216216,0.036743617410067486,4.545766569856812,4.791938337224039,0.01245061868049635,0.21320895522388006,population distribution of source-native overall; edition roster composition differs
lbenz FIFAIndex,LB/RB,19,20,2019,2020,1480,1463,69.98716216216216,70.42515379357485,0.43799163141268593,4.791938337224039,4.4255483296471505,0.07624235650551439,0.5321144278606978,population distribution of source-native overall; edition roster composition differs
lbenz FIFAIndex,LM/RM,05,06,2005,2006,1012,863,60.9604743083004,60.37891077636153,-0.581563531938869,9.48122854047363,9.155227354978983,0.023943271701345137,0.603109452736319,population distribution of source-native overall; edition roster composition differs
lbenz FIFAIndex,LM/RM,06,07,2006,2007,863,858,60.37891077636153,64.5932400932401,4.214329316878569,9.155227354978983,8.221655468293775,0.21635240001404543,4.229800995024875,population distribution of source-native overall; edition roster composition differs
lbenz FIFAIndex,LM/RM,07,08,2007,2008,858,904,64.5932400932401,65.51659292035399,0.923352827113888,8.221655468293775,7.300726650871565,0.10527157208573139,0.9632089552238804,population distribution of source-native overall; edition roster composition differs
lbenz FIFAIndex,LM/RM,08,09,2008,2009,904,880,65.51659292035399,65.94431818181818,0.42772526146418954,7.300726650871565,6.397644416547275,0.11812148028962188,0.8221890547263682,population distribution of source-native overall; edition roster composition differs
lbenz FIFAIndex,LM/RM,09,10,2009,2010,880,925,65.94431818181818,67.20324324324325,1.2589250614250744,6.397644416547275,5.884637835444611,0.09882063882063881,1.2436567164179102,population distribution of source-native overall; edition roster composition differs
lbenz FIFAIndex,LM/RM,10,11,2010,2011,925,905,67.20324324324325,67.33480662983425,0.1315633865909973,5.884637835444611,5.415299953039767,0.06165148573988353,0.3216915422885564,population distribution of source-native overall; edition roster composition differs
lbenz FIFAIndex,LM/RM,11,12,2011,2012,905,1052,67.33480662983425,67.33460076045627,-0.00020586937797872906,5.415299953039767,5.828034754457365,0.01839800012604248,0.23534825870646883,population distribution of source-native overall; edition roster composition differs
lbenz FIFAIndex,LM/RM,12,13,2012,2013,1052,1167,67.33460076045627,67.53898886032562,0.20438809986934814,5.828034754457365,5.388264884307168,0.029405775427553016,0.34047263681592155,population distribution of source-native overall; edition roster composition differs
lbenz FIFAIndex,LM/RM,13,14,2013,2014,1167,1249,67.53898886032562,68.05444355484387,0.5154546945182545,5.388264884307168,5.195790147689142,0.07477515860160279,0.5544278606965172,population distribution of source-native overall; edition roster composition differs
lbenz FIFAIndex,LM/RM,14,15,2014,2015,1249,1300,68.05444355484387,67.74615384615385,-0.30828970869002603,5.195790147689142,5.130919153616314,0.021411590811110423,0.3009701492537313,population distribution of source-native overall; edition roster composition differs
lbenz FIFAIndex,LM/RM,15,16,2015,2016,1300,1286,67.74615384615385,69.38569206842924,1.639538222275391,5.130919153616314,5.080127532814226,0.17988276109582485,1.6239054726368172,population distribution of source-native overall; edition roster composition differs
lbenz FIFAIndex,LM/RM,16,17,2016,2017,1286,1270,69.38569206842924,70.41574803149607,1.030055963066829,5.080127532814226,4.673975953308107,0.13106623724911523,1.054278606965174,population distribution of source-native overall; edition roster composition differs
lbenz FIFAIndex,LM/RM,17,18,2017,2018,1270,1329,70.41574803149607,70.30398796087283,-0.11176007062323379,4.673975953308107,4.554096615664423,0.027738575567444634,0.16014925373134264,population distribution of source-native overall; edition roster composition differs
lbenz FIFAIndex,LM/RM,18,19,2018,2019,1329,1303,70.30398796087283,70.39293937068304,0.08895140981020688,4.554096615664423,4.684096887854105,0.025789302570268124,0.13995024875621775,population distribution of source-native overall; edition roster composition differs
lbenz FIFAIndex,LM/RM,19,20,2019,2020,1303,1232,70.39293937068304,70.70454545454545,0.31160608386241506,4.684096887854105,4.614036192770233,0.06880600213293997,0.3948009950248746,population distribution of source-native overall; edition roster composition differs
lbenz FIFAIndex,LWB/RWB,05,06,2005,2006,287,296,63.56445993031359,63.152027027027025,-0.41243290328656457,8.907295974224514,9.402084081752866,0.03426640926640928,0.6065174129353242,population distribution of source-native overall; edition roster composition differs
lbenz FIFAIndex,LWB/RWB,06,07,2006,2007,296,372,63.152027027027025,65.6774193548387,2.52539232781168,9.402084081752866,7.198657715863633,0.1494841615809358,2.8252985074626866,population distribution of source-native overall; edition roster composition differs
lbenz FIFAIndex,LWB/RWB,07,08,2007,2008,372,444,65.6774193548387,66.09234234234235,0.414922987503644,7.198657715863633,5.901063800103487,0.06720430107526881,0.970273631840796,population distribution of source-native overall; edition roster composition differs
lbenz FIFAIndex,LWB/RWB,08,09,2008,2009,444,437,66.09234234234235,67.03661327231121,0.9442709299688659,5.901063800103487,5.662396373871692,0.09279073123466715,0.946268656716419,population distribution of source-native overall; edition roster composition differs
lbenz FIFAIndex,LWB/RWB,09,10,2009,2010,437,414,67.03661327231121,68.07004830917874,1.0334350368675302,5.662396373871692,5.297654343533555,0.10958555809814391,1.0876368159203977,population distribution of source-native overall; edition roster composition differs
lbenz FIFAIndex,LWB/RWB,10,11,2010,2011,414,381,68.07004830917874,68.33333333333333,0.2632850241545839,5.297654343533555,5.37337332198246,0.05013503746814263,0.5300746268656719,population distribution of source-native overall; edition roster composition differs
lbenz FIFAIndex,LWB/RWB,18,19,2018,2019,61,75,70.98360655737704,71.46666666666667,0.4830601092896245,6.189604726060868,4.602414825091522,0.034316939890710385,0.6231343283582094,population distribution of source-native overall; edition roster composition differs
lbenz FIFAIndex,LWB/RWB,19,20,2019,2020,75,66,71.46666666666667,70.9090909090909,-0.557575757575762,4.602414825091522,5.806807062789567,0.05575757575757567,0.6508457711442786,population distribution of source-native overall; edition roster composition differs
lbenz FIFAIndex,LW/RW,11,12,2011,2012,530,491,67.97924528301887,68.31568228105907,0.3364369980401989,6.701277222405767,6.389921616231308,0.02995427122161165,0.460174129353234,population distribution of source-native overall; edition roster composition differs
lbenz FIFAIndex,LW/RW,12,13,2012,2013,491,508,68.31568228105907,68.22834645669292,-0.08733582436614995,6.389921616231308,5.833232213207023,0.039145565052840836,0.43199004975124344,population distribution of source-native overall; edition roster composition differs
lbenz FIFAIndex,LW/RW,13,14,2013,2014,508,465,68.22834645669292,68.81075268817204,0.5824062314791263,5.833232213207023,5.840412829082006,0.08975531284395902,0.8283084577114426,population distribution of source-native overall; edition roster composition differs
lbenz FIFAIndex,LW/RW,14,15,2014,2015,465,478,68.81075268817204,68.68619246861925,-0.12456021955279084,5.840412829082006,5.36315667489224,0.03176766995096053,0.4126865671641792,population distribution of source-native overall; edition roster composition differs
lbenz FIFAIndex,LW/RW,15,16,2015,2016,478,423,68.68619246861925,70.21040189125296,1.524209422633703,5.36315667489224,5.22728661643862,0.15129529066144398,1.5200995024875616,population distribution of source-native overall; edition roster composition differs
lbenz FIFAIndex,LW/RW,16,17,2016,2017,423,406,70.21040189125296,71.0320197044335,0.8216178131805378,5.22728661643862,5.812883547140495,0.08018027460433917,0.8914427860696523,population distribution of source-native overall; edition roster composition differs
lbenz FIFAIndex,LW/RW,17,18,2017,2018,406,399,71.0320197044335,71.62155388471177,0.5895341802782781,5.812883547140495,5.711057435717474,0.057730533229625736,0.5435820895522387,population distribution of source-native overall; edition roster composition differs
lbenz FIFAIndex,LW/RW,18,19,2018,2019,399,423,71.62155388471177,71.31914893617021,-0.3024049485415645,5.711057435717474,5.189987381067807,0.04518388169004073,0.5092039800995026,population distribution of source-native overall; edition roster composition differs
lbenz FIFAIndex,LW/RW,19,20,2019,2020,423,456,71.31914893617021,71.8859649122807,0.5668159761104903,5.189987381067807,5.224367286344682,0.07729874331218112,0.8483084577114435,population distribution of source-native overall; edition roster composition differs
