source,edition,year,attribute,n_nonnull,row_count,nonnull_pct,mean,std_pop,median,drift_universe,reference_2017_24_mean,reference_2017_24_std,z_vs_reference
Mzafram SoFIFA,FC24,2024,pace,18508,18508,1.0,68.32526475037821,10.191488167475521,69.0,all players in single retrieved source snapshot; composition-confounded,68.06696238807608,10.573185092118438,0.024429948029064397
Mzafram SoFIFA,FC24,2024,shooting,18508,18508,1.0,53.899340825588936,13.678597683146318,56.0,all players in single retrieved source snapshot; composition-confounded,53.82602256989675,13.699417261244536,0.005351925143531647
Mzafram SoFIFA,FC24,2024,passing,18508,18508,1.0,58.13323968013832,9.669605265486103,59.0,all players in single retrieved source snapshot; composition-confounded,58.063836059729326,9.889874297157089,0.0070176443424505115
Mzafram SoFIFA,FC24,2024,dribbling,18508,18508,1.0,63.276961314026366,9.200620087869785,64.0,all players in single retrieved source snapshot; composition-confounded,63.14857601228592,9.682664312510836,0.013259294920981518
Mzafram SoFIFA,FC24,2024,defending,18508,18508,1.0,50.315485195591094,16.36225566730014,54.0,all players in single retrieved source snapshot; composition-confounded,50.24930411770352,16.50351883303833,0.004010119208946512
Mzafram SoFIFA,FC24,2024,physical,18508,18508,1.0,64.7356278366112,9.581161239215112,66.0,all players in single retrieved source snapshot; composition-confounded,64.90276844602285,9.442702640173835,-0.017700505435864215
Mzafram SoFIFA,FC24,2024,crossing,18508,18508,1.0,49.393181326993734,17.83223608529751,54.0,all players in single retrieved source snapshot; composition-confounded,49.92797789631011,18.099864210834156,-0.029546993451821615
Mzafram SoFIFA,FC24,2024,finishing,18508,18508,1.0,46.4729846552842,19.778738112505664,51.0,all players in single retrieved source snapshot; composition-confounded,46.06618080598939,19.561225144037714,0.020796440217795094
Mzafram SoFIFA,FC24,2024,heading_accuracy,18508,18508,1.0,51.828722714501836,17.312787322491918,55.0,all players in single retrieved source snapshot; composition-confounded,52.28051255330527,17.337170423490242,-0.026059029689833493
Mzafram SoFIFA,FC24,2024,short_passing,18508,18508,1.0,59.223524962178516,14.236164322150687,62.0,all players in single retrieved source snapshot; composition-confounded,59.07287910159196,14.419393756675133,0.010447447592366314
Mzafram SoFIFA,FC24,2024,volleys,18508,18508,1.0,42.5083747568619,17.645182915231814,44.0,all players in single retrieved source snapshot; composition-confounded,42.97724499170426,17.67496350419197,-0.02652736650523557
Mzafram SoFIFA,FC24,2024,dribbling_stat,18508,18508,1.0,56.06726820834234,18.717848669709994,62.0,all players in single retrieved source snapshot; composition-confounded,55.83361899930069,18.754448939635047,0.012458335075250578
Mzafram SoFIFA,FC24,2024,curve,18508,18508,1.0,47.92419494272747,17.964455704671643,50.0,all players in single retrieved source snapshot; composition-confounded,47.705000754158156,18.22569911089295,0.012026654628480364
Mzafram SoFIFA,FC24,2024,fk_accuracy,18508,18508,1.0,42.75934730927167,16.926400470865744,42.0,all players in single retrieved source snapshot; composition-confounded,43.072303199001766,17.302737950184984,-0.018087073307768167
Mzafram SoFIFA,FC24,2024,long_passing,18508,18508,1.0,53.800356602550245,14.561339144061664,57.0,all players in single retrieved source snapshot; composition-confounded,53.3319667073455,14.972064232200324,0.03128425632835458
Mzafram SoFIFA,FC24,2024,ball_control,18508,18508,1.0,58.79392695050789,16.564232138244563,63.0,all players in single retrieved source snapshot; composition-confounded,58.74506026409247,16.53959432167319,0.002954527509261907
Mzafram SoFIFA,FC24,2024,acceleration,18508,18508,1.0,64.90436567970607,15.226608875734863,68.0,all players in single retrieved source snapshot; composition-confounded,64.8732602942588,14.944496187838686,0.0020813940501111386
Mzafram SoFIFA,FC24,2024,sprint_speed,18508,18508,1.0,65.11708450399827,14.945497983619644,68.0,all players in single retrieved source snapshot; composition-confounded,65.04448847509221,14.674842921934621,0.004946971445776252
Mzafram SoFIFA,FC24,2024,agility,18508,18508,1.0,63.42857142857143,14.850185816069954,66.0,all players in single retrieved source snapshot; composition-confounded,63.5636166682664,14.701014599416837,-0.009186116970479353
Mzafram SoFIFA,FC24,2024,reactions,18508,18508,1.0,61.8007888480657,8.786202111918518,62.0,all players in single retrieved source snapshot; composition-confounded,61.92646958000247,8.815820321714323,-0.014256271946378353
Mzafram SoFIFA,FC24,2024,balance,18508,18508,1.0,64.03928031121677,14.39735743771814,66.0,all players in single retrieved source snapshot; composition-confounded,64.06036693222175,14.155481317852908,-0.001489643519107221
Mzafram SoFIFA,FC24,2024,shot_power,18508,18508,1.0,57.7706937540523,12.958377167293081,59.0,all players in single retrieved source snapshot; composition-confounded,57.25382221064323,14.802299511329739,0.03491832758913294
Mzafram SoFIFA,FC24,2024,jumping,18508,18508,1.0,65.81991571212448,11.853850255875699,67.0,all players in single retrieved source snapshot; composition-confounded,65.04404969216635,11.793232732342812,0.06578908748492056
Mzafram SoFIFA,FC24,2024,stamina,18508,18508,1.0,62.997082342770696,16.061675088828498,66.0,all players in single retrieved source snapshot; composition-confounded,63.28045770543954,15.815958396792604,-0.01791705286265226
Mzafram SoFIFA,FC24,2024,strength,18508,18508,1.0,64.78122973849146,12.458748008757034,66.0,all players in single retrieved source snapshot; composition-confounded,65.23014850059647,12.441615944031003,-0.036082030190007816
Mzafram SoFIFA,FC24,2024,long_shots,18508,18508,1.0,46.77750162092068,19.430763175417283,51.0,all players in single retrieved source snapshot; composition-confounded,47.21320736606837,19.28438926590002,-0.022593702042622163
Mzafram SoFIFA,FC24,2024,aggression,18508,18508,1.0,55.978441754916794,16.755891773774376,59.0,all players in single retrieved source snapshot; composition-confounded,56.07014356428856,17.081632856186943,-0.005368445168199989
Mzafram SoFIFA,FC24,2024,interceptions,18508,18508,1.0,47.04997838772423,20.68882000189081,54.0,all players in single retrieved source snapshot; composition-confounded,46.992369290679974,20.64478439531632,0.0027904915808821037
Mzafram SoFIFA,FC24,2024,positioning,18508,18508,1.0,50.668899935163175,19.753977720157053,56.0,all players in single retrieved source snapshot; composition-confounded,50.4525360281918,19.5514082597481,0.011066410362716321
Mzafram SoFIFA,FC24,2024,vision,18508,18508,1.0,54.4688783228874,13.405915042710598,56.0,all players in single retrieved source snapshot; composition-confounded,53.98977772902412,13.811741648689374,0.03468792032529382
Mzafram SoFIFA,FC24,2024,penalties,18508,18508,1.0,47.80451696563648,15.751831778072336,49.0,all players in single retrieved source snapshot; composition-confounded,48.450897448203044,15.748403389665135,-0.04104419137439352
Mzafram SoFIFA,FC24,2024,composure,18508,18508,1.0,58.05462502701535,12.111942243735609,59.0,all players in single retrieved source snapshot; composition-confounded,58.18756598883846,12.137002219106892,-0.010953360592933318
Mzafram SoFIFA,FC24,2024,defensive_awareness,18508,18508,1.0,46.69996758158634,20.42796507430364,53.0,all players in single retrieved source snapshot; composition-confounded,46.42531777482209,20.56499077642037,0.013355211764994466
Mzafram SoFIFA,FC24,2024,standing_tackle,18508,18508,1.0,48.63669764426194,21.022101272071644,57.0,all players in single retrieved source snapshot; composition-confounded,48.220529556143646,21.393492677153723,0.01945302220626773
Mzafram SoFIFA,FC24,2024,sliding_tackle,18508,18508,1.0,46.41614437000216,20.530674199903018,54.0,all players in single retrieved source snapshot; composition-confounded,46.11065556911517,20.98222340301413,0.014559410364637856
Mzafram SoFIFA,FC24,2024,gk_diving,18508,18508,1.0,16.3464447806354,17.622157846347374,11.0,all players in single retrieved source snapshot; composition-confounded,16.508878498265435,17.689972352915007,-0.009182248247169665
Mzafram SoFIFA,FC24,2024,gk_handling,18508,18508,1.0,16.15539226280527,16.98237541601548,11.0,all players in single retrieved source snapshot; composition-confounded,16.285579124902302,16.953695850182953,-0.00767896647713103
Mzafram SoFIFA,FC24,2024,gk_kicking,18508,18508,1.0,16.033336935379296,16.73660742348694,11.0,all players in single retrieved source snapshot; composition-confounded,16.155569115166806,16.6206361764543,-0.007354241948973676
Mzafram SoFIFA,FC24,2024,gk_positioning,18508,18508,1.0,16.19180894748217,17.15158752812862,11.0,all players in single retrieved source snapshot; composition-confounded,16.323917783049268,17.13500394081391,-0.007709880664364971
Mzafram SoFIFA,FC24,2024,gk_reflexes,18508,18508,1.0,16.420412794467257,17.926427590024325,11.0,all players in single retrieved source snapshot; composition-confounded,16.60814627925791,17.988321348100666,-0.010436409332351293
Mzafram SoFIFA,FC25,2025,pace,18507,18507,1.0,68.2986437564165,10.073427925922665,69.0,all players in single retrieved source snapshot; composition-confounded,68.06696238807608,10.573185092118438,0.021912164245863796
Mzafram SoFIFA,FC25,2025,shooting,18507,18507,1.0,54.0010806721781,13.619401030198949,56.0,all players in single retrieved source snapshot; composition-confounded,53.82602256989675,13.699417261244536,0.01277850721260858
Mzafram SoFIFA,FC25,2025,passing,18507,18507,1.0,58.186253849894634,9.723655014924612,59.0,all players in single retrieved source snapshot; composition-confounded,58.063836059729326,9.889874297157089,0.012378093642757186
Mzafram SoFIFA,FC25,2025,dribbling,18507,18507,1.0,63.24666342465013,9.243238344663594,64.0,all players in single retrieved source snapshot; composition-confounded,63.14857601228592,9.682664312510836,0.010130208917546669
Mzafram SoFIFA,FC25,2025,defending,18507,18507,1.0,50.22045712433133,16.44992784679744,54.0,all players in single retrieved source snapshot; composition-confounded,50.24930411770352,16.50351883303833,-0.0017479298605358954
Mzafram SoFIFA,FC25,2025,physical,18507,18507,1.0,64.678391959799,9.466385770337956,65.0,all players in single retrieved source snapshot; composition-confounded,64.90276844602285,9.442702640173835,-0.02376189262481274
Mzafram SoFIFA,FC25,2025,crossing,18507,18507,1.0,49.30907224293511,17.919463005783648,53.0,all players in single retrieved source snapshot; composition-confounded,49.92797789631011,18.099864210834156,-0.0341939390354398
Mzafram SoFIFA,FC25,2025,finishing,18507,18507,1.0,46.65661641541038,19.845533068147915,51.0,all players in single retrieved source snapshot; composition-confounded,46.06618080598939,19.561225144037714,0.030183979023469223
Mzafram SoFIFA,FC25,2025,heading_accuracy,18507,18507,1.0,51.86961690171287,17.31737316340407,55.0,all players in single retrieved source snapshot; composition-confounded,52.28051255330527,17.337170423490242,-0.023700271818040144
Mzafram SoFIFA,FC25,2025,short_passing,18507,18507,1.0,59.29713081536716,14.162075597895939,62.0,all players in single retrieved source snapshot; composition-confounded,59.07287910159196,14.419393756675133,0.01555209030000938
Mzafram SoFIFA,FC25,2025,volleys,18507,18507,1.0,42.54741449181391,17.63747787847298,44.0,all players in single retrieved source snapshot; composition-confounded,42.97724499170426,17.67496350419197,-0.0243186074918009
Mzafram SoFIFA,FC25,2025,dribbling_stat,18507,18507,1.0,56.08823688334144,18.707655716444247,62.0,all players in single retrieved source snapshot; composition-confounded,55.83361899930069,18.754448939635047,0.013576399117899252
Mzafram SoFIFA,FC25,2025,curve,18507,18507,1.0,47.97519857351273,18.052270090022024,50.0,all players in single retrieved source snapshot; composition-confounded,47.705000754158156,18.22569911089295,0.014825100409623367
Mzafram SoFIFA,FC25,2025,fk_accuracy,18507,18507,1.0,42.579402388285516,16.870408754159325,42.0,all players in single retrieved source snapshot; composition-confounded,43.072303199001766,17.302737950184984,-0.02848686792433221
Mzafram SoFIFA,FC25,2025,long_passing,18507,18507,1.0,54.061976549413735,14.457476850703484,57.0,all players in single retrieved source snapshot; composition-confounded,53.3319667073455,14.972064232200324,0.04875812918957474
Mzafram SoFIFA,FC25,2025,ball_control,18507,18507,1.0,58.81039606635327,16.595554261157933,63.0,all players in single retrieved source snapshot; composition-confounded,58.74506026409247,16.53959432167319,0.003950266311863685
Mzafram SoFIFA,FC25,2025,acceleration,18507,18507,1.0,64.85702707083806,15.243006812753613,68.0,all players in single retrieved source snapshot; composition-confounded,64.8732602942588,14.944496187838686,-0.0010862342374546705
Mzafram SoFIFA,FC25,2025,sprint_speed,18507,18507,1.0,65.01993840168585,14.979371350009513,68.0,all players in single retrieved source snapshot; composition-confounded,65.04448847509221,14.674842921934621,-0.0016729360264336806
Mzafram SoFIFA,FC25,2025,agility,18507,18507,1.0,63.179283514345926,14.895658668777005,66.0,all players in single retrieved source snapshot; composition-confounded,63.5636166682664,14.701014599416837,-0.02614330809083874
Mzafram SoFIFA,FC25,2025,reactions,18507,18507,1.0,61.84162749230021,8.820449850117264,62.0,all players in single retrieved source snapshot; composition-confounded,61.92646958000247,8.815820321714323,-0.009623844929470821
Mzafram SoFIFA,FC25,2025,balance,18507,18507,1.0,63.82433673745069,14.41355155410883,66.0,all players in single retrieved source snapshot; composition-confounded,64.06036693222175,14.155481317852908,-0.01667412004375856
Mzafram SoFIFA,FC25,2025,shot_power,18507,18507,1.0,57.769600691630195,12.79535289366733,59.0,all players in single retrieved source snapshot; composition-confounded,57.25382221064323,14.802299511329739,0.034844483493405055
Mzafram SoFIFA,FC25,2025,jumping,18507,18507,1.0,65.79623926082023,11.857232849003918,67.0,all players in single retrieved source snapshot; composition-confounded,65.04404969216635,11.793232732342812,0.06378145719036002
Mzafram SoFIFA,FC25,2025,stamina,18507,18507,1.0,62.76819581779867,16.044323097969425,66.0,all players in single retrieved source snapshot; composition-confounded,63.28045770543954,15.815958396792604,-0.03238892483080583
Mzafram SoFIFA,FC25,2025,strength,18507,18507,1.0,64.75436321391906,12.200184809421643,66.0,all players in single retrieved source snapshot; composition-confounded,65.23014850059647,12.441615944031003,-0.03824143815544075
Mzafram SoFIFA,FC25,2025,long_shots,18507,18507,1.0,46.806937915383365,19.431632153665902,51.0,all players in single retrieved source snapshot; composition-confounded,47.21320736606837,19.28438926590002,-0.021067270790026817
Mzafram SoFIFA,FC25,2025,aggression,18507,18507,1.0,55.98827470686767,16.61409733215067,59.0,all players in single retrieved source snapshot; composition-confounded,56.07014356428856,17.081632856186943,-0.004792800437180311
Mzafram SoFIFA,FC25,2025,interceptions,18507,18507,1.0,46.9885989085211,20.775382103825045,54.0,all players in single retrieved source snapshot; composition-confounded,46.992369290679974,20.64478439531632,-0.00018263121990907104
Mzafram SoFIFA,FC25,2025,positioning,18507,18507,1.0,50.71870103204193,19.92992472867219,57.0,all players in single retrieved source snapshot; composition-confounded,50.4525360281918,19.5514082597481,0.013613597563613848
Mzafram SoFIFA,FC25,2025,vision,18507,18507,1.0,54.64732263467877,13.385056122094191,56.0,all players in single retrieved source snapshot; composition-confounded,53.98977772902412,13.811741648689374,0.0476076748595315
Mzafram SoFIFA,FC25,2025,penalties,18507,18507,1.0,47.542389366185766,15.703226310480897,48.0,all players in single retrieved source snapshot; composition-confounded,48.450897448203044,15.748403389665135,-0.057688900870642205
Mzafram SoFIFA,FC25,2025,composure,18507,18507,1.0,58.02912411519966,12.143811675016453,59.0,all players in single retrieved source snapshot; composition-confounded,58.18756598883846,12.137002219106892,-0.013054448765723245
Mzafram SoFIFA,FC25,2025,defensive_awareness,18507,18507,1.0,46.54076835791862,20.571767069997442,53.0,all players in single retrieved source snapshot; composition-confounded,46.42531777482209,20.56499077642037,0.005613937995484373
Mzafram SoFIFA,FC25,2025,standing_tackle,18507,18507,1.0,48.61036364618793,20.969959411563654,57.0,all players in single retrieved source snapshot; composition-confounded,48.220529556143646,21.393492677153723,0.01822208724527663
Mzafram SoFIFA,FC25,2025,sliding_tackle,18507,18507,1.0,46.41097962932944,20.5427518043732,54.0,all players in single retrieved source snapshot; composition-confounded,46.11065556911517,20.98222340301413,0.01431326196684811
Mzafram SoFIFA,FC25,2025,gk_diving,18507,18507,1.0,16.31517804074134,17.61006433054271,11.0,all players in single retrieved source snapshot; composition-confounded,16.508878498265435,17.689972352915007,-0.010949732066267264
Mzafram SoFIFA,FC25,2025,gk_handling,18507,18507,1.0,16.100610579780625,16.974664250177348,11.0,all players in single retrieved source snapshot; composition-confounded,16.285579124902302,16.953695850182953,-0.010910219621504008
Mzafram SoFIFA,FC25,2025,gk_kicking,18507,18507,1.0,15.989193278219052,16.753318546419585,11.0,all players in single retrieved source snapshot; composition-confounded,16.155569115166806,16.6206361764543,-0.010010196672462588
Mzafram SoFIFA,FC25,2025,gk_positioning,18507,18507,1.0,16.11995461176852,17.136867157081774,11.0,all players in single retrieved source snapshot; composition-confounded,16.323917783049268,17.13500394081391,-0.01190330460297866
Mzafram SoFIFA,FC25,2025,gk_reflexes,18507,18507,1.0,16.37477711136327,17.883550944622588,11.0,all players in single retrieved source snapshot; composition-confounded,16.60814627925791,17.988321348100666,-0.012973371076633612
Mzafram SoFIFA,FIFA07,2007,pace,10907,10907,1.0,65.9965159988998,9.983473405139723,67.0,all players in single retrieved source snapshot; composition-confounded,68.06696238807608,10.573185092118438,-0.19582049979619237
Mzafram SoFIFA,FIFA07,2007,shooting,10907,10907,1.0,53.53543595855872,14.356899725429896,54.0,all players in single retrieved source snapshot; composition-confounded,53.82602256989675,13.699417261244536,-0.021211603807418437
Mzafram SoFIFA,FIFA07,2007,passing,10907,10907,1.0,56.728981388099385,11.877491415582726,57.0,all players in single retrieved source snapshot; composition-confounded,58.063836059729326,9.889874297157089,-0.13497185419370333
Mzafram SoFIFA,FIFA07,2007,dribbling,10907,10907,1.0,58.88649491152471,12.24152392153694,60.0,all players in single retrieved source snapshot; composition-confounded,63.14857601228592,9.682664312510836,-0.44017648068768006
Mzafram SoFIFA,FIFA07,2007,defending,10907,10907,1.0,51.506280370404326,16.88286439788316,54.0,all players in single retrieved source snapshot; composition-confounded,50.24930411770352,16.50351883303833,0.07616413598925785
Mzafram SoFIFA,FIFA07,2007,physical,10907,10907,1.0,64.32621252406712,10.620189431759638,65.0,all players in single retrieved source snapshot; composition-confounded,64.90276844602285,9.442702640173835,-0.06105835838807228
Mzafram SoFIFA,FIFA07,2007,crossing,10907,10907,1.0,49.55789859723114,18.228021481370885,52.0,all players in single retrieved source snapshot; composition-confounded,49.92797789631011,18.099864210834156,-0.020446523508030123
Mzafram SoFIFA,FIFA07,2007,finishing,10907,10907,1.0,46.42138076464656,19.657233620060236,47.0,all players in single retrieved source snapshot; composition-confounded,46.06618080598939,19.561225144037714,0.018158369736132413
Mzafram SoFIFA,FIFA07,2007,heading_accuracy,10907,10907,1.0,55.11304666727789,17.739089905299792,58.0,all players in single retrieved source snapshot; composition-confounded,52.28051255330527,17.337170423490242,0.16337926228923735
Mzafram SoFIFA,FIFA07,2007,short_passing,10907,10907,1.0,56.17456679196846,16.399650323842305,59.0,all players in single retrieved source snapshot; composition-confounded,59.07287910159196,14.419393756675133,-0.20100098232505725
Mzafram SoFIFA,FIFA07,2007,volleys,10907,10907,1.0,0.0,0.0,0.0,all players in single retrieved source snapshot; composition-confounded,42.97724499170426,17.67496350419197,-2.431532318667099
Mzafram SoFIFA,FIFA07,2007,dribbling_stat,10907,10907,1.0,51.40313560099019,18.909469101679846,55.0,all players in single retrieved source snapshot; composition-confounded,55.83361899930069,18.754448939635047,-0.23623639449876127
Mzafram SoFIFA,FIFA07,2007,curve,10907,10907,1.0,0.0,0.0,0.0,all players in single retrieved source snapshot; composition-confounded,47.705000754158156,18.22569911089295,-2.617457934749198
Mzafram SoFIFA,FIFA07,2007,fk_accuracy,10907,10907,1.0,58.4839094159714,12.639495505029672,59.0,all players in single retrieved source snapshot; composition-confounded,43.072303199001766,17.302737950184984,0.8907033246033103
Mzafram SoFIFA,FIFA07,2007,long_passing,10907,10907,1.0,53.517190794902355,14.561622429490367,55.0,all players in single retrieved source snapshot; composition-confounded,53.3319667073455,14.972064232200324,0.01237131264495204
Mzafram SoFIFA,FIFA07,2007,ball_control,10907,10907,1.0,57.38021454112038,16.20391356792673,60.0,all players in single retrieved source snapshot; composition-confounded,58.74506026409247,16.53959432167319,-0.08251990323508857
Mzafram SoFIFA,FIFA07,2007,acceleration,10907,10907,1.0,64.01485284679563,12.031069744945372,65.0,all players in single retrieved source snapshot; composition-confounded,64.8732602942588,14.944496187838686,-0.05743970466944929
Mzafram SoFIFA,FIFA07,2007,sprint_speed,10907,10907,1.0,64.68891537544697,12.22438321760174,66.0,all players in single retrieved source snapshot; composition-confounded,65.04448847509221,14.674842921934621,-0.024230112822111557
Mzafram SoFIFA,FIFA07,2007,agility,10907,10907,1.0,0.0,0.0,0.0,all players in single retrieved source snapshot; composition-confounded,63.5636166682664,14.701014599416837,-4.323757128354111
Mzafram SoFIFA,FIFA07,2007,reactions,10907,10907,1.0,60.21536627853672,11.21190045037645,61.0,all players in single retrieved source snapshot; composition-confounded,61.92646958000247,8.815820321714323,-0.19409462069583186
Mzafram SoFIFA,FIFA07,2007,balance,10907,10907,1.0,0.0,0.0,0.0,all players in single retrieved source snapshot; composition-confounded,64.06036693222175,14.155481317852908,-4.525481366107187
Mzafram SoFIFA,FIFA07,2007,shot_power,10907,10907,1.0,55.23920418080132,16.976172138934047,58.0,all players in single retrieved source snapshot; composition-confounded,57.25382221064323,14.802299511329739,-0.1361016934091834
Mzafram SoFIFA,FIFA07,2007,jumping,10907,10907,1.0,0.0,0.0,0.0,all players in single retrieved source snapshot; composition-confounded,65.04404969216635,11.793232732342812,-5.5153706509822165
Mzafram SoFIFA,FIFA07,2007,stamina,10907,10907,1.0,66.41963876409645,11.922806917002243,68.0,all players in single retrieved source snapshot; composition-confounded,63.28045770543954,15.815958396792604,0.19848187380750315
Mzafram SoFIFA,FIFA07,2007,strength,10907,10907,1.0,63.966076831392684,12.547529326532898,65.0,all players in single retrieved source snapshot; composition-confounded,65.23014850059647,12.441615944031003,-0.1016002804531383
Mzafram SoFIFA,FIFA07,2007,long_shots,10907,10907,1.0,48.08783350142111,19.272369074097114,51.0,all players in single retrieved source snapshot; composition-confounded,47.21320736606837,19.28438926590002,0.04535410083737085
Mzafram SoFIFA,FIFA07,2007,aggression,10907,10907,1.0,58.697625378197486,15.937673050088488,61.0,all players in single retrieved source snapshot; composition-confounded,56.07014356428856,17.081632856186943,0.1538191246721041
Mzafram SoFIFA,FIFA07,2007,interceptions,10907,10907,1.0,0.0,0.0,0.0,all players in single retrieved source snapshot; composition-confounded,46.992369290679974,20.64478439531632,-2.276234442116098
Mzafram SoFIFA,FIFA07,2007,positioning,10907,10907,1.0,0.0,0.0,0.0,all players in single retrieved source snapshot; composition-confounded,50.4525360281918,19.5514082597481,-2.5805064964073248
Mzafram SoFIFA,FIFA07,2007,vision,10907,10907,1.0,0.0,0.0,0.0,all players in single retrieved source snapshot; composition-confounded,53.98977772902412,13.811741648689374,-3.908976804105464
Mzafram SoFIFA,FIFA07,2007,penalties,10907,10907,1.0,0.0,0.0,0.0,all players in single retrieved source snapshot; composition-confounded,48.450897448203044,15.748403389665135,-3.0765593342623463
Mzafram SoFIFA,FIFA07,2007,composure,10907,10907,1.0,58.48363436325295,12.640525148050836,59.0,all players in single retrieved source snapshot; composition-confounded,58.18756598883846,12.137002219106892,0.024393863416157652
Mzafram SoFIFA,FIFA07,2007,defensive_awareness,10907,10907,1.0,46.91931786925827,21.032474769559308,50.0,all players in single retrieved source snapshot; composition-confounded,46.42531777482209,20.56499077642037,0.024021410940898515
Mzafram SoFIFA,FIFA07,2007,standing_tackle,10907,10907,1.0,48.85257174291739,20.562786236524126,52.0,all players in single retrieved source snapshot; composition-confounded,48.220529556143646,21.393492677153723,0.029543665277652762
Mzafram SoFIFA,FIFA07,2007,sliding_tackle,10907,10907,1.0,0.0,0.0,0.0,all players in single retrieved source snapshot; composition-confounded,46.11065556911517,20.98222340301413,-2.19760578673904
Mzafram SoFIFA,FIFA07,2007,gk_diving,10907,10907,1.0,15.401668653158522,17.297851539593246,10.0,all players in single retrieved source snapshot; composition-confounded,16.508878498265435,17.689972352915007,-0.06258968770657598
Mzafram SoFIFA,FIFA07,2007,gk_handling,10907,10907,1.0,15.29421472448886,16.992814387381205,10.0,all players in single retrieved source snapshot; composition-confounded,16.285579124902302,16.953695850182953,-0.058474825145736216
Mzafram SoFIFA,FIFA07,2007,gk_kicking,10907,10907,1.0,0.0,0.0,0.0,all players in single retrieved source snapshot; composition-confounded,16.155569115166806,16.6206361764543,-0.97201869673639
Mzafram SoFIFA,FIFA07,2007,gk_positioning,10907,10907,1.0,15.33382231594389,17.113349812715857,10.0,all players in single retrieved source snapshot; composition-confounded,16.323917783049268,17.13500394081391,-0.05778203906607034
Mzafram SoFIFA,FIFA07,2007,gk_reflexes,10907,10907,1.0,15.658751260658294,17.92097265382882,10.0,all players in single retrieved source snapshot; composition-confounded,16.60814627925791,17.988321348100666,-0.05277841107168452
Mzafram SoFIFA,FIFA08,2008,pace,12800,12800,1.0,65.440234375,9.735013639952866,66.0,all players in single retrieved source snapshot; composition-confounded,68.06696238807608,10.573185092118438,-0.24843299253638484
Mzafram SoFIFA,FIFA08,2008,shooting,12800,12800,1.0,53.335625,13.623320294971231,54.0,all players in single retrieved source snapshot; composition-confounded,53.82602256989675,13.699417261244536,-0.03579696570627701
Mzafram SoFIFA,FIFA08,2008,passing,12800,12800,1.0,55.12703125,11.984545540466833,55.0,all players in single retrieved source snapshot; composition-confounded,58.063836059729326,9.889874297157089,-0.2969506711094931
Mzafram SoFIFA,FIFA08,2008,dribbling,12800,12800,1.0,58.268203125,12.039201134574512,59.0,all players in single retrieved source snapshot; composition-confounded,63.14857601228592,9.682664312510836,-0.5040320236011963
Mzafram SoFIFA,FIFA08,2008,defending,12800,12800,1.0,51.98453125,14.09432215354018,53.0,all players in single retrieved source snapshot; composition-confounded,50.24930411770352,16.50351883303833,0.1051428577051545
Mzafram SoFIFA,FIFA08,2008,physical,12800,12800,1.0,63.251171875,10.755178557988193,64.0,all players in single retrieved source snapshot; composition-confounded,64.90276844602285,9.442702640173835,-0.17490718854114473
Mzafram SoFIFA,FIFA08,2008,crossing,12800,12800,1.0,49.79609375,16.68039128711347,51.0,all players in single retrieved source snapshot; composition-confounded,49.92797789631011,18.099864210834156,-0.007286471587514503
Mzafram SoFIFA,FIFA08,2008,finishing,12800,12800,1.0,46.822421875,18.06761900845049,47.0,all players in single retrieved source snapshot; composition-confounded,46.06618080598939,19.561225144037714,0.03866020985097227
Mzafram SoFIFA,FIFA08,2008,heading_accuracy,12800,12800,1.0,54.48484375,16.42911634988583,57.0,all players in single retrieved source snapshot; composition-confounded,52.28051255330527,17.337170423490242,0.12714480753491753
Mzafram SoFIFA,FIFA08,2008,short_passing,12800,12800,1.0,55.826953125,15.445169403540149,58.0,all players in single retrieved source snapshot; composition-confounded,59.07287910159196,14.419393756675133,-0.22510835277588057
Mzafram SoFIFA,FIFA08,2008,volleys,12800,12800,1.0,0.0,0.0,0.0,all players in single retrieved source snapshot; composition-confounded,42.97724499170426,17.67496350419197,-2.431532318667099
Mzafram SoFIFA,FIFA08,2008,dribbling_stat,12800,12800,1.0,51.646953125,17.27835437126617,54.0,all players in single retrieved source snapshot; composition-confounded,55.83361899930069,18.754448939635047,-0.2232358779389525
Mzafram SoFIFA,FIFA08,2008,curve,12800,12800,1.0,0.0,0.0,0.0,all players in single retrieved source snapshot; composition-confounded,47.705000754158156,18.22569911089295,-2.617457934749198
Mzafram SoFIFA,FIFA08,2008,fk_accuracy,12800,12800,1.0,44.494453125,17.668168778404223,45.0,all players in single retrieved source snapshot; composition-confounded,43.072303199001766,17.302737950184984,0.08219219005065205
Mzafram SoFIFA,FIFA08,2008,long_passing,12800,12800,1.0,53.00484375,13.784739353287968,54.0,all players in single retrieved source snapshot; composition-confounded,53.3319667073455,14.972064232200324,-0.021848888187505928
Mzafram SoFIFA,FIFA08,2008,ball_control,12800,12800,1.0,56.584609375,15.614502393725589,59.0,all players in single retrieved source snapshot; composition-confounded,58.74506026409247,16.53959432167319,-0.13062296735183263
Mzafram SoFIFA,FIFA08,2008,acceleration,12800,12800,1.0,63.417890625,12.050977991455179,65.0,all players in single retrieved source snapshot; composition-confounded,64.8732602942588,14.944496187838686,-0.09738499384429768
Mzafram SoFIFA,FIFA08,2008,sprint_speed,12800,12800,1.0,63.86078125,12.149022312089498,65.0,all players in single retrieved source snapshot; composition-confounded,65.04448847509221,14.674842921934621,-0.08066234380764024
Mzafram SoFIFA,FIFA08,2008,agility,12800,12800,1.0,0.0,0.0,0.0,all players in single retrieved source snapshot; composition-confounded,63.5636166682664,14.701014599416837,-4.323757128354111
Mzafram SoFIFA,FIFA08,2008,reactions,12800,12800,1.0,59.99125,11.149737314730784,61.0,all players in single retrieved source snapshot; composition-confounded,61.92646958000247,8.815820321714323,-0.2195166767675393
Mzafram SoFIFA,FIFA08,2008,balance,12800,12800,1.0,0.0,0.0,0.0,all players in single retrieved source snapshot; composition-confounded,64.06036693222175,14.155481317852908,-4.525481366107187
Mzafram SoFIFA,FIFA08,2008,shot_power,12800,12800,1.0,54.536640625,16.253588102772863,57.0,all players in single retrieved source snapshot; composition-confounded,57.25382221064323,14.802299511329739,-0.18356482947554806
Mzafram SoFIFA,FIFA08,2008,jumping,12800,12800,1.0,0.0,0.0,0.0,all players in single retrieved source snapshot; composition-confounded,65.04404969216635,11.793232732342812,-5.5153706509822165
Mzafram SoFIFA,FIFA08,2008,stamina,12800,12800,1.0,64.48421875,12.404323881298346,66.0,all players in single retrieved source snapshot; composition-confounded,63.28045770543954,15.815958396792604,0.07611053433249895
Mzafram SoFIFA,FIFA08,2008,strength,12800,12800,1.0,62.8871875,12.62798571981469,64.0,all players in single retrieved source snapshot; composition-confounded,65.23014850059647,12.441615944031003,-0.18831645432043156
Mzafram SoFIFA,FIFA08,2008,long_shots,12800,12800,1.0,48.325078125,17.142573897686614,50.0,all players in single retrieved source snapshot; composition-confounded,47.21320736606837,19.28438926590002,0.057656519146173646
Mzafram SoFIFA,FIFA08,2008,aggression,12800,12800,1.0,58.21953125,15.0525359086193,60.0,all players in single retrieved source snapshot; composition-confounded,56.07014356428856,17.081632856186943,0.12583034091690717
Mzafram SoFIFA,FIFA08,2008,interceptions,12800,12800,1.0,57.82171875,13.537895776149941,59.0,all players in single retrieved source snapshot; composition-confounded,46.992369290679974,20.64478439531632,0.5245561906559257
Mzafram SoFIFA,FIFA08,2008,positioning,12800,12800,1.0,0.0,0.0,0.0,all players in single retrieved source snapshot; composition-confounded,50.4525360281918,19.5514082597481,-2.5805064964073248
Mzafram SoFIFA,FIFA08,2008,vision,12800,12800,1.0,0.0,0.0,0.0,all players in single retrieved source snapshot; composition-confounded,53.98977772902412,13.811741648689374,-3.908976804105464
Mzafram SoFIFA,FIFA08,2008,penalties,12800,12800,1.0,0.0,0.0,0.0,all players in single retrieved source snapshot; composition-confounded,48.450897448203044,15.748403389665135,-3.0765593342623463
Mzafram SoFIFA,FIFA08,2008,composure,12800,12800,1.0,56.758359375,13.1496720656201,57.0,all players in single retrieved source snapshot; composition-confounded,58.18756598883846,12.137002219106892,-0.11775614670223146
Mzafram SoFIFA,FIFA08,2008,defensive_awareness,12800,12800,1.0,46.723671875,19.185092738695165,48.0,all players in single retrieved source snapshot; composition-confounded,46.42531777482209,20.56499077642037,0.014507864526737366
Mzafram SoFIFA,FIFA08,2008,standing_tackle,12800,12800,1.0,48.19328125,19.040248944233856,50.0,all players in single retrieved source snapshot; composition-confounded,48.220529556143646,21.393492677153723,-0.0012736726328350376
Mzafram SoFIFA,FIFA08,2008,sliding_tackle,12800,12800,1.0,0.0,0.0,0.0,all players in single retrieved source snapshot; composition-confounded,46.11065556911517,20.98222340301413,-2.19760578673904
Mzafram SoFIFA,FIFA08,2008,gk_diving,12800,12800,1.0,14.56375,17.179689088790287,9.0,all players in single retrieved source snapshot; composition-confounded,16.508878498265435,17.689972352915007,-0.10995655953893622
Mzafram SoFIFA,FIFA08,2008,gk_handling,12800,12800,1.0,25.758203125,12.6739849158124,22.0,all players in single retrieved source snapshot; composition-confounded,16.285579124902302,16.953695850182953,0.5587350441936516
Mzafram SoFIFA,FIFA08,2008,gk_kicking,12800,12800,1.0,0.0,0.0,0.0,all players in single retrieved source snapshot; composition-confounded,16.155569115166806,16.6206361764543,-0.97201869673639
Mzafram SoFIFA,FIFA08,2008,gk_positioning,12800,12800,1.0,25.766015625,12.742694649769172,22.0,all players in single retrieved source snapshot; composition-confounded,16.323917783049268,17.13500394081391,0.5510414747825401
Mzafram SoFIFA,FIFA08,2008,gk_reflexes,12800,12800,1.0,26.1146875,13.650084817587901,22.0,all players in single retrieved source snapshot; composition-confounded,16.60814627925791,17.988321348100666,0.5284840667884698
Mzafram SoFIFA,FIFA09,2009,pace,16198,16198,1.0,66.22978145450055,9.097897928831923,66.0,all players in single retrieved source snapshot; composition-confounded,68.06696238807608,10.573185092118438,-0.17375851435202935
Mzafram SoFIFA,FIFA09,2009,shooting,16198,16198,1.0,52.52278059019632,13.72728195179442,53.0,all players in single retrieved source snapshot; composition-confounded,53.82602256989675,13.699417261244536,-0.09513119827273855
Mzafram SoFIFA,FIFA09,2009,passing,16198,16198,1.0,54.75614273367082,11.787372004399245,55.0,all players in single retrieved source snapshot; composition-confounded,58.063836059729326,9.889874297157089,-0.33445251442774393
Mzafram SoFIFA,FIFA09,2009,dribbling,16198,16198,1.0,58.148907272502775,11.873491574795224,59.0,all players in single retrieved source snapshot; composition-confounded,63.14857601228592,9.682664312510836,-0.5163525842079586
Mzafram SoFIFA,FIFA09,2009,defending,16198,16198,1.0,50.17137918261514,14.472761075520324,51.0,all players in single retrieved source snapshot; composition-confounded,50.24930411770352,16.50351883303833,-0.0047217163731396675
Mzafram SoFIFA,FIFA09,2009,physical,16198,16198,1.0,62.661810100012346,10.577897932257578,64.0,all players in single retrieved source snapshot; composition-confounded,64.90276844602285,9.442702640173835,-0.23732171089200438
Mzafram SoFIFA,FIFA09,2009,crossing,16198,16198,1.0,49.453636251389064,16.52105759086061,51.0,all players in single retrieved source snapshot; composition-confounded,49.92797789631011,18.099864210834156,-0.026206917322457994
Mzafram SoFIFA,FIFA09,2009,finishing,16198,16198,1.0,45.83454747499691,18.058790867553572,46.0,all players in single retrieved source snapshot; composition-confounded,46.06618080598939,19.561225144037714,-0.011841453144517495
Mzafram SoFIFA,FIFA09,2009,heading_accuracy,16198,16198,1.0,53.27571305099395,16.241742923904884,55.0,all players in single retrieved source snapshot; composition-confounded,52.28051255330527,17.337170423490242,0.05740270605751645
Mzafram SoFIFA,FIFA09,2009,short_passing,16198,16198,1.0,55.29120879120879,15.323186997769271,58.0,all players in single retrieved source snapshot; composition-confounded,59.07287910159196,14.419393756675133,-0.26226278123742414
Mzafram SoFIFA,FIFA09,2009,volleys,16198,16198,1.0,0.0,0.0,0.0,all players in single retrieved source snapshot; composition-confounded,42.97724499170426,17.67496350419197,-2.431532318667099
Mzafram SoFIFA,FIFA09,2009,dribbling_stat,16198,16198,1.0,51.23959748117051,17.367676793275407,54.0,all players in single retrieved source snapshot; composition-confounded,55.83361899930069,18.754448939635047,-0.24495635851082354
Mzafram SoFIFA,FIFA09,2009,curve,16198,16198,1.0,0.0,0.0,0.0,all players in single retrieved source snapshot; composition-confounded,47.705000754158156,18.22569911089295,-2.617457934749198
Mzafram SoFIFA,FIFA09,2009,fk_accuracy,16198,16198,1.0,43.72712680577849,17.424055841586046,44.0,all players in single retrieved source snapshot; composition-confounded,43.072303199001766,17.302737950184984,0.03784508605874845
Mzafram SoFIFA,FIFA09,2009,long_passing,16198,16198,1.0,52.74101740955673,13.30537493275058,53.0,all players in single retrieved source snapshot; composition-confounded,53.3319667073455,14.972064232200324,-0.03947012840873452
Mzafram SoFIFA,FIFA09,2009,ball_control,16198,16198,1.0,56.09920977898506,15.50857310015139,59.0,all players in single retrieved source snapshot; composition-confounded,58.74506026409247,16.53959432167319,-0.15997070022692966
Mzafram SoFIFA,FIFA09,2009,acceleration,16198,16198,1.0,64.04593159649339,11.87255820813253,65.0,all players in single retrieved source snapshot; composition-confounded,64.8732602942588,14.944496187838686,-0.0553600929309789
Mzafram SoFIFA,FIFA09,2009,sprint_speed,16198,16198,1.0,64.49981479194962,11.8435585430691,66.0,all players in single retrieved source snapshot; composition-confounded,65.04448847509221,14.674842921934621,-0.037116150819472296
Mzafram SoFIFA,FIFA09,2009,agility,16198,16198,1.0,0.0,0.0,0.0,all players in single retrieved source snapshot; composition-confounded,63.5636166682664,14.701014599416837,-4.323757128354111
Mzafram SoFIFA,FIFA09,2009,reactions,16198,16198,1.0,60.441103839980244,11.120120312029139,62.0,all players in single retrieved source snapshot; composition-confounded,61.92646958000247,8.815820321714323,-0.1684886585498581
Mzafram SoFIFA,FIFA09,2009,balance,16198,16198,1.0,0.0,0.0,0.0,all players in single retrieved source snapshot; composition-confounded,64.06036693222175,14.155481317852908,-4.525481366107187
Mzafram SoFIFA,FIFA09,2009,shot_power,16198,16198,1.0,54.198913446104456,16.41165609903123,57.0,all players in single retrieved source snapshot; composition-confounded,57.25382221064323,14.802299511329739,-0.20638068850049504
Mzafram SoFIFA,FIFA09,2009,jumping,16198,16198,1.0,0.0,0.0,0.0,all players in single retrieved source snapshot; composition-confounded,65.04404969216635,11.793232732342812,-5.5153706509822165
Mzafram SoFIFA,FIFA09,2009,stamina,16198,16198,1.0,63.574330164217805,12.492348581759012,66.0,all players in single retrieved source snapshot; composition-confounded,63.28045770543954,15.815958396792604,0.01858075567762388
Mzafram SoFIFA,FIFA09,2009,strength,16198,16198,1.0,62.1906408198543,12.752483546114394,64.0,all players in single retrieved source snapshot; composition-confounded,65.23014850059647,12.441615944031003,-0.24430168029743796
Mzafram SoFIFA,FIFA09,2009,long_shots,16198,16198,1.0,47.25546363748611,17.066965879387986,49.0,all players in single retrieved source snapshot; composition-confounded,47.21320736606837,19.28438926590002,0.002191216472302917
Mzafram SoFIFA,FIFA09,2009,aggression,16198,16198,1.0,57.18187430546981,15.21668855930742,59.0,all players in single retrieved source snapshot; composition-confounded,56.07014356428856,17.081632856186943,0.06508339984479806
Mzafram SoFIFA,FIFA09,2009,interceptions,16198,16198,1.0,55.39998765279664,14.467016699003675,57.0,all players in single retrieved source snapshot; composition-confounded,46.992369290679974,20.64478439531632,0.4072514491371535
Mzafram SoFIFA,FIFA09,2009,positioning,16198,16198,1.0,55.94011606371157,15.842238948985951,58.0,all players in single retrieved source snapshot; composition-confounded,50.4525360281918,19.5514082597481,0.28067441294330947
Mzafram SoFIFA,FIFA09,2009,vision,16198,16198,1.0,0.0,0.0,0.0,all players in single retrieved source snapshot; composition-confounded,53.98977772902412,13.811741648689374,-3.908976804105464
Mzafram SoFIFA,FIFA09,2009,penalties,16198,16198,1.0,0.0,0.0,0.0,all players in single retrieved source snapshot; composition-confounded,48.450897448203044,15.748403389665135,-3.0765593342623463
Mzafram SoFIFA,FIFA09,2009,composure,16198,16198,1.0,54.851463143597975,13.956710408370148,56.0,all players in single retrieved source snapshot; composition-confounded,58.18756598883846,12.137002219106892,-0.2748704156936351
Mzafram SoFIFA,FIFA09,2009,defensive_awareness,16198,16198,1.0,44.7752808988764,19.251893113981065,45.0,all players in single retrieved source snapshot; composition-confounded,46.42531777482209,20.56499077642037,-0.08023523540003746
Mzafram SoFIFA,FIFA09,2009,standing_tackle,16198,16198,1.0,46.39362884306705,19.341052697637977,48.0,all players in single retrieved source snapshot; composition-confounded,48.220529556143646,21.393492677153723,-0.08539515920313276
Mzafram SoFIFA,FIFA09,2009,sliding_tackle,16198,16198,1.0,0.0,0.0,0.0,all players in single retrieved source snapshot; composition-confounded,46.11065556911517,20.98222340301413,-2.19760578673904
Mzafram SoFIFA,FIFA09,2009,gk_diving,16198,16198,1.0,13.793060871712557,17.594793515745224,8.0,all players in single retrieved source snapshot; composition-confounded,16.508878498265435,17.689972352915007,-0.15352300005745106
Mzafram SoFIFA,FIFA09,2009,gk_handling,16198,16198,1.0,25.881652055809358,12.630052255033286,22.0,all players in single retrieved source snapshot; composition-confounded,16.285579124902302,16.953695850182953,0.566016579258351
Mzafram SoFIFA,FIFA09,2009,gk_kicking,16198,16198,1.0,0.0,0.0,0.0,all players in single retrieved source snapshot; composition-confounded,16.155569115166806,16.6206361764543,-0.97201869673639
Mzafram SoFIFA,FIFA09,2009,gk_positioning,16198,16198,1.0,25.858747993579453,12.624490139837627,22.0,all players in single retrieved source snapshot; composition-confounded,16.323917783049268,17.13500394081391,0.556453342144798
Mzafram SoFIFA,FIFA09,2009,gk_reflexes,16198,16198,1.0,26.23749845659958,13.653263903785588,22.0,all players in single retrieved source snapshot; composition-confounded,16.60814627925791,17.988321348100666,0.5353113273328536
Mzafram SoFIFA,FIFA10,2010,pace,16700,16700,1.0,66.9225748502994,8.880588024987262,67.0,all players in single retrieved source snapshot; composition-confounded,68.06696238807608,10.573185092118438,-0.10823489117103796
Mzafram SoFIFA,FIFA10,2010,shooting,16700,16700,1.0,53.13994011976048,13.5677099059577,54.0,all players in single retrieved source snapshot; composition-confounded,53.82602256989675,13.699417261244536,-0.05008114119402629
Mzafram SoFIFA,FIFA10,2010,passing,16700,16700,1.0,55.43712574850299,11.627144015888994,56.0,all players in single retrieved source snapshot; composition-confounded,58.063836059729326,9.889874297157089,-0.2655959249129585
Mzafram SoFIFA,FIFA10,2010,dribbling,16700,16700,1.0,58.935209580838325,11.662242409158202,60.0,all players in single retrieved source snapshot; composition-confounded,63.14857601228592,9.682664312510836,-0.435145358287756
Mzafram SoFIFA,FIFA10,2010,defending,16700,16700,1.0,50.246526946107785,14.468781277304302,51.0,all players in single retrieved source snapshot; composition-confounded,50.24930411770352,16.50351883303833,-0.00016827754273663275
Mzafram SoFIFA,FIFA10,2010,physical,16700,16700,1.0,63.15377245508982,10.290979458908293,64.0,all players in single retrieved source snapshot; composition-confounded,64.90276844602285,9.442702640173835,-0.18522197061378895
Mzafram SoFIFA,FIFA10,2010,crossing,16700,16700,1.0,49.94053892215569,16.449690958911496,52.0,all players in single retrieved source snapshot; composition-confounded,49.92797789631011,18.099864210834156,0.0006939845348706654
Mzafram SoFIFA,FIFA10,2010,finishing,16700,16700,1.0,46.02814371257485,17.810910960666998,47.0,all players in single retrieved source snapshot; composition-confounded,46.06618080598939,19.561225144037714,-0.0019445148826034188
Mzafram SoFIFA,FIFA10,2010,heading_accuracy,16700,16700,1.0,52.96814371257485,16.19180515073063,55.0,all players in single retrieved source snapshot; composition-confounded,52.28051255330527,17.337170423490242,0.03966224836423726
Mzafram SoFIFA,FIFA10,2010,short_passing,16700,16700,1.0,55.60251497005988,15.216681467144221,58.0,all players in single retrieved source snapshot; composition-confounded,59.07287910159196,14.419393756675133,-0.2406733729651812
Mzafram SoFIFA,FIFA10,2010,volleys,16700,16700,1.0,0.0,0.0,0.0,all players in single retrieved source snapshot; composition-confounded,42.97724499170426,17.67496350419197,-2.431532318667099
Mzafram SoFIFA,FIFA10,2010,dribbling_stat,16700,16700,1.0,51.961137724550895,17.39264724952189,55.0,all players in single retrieved source snapshot; composition-confounded,55.83361899930069,18.754448939635047,-0.20648334095094728
Mzafram SoFIFA,FIFA10,2010,curve,16700,16700,1.0,0.0,0.0,0.0,all players in single retrieved source snapshot; composition-confounded,47.705000754158156,18.22569911089295,-2.617457934749198
Mzafram SoFIFA,FIFA10,2010,fk_accuracy,16700,16700,1.0,44.00311377245509,17.550583589054728,45.0,all players in single retrieved source snapshot; composition-confounded,43.072303199001766,17.302737950184984,0.05379556554188987
Mzafram SoFIFA,FIFA10,2010,long_passing,16700,16700,1.0,53.8151497005988,13.065176017902985,55.0,all players in single retrieved source snapshot; composition-confounded,53.3319667073455,14.972064232200324,0.03227230298772848
Mzafram SoFIFA,FIFA10,2010,ball_control,16700,16700,1.0,56.58125748502994,15.42517332386985,60.0,all players in single retrieved source snapshot; composition-confounded,58.74506026409247,16.53959432167319,-0.13082562588775998
Mzafram SoFIFA,FIFA10,2010,acceleration,16700,16700,1.0,64.65101796407185,11.858684209444064,66.0,all players in single retrieved source snapshot; composition-confounded,64.8732602942588,14.944496187838686,-0.014871182500471121
Mzafram SoFIFA,FIFA10,2010,sprint_speed,16700,16700,1.0,65.12389221556886,11.701406504859804,67.0,all players in single retrieved source snapshot; composition-confounded,65.04448847509221,14.674842921934621,0.005410874985105591
Mzafram SoFIFA,FIFA10,2010,agility,16700,16700,1.0,0.0,0.0,0.0,all players in single retrieved source snapshot; composition-confounded,63.5636166682664,14.701014599416837,-4.323757128354111
Mzafram SoFIFA,FIFA10,2010,reactions,16700,16700,1.0,61.34946107784431,10.83775432786883,62.0,all players in single retrieved source snapshot; composition-confounded,61.92646958000247,8.815820321714323,-0.06545148166608197
Mzafram SoFIFA,FIFA10,2010,balance,16700,16700,1.0,0.0,0.0,0.0,all players in single retrieved source snapshot; composition-confounded,64.06036693222175,14.155481317852908,-4.525481366107187
Mzafram SoFIFA,FIFA10,2010,shot_power,16700,16700,1.0,54.953592814371255,16.51033614638222,58.0,all players in single retrieved source snapshot; composition-confounded,57.25382221064323,14.802299511329739,-0.15539676078783357
Mzafram SoFIFA,FIFA10,2010,jumping,16700,16700,1.0,0.0,0.0,0.0,all players in single retrieved source snapshot; composition-confounded,65.04404969216635,11.793232732342812,-5.5153706509822165
Mzafram SoFIFA,FIFA10,2010,stamina,16700,16700,1.0,63.97808383233533,12.276587860719044,66.0,all players in single retrieved source snapshot; composition-confounded,63.28045770543954,15.815958396792604,0.04410900113629954
Mzafram SoFIFA,FIFA10,2010,strength,16700,16700,1.0,62.454191616766465,12.556468754393071,64.0,all players in single retrieved source snapshot; composition-confounded,65.23014850059647,12.441615944031003,-0.22311867657044984
Mzafram SoFIFA,FIFA10,2010,long_shots,16700,16700,1.0,47.787065868263475,17.20553247296625,50.0,all players in single retrieved source snapshot; composition-confounded,47.21320736606837,19.28438926590002,0.029757670532498743
Mzafram SoFIFA,FIFA10,2010,aggression,16700,16700,1.0,57.54023952095808,15.279005906783201,60.0,all players in single retrieved source snapshot; composition-confounded,56.07014356428856,17.081632856186943,0.08606296418184975
Mzafram SoFIFA,FIFA10,2010,interceptions,16700,16700,1.0,55.67610778443114,14.493853884302832,57.0,all players in single retrieved source snapshot; composition-confounded,46.992369290679974,20.64478439531632,0.4206262621818052
Mzafram SoFIFA,FIFA10,2010,positioning,16700,16700,1.0,56.66850299401197,15.554410646930481,59.0,all players in single retrieved source snapshot; composition-confounded,50.4525360281918,19.5514082597481,0.3179293728225927
Mzafram SoFIFA,FIFA10,2010,vision,16700,16700,1.0,0.0,0.0,0.0,all players in single retrieved source snapshot; composition-confounded,53.98977772902412,13.811741648689374,-3.908976804105464
Mzafram SoFIFA,FIFA10,2010,penalties,16700,16700,1.0,0.0,0.0,0.0,all players in single retrieved source snapshot; composition-confounded,48.450897448203044,15.748403389665135,-3.0765593342623463
Mzafram SoFIFA,FIFA10,2010,composure,16700,16700,1.0,55.56377245508982,13.997422950016066,57.0,all players in single retrieved source snapshot; composition-confounded,58.18756598883846,12.137002219106892,-0.21618135074722863
Mzafram SoFIFA,FIFA10,2010,defensive_awareness,16700,16700,1.0,44.5640119760479,19.338006032608995,45.0,all players in single retrieved source snapshot; composition-confounded,46.42531777482209,20.56499077642037,-0.09050846747319459
Mzafram SoFIFA,FIFA10,2010,standing_tackle,16700,16700,1.0,46.384790419161675,19.435616630772262,48.0,all players in single retrieved source snapshot; composition-confounded,48.220529556143646,21.393492677153723,-0.08580829529263218
Mzafram SoFIFA,FIFA10,2010,sliding_tackle,16700,16700,1.0,0.0,0.0,0.0,all players in single retrieved source snapshot; composition-confounded,46.11065556911517,20.98222340301413,-2.19760578673904
Mzafram SoFIFA,FIFA10,2010,gk_diving,16700,16700,1.0,13.56880239520958,17.88802487406265,8.0,all players in single retrieved source snapshot; composition-confounded,16.508878498265435,17.689972352915007,-0.16620015251586193
Mzafram SoFIFA,FIFA10,2010,gk_handling,16700,16700,1.0,26.22820359281437,12.742534073614737,22.0,all players in single retrieved source snapshot; composition-confounded,16.285579124902302,16.953695850182953,0.5864576406096594
Mzafram SoFIFA,FIFA10,2010,gk_kicking,16700,16700,1.0,0.0,0.0,0.0,all players in single retrieved source snapshot; composition-confounded,16.155569115166806,16.6206361764543,-0.97201869673639
Mzafram SoFIFA,FIFA10,2010,gk_positioning,16700,16700,1.0,26.18994011976048,12.681495571758644,22.0,all players in single retrieved source snapshot; composition-confounded,16.323917783049268,17.13500394081391,0.5757817372432175
Mzafram SoFIFA,FIFA10,2010,gk_reflexes,16700,16700,1.0,26.578982035928142,13.727796057360834,22.0,all players in single retrieved source snapshot; composition-confounded,16.60814627925791,17.988321348100666,0.5542949541382873
Mzafram SoFIFA,FIFA11,2011,pace,15204,15204,1.0,68.46507498026835,7.973245411031724,69.0,all players in single retrieved source snapshot; composition-confounded,68.06696238807608,10.573185092118438,0.037653042931125986
Mzafram SoFIFA,FIFA11,2011,shooting,15204,15204,1.0,52.7747303341226,14.196462896104864,54.0,all players in single retrieved source snapshot; composition-confounded,53.82602256989675,13.699417261244536,-0.07673992373005822
Mzafram SoFIFA,FIFA11,2011,passing,15204,15204,1.0,56.77749276506182,10.963346463034073,57.0,all players in single retrieved source snapshot; composition-confounded,58.063836059729326,9.889874297157089,-0.13006669812145857
Mzafram SoFIFA,FIFA11,2011,dribbling,15204,15204,1.0,60.304590897132336,11.160097647532416,61.0,all players in single retrieved source snapshot; composition-confounded,63.14857601228592,9.682664312510836,-0.2937192722336674
Mzafram SoFIFA,FIFA11,2011,defending,15204,15204,1.0,48.78157063930544,16.372416172298394,51.0,all players in single retrieved source snapshot; composition-confounded,50.24930411770352,16.50351883303833,-0.08893457772531661
Mzafram SoFIFA,FIFA11,2011,physical,15204,15204,1.0,64.71349644830308,9.190914059275535,66.0,all players in single retrieved source snapshot; composition-confounded,64.90276844602285,9.442702640173835,-0.020044261154059495
Mzafram SoFIFA,FIFA11,2011,crossing,15204,15204,1.0,49.308602999210734,18.274101359584694,53.0,all players in single retrieved source snapshot; composition-confounded,49.92797789631011,18.099864210834156,-0.03421986429758038
Mzafram SoFIFA,FIFA11,2011,finishing,15204,15204,1.0,44.37286240463036,19.82154872702075,47.0,all players in single retrieved source snapshot; composition-confounded,46.06618080598939,19.561225144037714,-0.08656504840010774
Mzafram SoFIFA,FIFA11,2011,heading_accuracy,15204,15204,1.0,52.517429623783215,17.550180584232752,56.0,all players in single retrieved source snapshot; composition-confounded,52.28051255330527,17.337170423490242,0.013665267439313112
Mzafram SoFIFA,FIFA11,2011,short_passing,15204,15204,1.0,56.23441199684294,15.606548680712358,59.0,all players in single retrieved source snapshot; composition-confounded,59.07287910159196,14.419393756675133,-0.1968506549337428
Mzafram SoFIFA,FIFA11,2011,volleys,15204,15204,1.0,44.02854511970534,18.724563754082997,47.0,all players in single retrieved source snapshot; composition-confounded,42.97724499170426,17.67496350419197,0.05947962086324785
Mzafram SoFIFA,FIFA11,2011,dribbling_stat,15204,15204,1.0,51.849579058142595,19.403212987816996,57.0,all players in single retrieved source snapshot; composition-confounded,55.83361899930069,18.754448939635047,-0.2124317250792879
Mzafram SoFIFA,FIFA11,2011,curve,15204,15204,1.0,46.373454354117335,17.770999980038738,48.0,all players in single retrieved source snapshot; composition-confounded,47.705000754158156,18.22569911089295,-0.07305872833404761
Mzafram SoFIFA,FIFA11,2011,fk_accuracy,15204,15204,1.0,44.55761641673244,17.958674183468435,46.0,all players in single retrieved source snapshot; composition-confounded,43.072303199001766,17.302737950184984,0.08584266964031499
Mzafram SoFIFA,FIFA11,2011,long_passing,15204,15204,1.0,51.00151275980005,15.46175821804471,53.0,all players in single retrieved source snapshot; composition-confounded,53.3319667073455,14.972064232200324,-0.15565348314051164
Mzafram SoFIFA,FIFA11,2011,ball_control,15204,15204,1.0,57.285188108392525,16.14391876688973,61.0,all players in single retrieved source snapshot; composition-confounded,58.74506026409247,16.53959432167319,-0.08826529401552234
Mzafram SoFIFA,FIFA11,2011,acceleration,15204,15204,1.0,66.161076032623,11.103251645611238,67.0,all players in single retrieved source snapshot; composition-confounded,64.8732602942588,14.944496187838686,0.08617324546625947
Mzafram SoFIFA,FIFA11,2011,sprint_speed,15204,15204,1.0,66.79755327545382,10.81271549744526,68.0,all players in single retrieved source snapshot; composition-confounded,65.04448847509221,14.674842921934621,0.11946054957367153
Mzafram SoFIFA,FIFA11,2011,agility,15204,15204,1.0,62.894567219152854,10.634878035851237,64.0,all players in single retrieved source snapshot; composition-confounded,63.5636166682664,14.701014599416837,-0.04551042682047836
Mzafram SoFIFA,FIFA11,2011,reactions,15204,15204,1.0,61.916929755327544,10.431621989146878,63.0,all players in single retrieved source snapshot; composition-confounded,61.92646958000247,8.815820321714323,-0.0010821255795591099
Mzafram SoFIFA,FIFA11,2011,balance,15204,15204,1.0,63.39963167587477,11.366238882831038,65.0,all players in single retrieved source snapshot; composition-confounded,64.06036693222175,14.155481317852908,-0.046676989747686054
Mzafram SoFIFA,FIFA11,2011,shot_power,15204,15204,1.0,56.07774269928966,17.049130662943043,59.0,all players in single retrieved source snapshot; composition-confounded,57.25382221064323,14.802299511329739,-0.07945248712562496
Mzafram SoFIFA,FIFA11,2011,jumping,15204,15204,1.0,63.85786635096027,10.383053684430278,65.0,all players in single retrieved source snapshot; composition-confounded,65.04404969216635,11.793232732342812,-0.10058169529318174
Mzafram SoFIFA,FIFA11,2011,stamina,15204,15204,1.0,65.31610102604577,11.081841446440325,67.0,all players in single retrieved source snapshot; composition-confounded,63.28045770543954,15.815958396792604,0.12870818634797696
Mzafram SoFIFA,FIFA11,2011,strength,15204,15204,1.0,64.8683241252302,11.395887184926181,66.0,all players in single retrieved source snapshot; composition-confounded,65.23014850059647,12.441615944031003,-0.029081783025126835
Mzafram SoFIFA,FIFA11,2011,long_shots,15204,15204,1.0,47.330505130228886,19.42828306434314,51.0,all players in single retrieved source snapshot; composition-confounded,47.21320736606837,19.28438926590002,0.0060825241879934756
Mzafram SoFIFA,FIFA11,2011,aggression,15204,15204,1.0,58.305051302288874,15.202818880868525,61.0,all players in single retrieved source snapshot; composition-confounded,56.07014356428856,17.081632856186943,0.13083689111084226
Mzafram SoFIFA,FIFA11,2011,interceptions,15204,15204,1.0,46.390226256248354,18.209673215273686,47.0,all players in single retrieved source snapshot; composition-confounded,46.992369290679974,20.64478439531632,-0.02916683569571345
Mzafram SoFIFA,FIFA11,2011,positioning,15204,15204,1.0,47.918705603788474,19.533135387507855,52.0,all players in single retrieved source snapshot; composition-confounded,50.4525360281918,19.5514082597481,-0.12959835888752355
Mzafram SoFIFA,FIFA11,2011,vision,15204,15204,1.0,54.72941331228624,14.776665030077831,57.0,all players in single retrieved source snapshot; composition-confounded,53.98977772902412,13.811741648689374,0.0535512176577895
Mzafram SoFIFA,FIFA11,2011,penalties,15204,15204,1.0,47.9926335174954,16.671129055902313,50.0,all players in single retrieved source snapshot; composition-confounded,48.450897448203044,15.748403389665135,-0.029099072418247794
Mzafram SoFIFA,FIFA11,2011,composure,15204,15204,1.0,0.0,0.0,0.0,all players in single retrieved source snapshot; composition-confounded,58.18756598883846,12.137002219106892,-4.794228833314016
Mzafram SoFIFA,FIFA11,2011,defensive_awareness,15204,15204,1.0,42.64325177584846,21.78836312201945,45.0,all players in single retrieved source snapshot; composition-confounded,46.42531777482209,20.56499077642037,-0.1839079842092665
Mzafram SoFIFA,FIFA11,2011,standing_tackle,15204,15204,1.0,45.30320968166272,21.65957253890854,49.0,all players in single retrieved source snapshot; composition-confounded,48.220529556143646,21.393492677153723,-0.1363648245055541
Mzafram SoFIFA,FIFA11,2011,sliding_tackle,15204,15204,1.0,42.85905024993423,21.297597767309124,46.0,all players in single retrieved source snapshot; composition-confounded,46.11065556911517,20.98222340301413,-0.15496953095608737
Mzafram SoFIFA,FIFA11,2011,gk_diving,15204,15204,1.0,16.048210997106025,17.54751819264104,11.0,all players in single retrieved source snapshot; composition-confounded,16.508878498265435,17.689972352915007,-0.026041165693710074
Mzafram SoFIFA,FIFA11,2011,gk_handling,15204,15204,1.0,15.81557484872402,16.889711564738363,11.0,all players in single retrieved source snapshot; composition-confounded,16.285579124902302,16.953695850182953,-0.027722821049264573
Mzafram SoFIFA,FIFA11,2011,gk_kicking,15204,15204,1.0,15.595632728229413,16.429659106923538,11.0,all players in single retrieved source snapshot; composition-confounded,16.155569115166806,16.6206361764543,-0.03368922711458116
Mzafram SoFIFA,FIFA11,2011,gk_positioning,15204,15204,1.0,15.77880820836622,16.920121877102797,11.0,all players in single retrieved source snapshot; composition-confounded,16.323917783049268,17.13500394081391,-0.03181263199973068
Mzafram SoFIFA,FIFA11,2011,gk_reflexes,15204,15204,1.0,16.210142067876873,18.069914493240518,11.0,all players in single retrieved source snapshot; composition-confounded,16.60814627925791,17.988321348100666,-0.022125700540871186
Mzafram SoFIFA,FIFA12,2012,pace,14455,14455,1.0,67.20788654444829,10.568759236754902,68.0,all players in single retrieved source snapshot; composition-confounded,68.06696238807608,10.573185092118438,-0.08125043079669272
Mzafram SoFIFA,FIFA12,2012,shooting,14455,14455,1.0,53.184641992390176,13.869571298055979,55.0,all players in single retrieved source snapshot; composition-confounded,53.82602256989675,13.699417261244536,-0.04681809198709721
Mzafram SoFIFA,FIFA12,2012,passing,14455,14455,1.0,56.72729159460394,10.738220186568562,57.0,all players in single retrieved source snapshot; composition-confounded,58.063836059729326,9.889874297157089,-0.13514271516166632
Mzafram SoFIFA,FIFA12,2012,dribbling,14455,14455,1.0,61.04462123832584,11.058437959645019,62.0,all players in single retrieved source snapshot; composition-confounded,63.14857601228592,9.682664312510836,-0.21729089288385148
Mzafram SoFIFA,FIFA12,2012,defending,14455,14455,1.0,49.01141473538568,16.42334924173693,52.0,all players in single retrieved source snapshot; composition-confounded,50.24930411770352,16.50351883303833,-0.07500760261137235
Mzafram SoFIFA,FIFA12,2012,physical,14455,14455,1.0,64.70169491525424,9.34158164307462,66.0,all players in single retrieved source snapshot; composition-confounded,64.90276844602285,9.442702640173835,-0.021294065738462015
Mzafram SoFIFA,FIFA12,2012,crossing,14455,14455,1.0,49.366655136630925,18.396623259129665,53.0,all players in single retrieved source snapshot; composition-confounded,49.92797789631011,18.099864210834156,-0.031012539825751355
Mzafram SoFIFA,FIFA12,2012,finishing,14455,14455,1.0,44.778484953303355,19.58747280509618,47.0,all players in single retrieved source snapshot; composition-confounded,46.06618080598939,19.561225144037714,-0.06582899809210192
Mzafram SoFIFA,FIFA12,2012,heading_accuracy,14455,14455,1.0,52.63216879972328,17.955187003554915,56.0,all players in single retrieved source snapshot; composition-confounded,52.28051255330527,17.337170423490242,0.020283370228716704
Mzafram SoFIFA,FIFA12,2012,short_passing,14455,14455,1.0,56.86080940850917,15.299617918172208,60.0,all players in single retrieved source snapshot; composition-confounded,59.07287910159196,14.419393756675133,-0.15340934094810757
Mzafram SoFIFA,FIFA12,2012,volleys,14455,14455,1.0,44.087374610861296,18.443040373344946,47.0,all players in single retrieved source snapshot; composition-confounded,42.97724499170426,17.67496350419197,0.06280802893277522
Mzafram SoFIFA,FIFA12,2012,dribbling_stat,14455,14455,1.0,52.74361812521619,19.40834983965884,58.0,all players in single retrieved source snapshot; composition-confounded,55.83361899930069,18.754448939635047,-0.16476095266943272
Mzafram SoFIFA,FIFA12,2012,curve,14455,14455,1.0,46.68135593220339,18.475951865365023,48.0,all players in single retrieved source snapshot; composition-confounded,47.705000754158156,18.22569911089295,-0.0561649139342461
Mzafram SoFIFA,FIFA12,2012,fk_accuracy,14455,14455,1.0,44.4838464199239,18.13893110776396,45.0,all players in single retrieved source snapshot; composition-confounded,43.072303199001766,17.302737950184984,0.0815791827273812
Mzafram SoFIFA,FIFA12,2012,long_passing,14455,14455,1.0,51.439571082670355,15.392062816290203,54.0,all players in single retrieved source snapshot; composition-confounded,53.3319667073455,14.972064232200324,-0.12639510459788053
Mzafram SoFIFA,FIFA12,2012,ball_control,14455,14455,1.0,57.86786579038395,16.031009434339754,62.0,all players in single retrieved source snapshot; composition-confounded,58.74506026409247,16.53959432167319,-0.05303603320905282
Mzafram SoFIFA,FIFA12,2012,acceleration,14455,14455,1.0,65.13213420961605,12.989189086073699,67.0,all players in single retrieved source snapshot; composition-confounded,64.8732602942588,14.944496187838686,0.017322358151351986
Mzafram SoFIFA,FIFA12,2012,sprint_speed,14455,14455,1.0,65.28578346592874,12.74516322552446,67.0,all players in single retrieved source snapshot; composition-confounded,65.04448847509221,14.674842921934621,0.016442764813234933
Mzafram SoFIFA,FIFA12,2012,agility,14455,14455,1.0,63.64136976824628,13.289618684479686,65.0,all players in single retrieved source snapshot; composition-confounded,63.5636166682664,14.701014599416837,0.00528896148317302
Mzafram SoFIFA,FIFA12,2012,reactions,14455,14455,1.0,61.78291248702871,10.124670047736405,63.0,all players in single retrieved source snapshot; composition-confounded,61.92646958000247,8.815820321714323,-0.016284031177468676
Mzafram SoFIFA,FIFA12,2012,balance,14455,14455,1.0,63.18180560359737,13.587794935613966,64.0,all players in single retrieved source snapshot; composition-confounded,64.06036693222175,14.155481317852908,-0.06206509753337341
Mzafram SoFIFA,FIFA12,2012,shot_power,14455,14455,1.0,56.897267381528884,16.89161420274491,60.0,all players in single retrieved source snapshot; composition-confounded,57.25382221064323,14.802299511329739,-0.02408779992874998
Mzafram SoFIFA,FIFA12,2012,jumping,14455,14455,1.0,65.09048772051193,11.642048701300089,66.0,all players in single retrieved source snapshot; composition-confounded,65.04404969216635,11.793232732342812,0.003937684382181399
Mzafram SoFIFA,FIFA12,2012,stamina,14455,14455,1.0,64.67367692839848,12.476678303631303,66.0,all players in single retrieved source snapshot; composition-confounded,63.28045770543954,15.815958396792604,0.08808945926675416
Mzafram SoFIFA,FIFA12,2012,strength,14455,14455,1.0,65.64379107575233,12.374354708915451,67.0,all players in single retrieved source snapshot; composition-confounded,65.23014850059647,12.441615944031003,0.033246692151296574
Mzafram SoFIFA,FIFA12,2012,long_shots,14455,14455,1.0,47.62635766170875,19.176247410118165,52.0,all players in single retrieved source snapshot; composition-confounded,47.21320736606837,19.28438926590002,0.02142407985773994
Mzafram SoFIFA,FIFA12,2012,aggression,14455,14455,1.0,57.74140435835351,15.865862335553823,60.0,all players in single retrieved source snapshot; composition-confounded,56.07014356428856,17.081632856186943,0.09783963911035753
Mzafram SoFIFA,FIFA12,2012,interceptions,14455,14455,1.0,46.62870978900035,18.811766311074596,49.0,all players in single retrieved source snapshot; composition-confounded,46.992369290679974,20.64478439531632,-0.017615078690874156
Mzafram SoFIFA,FIFA12,2012,positioning,14455,14455,1.0,48.64344517468004,19.379339268481235,53.0,all players in single retrieved source snapshot; composition-confounded,50.4525360281918,19.5514082597481,-0.09252995126884381
Mzafram SoFIFA,FIFA12,2012,vision,14455,14455,1.0,52.853545485991006,14.964422135084286,54.0,all players in single retrieved source snapshot; composition-confounded,53.98977772902412,13.811741648689374,-0.08226567452055787
Mzafram SoFIFA,FIFA12,2012,penalties,14455,14455,1.0,49.33324109304739,16.39641189130596,51.0,all players in single retrieved source snapshot; composition-confounded,48.450897448203044,15.748403389665135,0.05602749834458672
Mzafram SoFIFA,FIFA12,2012,composure,14455,14455,1.0,0.0,0.0,0.0,all players in single retrieved source snapshot; composition-confounded,58.18756598883846,12.137002219106892,-4.794228833314016
Mzafram SoFIFA,FIFA12,2012,defensive_awareness,14455,14455,1.0,42.8882047734348,21.536518002524115,46.0,all players in single retrieved source snapshot; composition-confounded,46.42531777482209,20.56499077642037,-0.17199681924695592
Mzafram SoFIFA,FIFA12,2012,standing_tackle,14455,14455,1.0,45.73365617433414,21.678105732772686,51.0,all players in single retrieved source snapshot; composition-confounded,48.220529556143646,21.393492677153723,-0.11624438418441388
Mzafram SoFIFA,FIFA12,2012,sliding_tackle,14455,14455,1.0,43.32514700795573,21.4172848550238,48.0,all players in single retrieved source snapshot; composition-confounded,46.11065556911517,20.98222340301413,-0.13275564308210044
Mzafram SoFIFA,FIFA12,2012,gk_diving,14455,14455,1.0,15.863507436873054,17.51149190332582,11.0,all players in single retrieved source snapshot; composition-confounded,16.508878498265435,17.689972352915007,-0.03648231034606651
Mzafram SoFIFA,FIFA12,2012,gk_handling,14455,14455,1.0,15.616395710826703,16.67621938342165,11.0,all players in single retrieved source snapshot; composition-confounded,16.285579124902302,16.953695850182953,-0.039471240960617895
Mzafram SoFIFA,FIFA12,2012,gk_kicking,14455,14455,1.0,15.448080249048772,16.15480451889517,11.0,all players in single retrieved source snapshot; composition-confounded,16.155569115166806,16.6206361764543,-0.04256689446823348
Mzafram SoFIFA,FIFA12,2012,gk_positioning,14455,14455,1.0,15.58035281909374,16.747318241878332,11.0,all players in single retrieved source snapshot; composition-confounded,16.323917783049268,17.13500394081391,-0.04339450206862391
Mzafram SoFIFA,FIFA12,2012,gk_reflexes,14455,14455,1.0,16.056589415427187,17.977855839287976,11.0,all players in single retrieved source snapshot; composition-confounded,16.60814627925791,17.988321348100666,-0.030661941887588053
Mzafram SoFIFA,FIFA13,2013,pace,14975,14975,1.0,67.58163606010017,10.588468070873851,68.0,all players in single retrieved source snapshot; composition-confounded,68.06696238807608,10.573185092118438,-0.04590162034879049
Mzafram SoFIFA,FIFA13,2013,shooting,14975,14975,1.0,52.90230383973289,13.69668585364568,55.0,all players in single retrieved source snapshot; composition-confounded,53.82602256989675,13.699417261244536,-0.06742759290769619
Mzafram SoFIFA,FIFA13,2013,passing,14975,14975,1.0,56.55131886477462,10.67930553491228,57.0,all players in single retrieved source snapshot; composition-confounded,58.063836059729326,9.889874297157089,-0.15293593725346813
Mzafram SoFIFA,FIFA13,2013,dribbling,14975,14975,1.0,61.09115191986644,10.998553790586872,62.0,all players in single retrieved source snapshot; composition-confounded,63.14857601228592,9.682664312510836,-0.21248532697360087
Mzafram SoFIFA,FIFA13,2013,defending,14975,14975,1.0,48.91732888146912,16.442474524571086,52.0,all players in single retrieved source snapshot; composition-confounded,50.24930411770352,16.50351883303833,-0.08070855977501737
Mzafram SoFIFA,FIFA13,2013,physical,14975,14975,1.0,64.45696160267111,9.65849600223745,65.0,all players in single retrieved source snapshot; composition-confounded,64.90276844602285,9.442702640173835,-0.04721178462774568
Mzafram SoFIFA,FIFA13,2013,crossing,14975,14975,1.0,49.1959265442404,18.31438153618721,53.0,all players in single retrieved source snapshot; composition-confounded,49.92797789631011,18.099864210834156,-0.04044512950718833
Mzafram SoFIFA,FIFA13,2013,finishing,14975,14975,1.0,44.59098497495826,19.2565593325232,47.0,all players in single retrieved source snapshot; composition-confounded,46.06618080598939,19.561225144037714,-0.07541428617934859
Mzafram SoFIFA,FIFA13,2013,heading_accuracy,14975,14975,1.0,52.33295492487479,17.81047296850671,56.0,all players in single retrieved source snapshot; composition-confounded,52.28051255330527,17.337170423490242,0.0030248518234823802
Mzafram SoFIFA,FIFA13,2013,short_passing,14975,14975,1.0,56.95025041736227,15.107052464362376,60.0,all players in single retrieved source snapshot; composition-confounded,59.07287910159196,14.419393756675133,-0.14720651367517207
Mzafram SoFIFA,FIFA13,2013,volleys,14975,14975,1.0,43.36033388981636,17.93306351874424,45.0,all players in single retrieved source snapshot; composition-confounded,42.97724499170426,17.67496350419197,0.02167409839467233
Mzafram SoFIFA,FIFA13,2013,dribbling_stat,14975,14975,1.0,53.01936560934892,19.112363266944044,58.0,all players in single retrieved source snapshot; composition-confounded,55.83361899930069,18.754448939635047,-0.15005790887324985
Mzafram SoFIFA,FIFA13,2013,curve,14975,14975,1.0,46.56434056761269,18.606677957978604,48.0,all players in single retrieved source snapshot; composition-confounded,47.705000754158156,18.22569911089295,-0.06258526378632737
Mzafram SoFIFA,FIFA13,2013,fk_accuracy,14975,14975,1.0,43.87479131886477,18.071282032699482,44.0,all players in single retrieved source snapshot; composition-confounded,43.072303199001766,17.302737950184984,0.04637925640285314
Mzafram SoFIFA,FIFA13,2013,long_passing,14975,14975,1.0,51.484941569282135,15.48936056694658,54.0,all players in single retrieved source snapshot; composition-confounded,53.3319667073455,14.972064232200324,-0.12336476182696172
Mzafram SoFIFA,FIFA13,2013,ball_control,14975,14975,1.0,57.58016694490818,16.0870368691967,61.0,all players in single retrieved source snapshot; composition-confounded,58.74506026409247,16.53959432167319,-0.0704305859338907
Mzafram SoFIFA,FIFA13,2013,acceleration,14975,14975,1.0,65.17515859766277,13.586558119545277,67.0,all players in single retrieved source snapshot; composition-confounded,64.8732602942588,14.944496187838686,0.02020130351732084
Mzafram SoFIFA,FIFA13,2013,sprint_speed,14975,14975,1.0,65.35405676126878,13.203077475655583,67.0,all players in single retrieved source snapshot; composition-confounded,65.04448847509221,14.674842921934621,0.021095168638149878
Mzafram SoFIFA,FIFA13,2013,agility,14975,14975,1.0,63.10023372287145,13.931467244267376,64.0,all players in single retrieved source snapshot; composition-confounded,63.5636166682664,14.701014599416837,-0.031520473791878896
Mzafram SoFIFA,FIFA13,2013,reactions,14975,14975,1.0,61.23786310517529,9.767202560152153,62.0,all players in single retrieved source snapshot; composition-confounded,61.92646958000247,8.815820321714323,-0.07811031188227174
Mzafram SoFIFA,FIFA13,2013,balance,14975,14975,1.0,63.471919866444075,13.779009325185969,65.0,all players in single retrieved source snapshot; composition-confounded,64.06036693222175,14.155481317852908,-0.04157026190522598
Mzafram SoFIFA,FIFA13,2013,shot_power,14975,14975,1.0,56.546978297161935,16.858758642205046,60.0,all players in single retrieved source snapshot; composition-confounded,57.25382221064323,14.802299511329739,-0.04775230449433024
Mzafram SoFIFA,FIFA13,2013,jumping,14975,14975,1.0,65.08641068447412,11.42646719503531,66.0,all players in single retrieved source snapshot; composition-confounded,65.04404969216635,11.793232732342812,0.003591974589934862
Mzafram SoFIFA,FIFA13,2013,stamina,14975,14975,1.0,64.08040066777963,13.762587979235951,66.0,all players in single retrieved source snapshot; composition-confounded,63.28045770543954,15.815958396792604,0.05057821614542906
Mzafram SoFIFA,FIFA13,2013,strength,14975,14975,1.0,65.39953255425709,12.438436300886485,67.0,all players in single retrieved source snapshot; composition-confounded,65.23014850059647,12.441615944031003,0.013614312997813238
Mzafram SoFIFA,FIFA13,2013,long_shots,14975,14975,1.0,47.19071786310518,19.1465751389498,51.0,all players in single retrieved source snapshot; composition-confounded,47.21320736606837,19.28438926590002,-0.0011662024994982343
Mzafram SoFIFA,FIFA13,2013,aggression,14975,14975,1.0,56.823505843071786,16.91903241399832,60.0,all players in single retrieved source snapshot; composition-confounded,56.07014356428856,17.081632856186943,0.04410364542581548
Mzafram SoFIFA,FIFA13,2013,interceptions,14975,14975,1.0,46.39392320534224,19.632542993069872,50.0,all players in single retrieved source snapshot; composition-confounded,46.992369290679974,20.64478439531632,-0.02898776145482554
Mzafram SoFIFA,FIFA13,2013,positioning,14975,14975,1.0,48.73035058430718,19.298988625847638,53.0,all players in single retrieved source snapshot; composition-confounded,50.4525360281918,19.5514082597481,-0.08808498196164248
Mzafram SoFIFA,FIFA13,2013,vision,14975,14975,1.0,51.03091819699499,16.75516053835642,54.0,all players in single retrieved source snapshot; composition-confounded,53.98977772902412,13.811741648689374,-0.21422783652414343
Mzafram SoFIFA,FIFA13,2013,penalties,14975,14975,1.0,49.83171953255426,15.740130719700453,51.0,all players in single retrieved source snapshot; composition-confounded,48.450897448203044,15.748403389665135,0.08768013176861969
Mzafram SoFIFA,FIFA13,2013,composure,14975,14975,1.0,0.0,0.0,0.0,all players in single retrieved source snapshot; composition-confounded,58.18756598883846,12.137002219106892,-4.794228833314016
Mzafram SoFIFA,FIFA13,2013,defensive_awareness,14975,14975,1.0,42.88080133555926,21.166001387054497,46.0,all players in single retrieved source snapshot; composition-confounded,46.42531777482209,20.56499077642037,-0.1723568212501675
Mzafram SoFIFA,FIFA13,2013,standing_tackle,14975,14975,1.0,46.11419031719532,21.6581002047264,52.0,all players in single retrieved source snapshot; composition-confounded,48.220529556143646,21.393492677153723,-0.09845700609689126
Mzafram SoFIFA,FIFA13,2013,sliding_tackle,14975,14975,1.0,43.78691151919867,21.283112721648312,49.0,all players in single retrieved source snapshot; composition-confounded,46.11065556911517,20.98222340301413,-0.1107482274534685
Mzafram SoFIFA,FIFA13,2013,gk_diving,14975,14975,1.0,16.030584307178632,17.653069164048272,11.0,all players in single retrieved source snapshot; composition-confounded,16.508878498265435,17.689972352915007,-0.02703758838876809
Mzafram SoFIFA,FIFA13,2013,gk_handling,14975,14975,1.0,15.638397328881469,16.537981622999343,11.0,all players in single retrieved source snapshot; composition-confounded,16.285579124902302,16.953695850182953,-0.038173493363327565
Mzafram SoFIFA,FIFA13,2013,gk_kicking,14975,14975,1.0,15.519532554257095,16.15162718995615,11.0,all players in single retrieved source snapshot; composition-confounded,16.155569115166806,16.6206361764543,-0.038267883019469165
Mzafram SoFIFA,FIFA13,2013,gk_positioning,14975,14975,1.0,15.659699499165276,16.679061936701665,11.0,all players in single retrieved source snapshot; composition-confounded,16.323917783049268,17.13500394081391,-0.03876382440169089
Mzafram SoFIFA,FIFA13,2013,gk_reflexes,14975,14975,1.0,16.195993322203673,18.092597587200576,11.0,all players in single retrieved source snapshot; composition-confounded,16.60814627925791,17.988321348100666,-0.022912252292944153
Mzafram SoFIFA,FIFA14,2014,pace,16607,16607,1.0,67.80038537965918,10.464877234771714,68.0,all players in single retrieved source snapshot; composition-confounded,68.06696238807608,10.573185092118438,-0.025212554787829914
Mzafram SoFIFA,FIFA14,2014,shooting,16607,16607,1.0,52.832299632685015,13.347417239554726,55.0,all players in single retrieved source snapshot; composition-confounded,53.82602256989675,13.699417261244536,-0.07253760640045358
Mzafram SoFIFA,FIFA14,2014,passing,16607,16607,1.0,56.25079785632565,10.687051436227781,57.0,all players in single retrieved source snapshot; composition-confounded,58.063836059729326,9.889874297157089,-0.18332267417441783
Mzafram SoFIFA,FIFA14,2014,dribbling,16607,16607,1.0,61.1923887517312,10.760441295929027,62.0,all players in single retrieved source snapshot; composition-confounded,63.14857601228592,9.682664312510836,-0.2020298543270945
Mzafram SoFIFA,FIFA14,2014,defending,16607,16607,1.0,49.4584211477088,15.280065517795606,51.0,all players in single retrieved source snapshot; composition-confounded,50.24930411770352,16.50351883303833,-0.0479220812237602
Mzafram SoFIFA,FIFA14,2014,physical,16607,16607,1.0,64.10236647196965,9.660254970926438,65.0,all players in single retrieved source snapshot; composition-confounded,64.90276844602285,9.442702640173835,-0.08476407703954413
Mzafram SoFIFA,FIFA14,2014,crossing,16607,16607,1.0,50.055217679291864,15.899043140827294,53.0,all players in single retrieved source snapshot; composition-confounded,49.92797789631011,18.099864210834156,0.007029875003459461
Mzafram SoFIFA,FIFA14,2014,finishing,16607,16607,1.0,46.056060697296324,16.74898505824074,47.0,all players in single retrieved source snapshot; composition-confounded,46.06618080598939,19.561225144037714,-0.0005173555653363772
Mzafram SoFIFA,FIFA14,2014,heading_accuracy,16607,16607,1.0,53.38736677304751,14.863362882742186,55.0,all players in single retrieved source snapshot; composition-confounded,52.28051255330527,17.337170423490242,0.06384284128871197
Mzafram SoFIFA,FIFA14,2014,short_passing,16607,16607,1.0,56.92858433190823,14.61240734534954,60.0,all players in single retrieved source snapshot; composition-confounded,59.07287910159196,14.419393756675133,-0.14870907930446606
Mzafram SoFIFA,FIFA14,2014,volleys,16607,16607,1.0,44.355753597880415,15.50271229499724,44.0,all players in single retrieved source snapshot; composition-confounded,42.97724499170426,17.67496350419197,0.07799216138970888
Mzafram SoFIFA,FIFA14,2014,dribbling_stat,16607,16607,1.0,54.55795748780635,16.313279209784362,59.0,all players in single retrieved source snapshot; composition-confounded,55.83361899930069,18.754448939635047,-0.0680191412501809
Mzafram SoFIFA,FIFA14,2014,curve,16607,16607,1.0,47.61022460408262,16.231357768290415,48.0,all players in single retrieved source snapshot; composition-confounded,47.705000754158156,18.22569911089295,-0.005200137975442283
Mzafram SoFIFA,FIFA14,2014,fk_accuracy,16607,16607,1.0,44.69097368579515,15.877663661424064,43.0,all players in single retrieved source snapshot; composition-confounded,43.072303199001766,17.302737950184984,0.09354996252347907
Mzafram SoFIFA,FIFA14,2014,long_passing,16607,16607,1.0,51.66724875052689,14.949724494294694,55.0,all players in single retrieved source snapshot; composition-confounded,53.3319667073455,14.972064232200324,-0.11118827243863373
Mzafram SoFIFA,FIFA14,2014,ball_control,16607,16607,1.0,57.7148190522069,15.407531484196872,61.0,all players in single retrieved source snapshot; composition-confounded,58.74506026409247,16.53959432167319,-0.06228938823097762
Mzafram SoFIFA,FIFA14,2014,acceleration,16607,16607,1.0,65.27783464803998,13.506279516404955,67.0,all players in single retrieved source snapshot; composition-confounded,64.8732602942588,14.944496187838686,0.02707179611116061
Mzafram SoFIFA,FIFA14,2014,sprint_speed,16607,16607,1.0,65.56054675739146,13.11566415120722,67.0,all players in single retrieved source snapshot; composition-confounded,65.04448847509221,14.674842921934621,0.035166187811652705
Mzafram SoFIFA,FIFA14,2014,agility,16607,16607,1.0,62.93002950563016,14.086718611969845,64.0,all players in single retrieved source snapshot; composition-confounded,63.5636166682664,14.701014599416837,-0.04309819287312131
Mzafram SoFIFA,FIFA14,2014,reactions,16607,16607,1.0,60.84036851929909,9.618838702476687,61.0,all players in single retrieved source snapshot; composition-confounded,61.92646958000247,8.815820321714323,-0.12319909220792451
Mzafram SoFIFA,FIFA14,2014,balance,16607,16607,1.0,63.872041910037936,13.493060800756693,65.0,all players in single retrieved source snapshot; composition-confounded,64.06036693222175,14.155481317852908,-0.01330403523236631
Mzafram SoFIFA,FIFA14,2014,shot_power,16607,16607,1.0,56.26657433612332,16.232394431400905,59.0,all players in single retrieved source snapshot; composition-confounded,57.25382221064323,14.802299511329739,-0.06669557481689013
Mzafram SoFIFA,FIFA14,2014,jumping,16607,16607,1.0,64.83007165653038,11.319605361474188,65.0,all players in single retrieved source snapshot; composition-confounded,65.04404969216635,11.793232732342812,-0.0181441374466513
Mzafram SoFIFA,FIFA14,2014,stamina,16607,16607,1.0,63.465707231890164,14.648327766981268,66.0,all players in single retrieved source snapshot; composition-confounded,63.28045770543954,15.815958396792604,0.01171282332711457
Mzafram SoFIFA,FIFA14,2014,strength,16607,16607,1.0,64.95827060877943,12.59820000297585,66.0,all players in single retrieved source snapshot; composition-confounded,65.23014850059647,12.441615944031003,-0.021852297405746377
Mzafram SoFIFA,FIFA14,2014,long_shots,16607,16607,1.0,48.46076955500693,16.68915760774745,51.0,all players in single retrieved source snapshot; composition-confounded,47.21320736606837,19.28438926590002,0.06469285450198749
Mzafram SoFIFA,FIFA14,2014,aggression,16607,16607,1.0,55.659601372915034,16.893527290649835,58.0,all players in single retrieved source snapshot; composition-confounded,56.07014356428856,17.081632856186943,-0.02403413039197977
Mzafram SoFIFA,FIFA14,2014,interceptions,16607,16607,1.0,47.105196603841755,18.323516660642827,50.0,all players in single retrieved source snapshot; composition-confounded,46.992369290679974,20.64478439531632,0.005465172752657926
Mzafram SoFIFA,FIFA14,2014,positioning,16607,16607,1.0,50.13921840187873,16.578858865212872,53.0,all players in single retrieved source snapshot; composition-confounded,50.4525360281918,19.5514082597481,-0.016025322685226814
Mzafram SoFIFA,FIFA14,2014,vision,16607,16607,1.0,51.07406515324863,15.198010418331386,53.0,all players in single retrieved source snapshot; composition-confounded,53.98977772902412,13.811741648689374,-0.21110390347130228
Mzafram SoFIFA,FIFA14,2014,penalties,16607,16607,1.0,49.85843319082315,14.698208879942284,50.0,all players in single retrieved source snapshot; composition-confounded,48.450897448203044,15.748403389665135,0.08937640901069363
Mzafram SoFIFA,FIFA14,2014,composure,16607,16607,1.0,0.0,0.0,0.0,all players in single retrieved source snapshot; composition-confounded,58.18756598883846,12.137002219106892,-4.794228833314016
Mzafram SoFIFA,FIFA14,2014,defensive_awareness,16607,16607,1.0,45.245619317155416,17.991261801849713,46.0,all players in single retrieved source snapshot; composition-confounded,46.42531777482209,20.56499077642037,-0.057364404900161974
Mzafram SoFIFA,FIFA14,2014,standing_tackle,16607,16607,1.0,47.90202926476787,18.77846624036601,52.0,all players in single retrieved source snapshot; composition-confounded,48.220529556143646,21.393492677153723,-0.014887718250695268
Mzafram SoFIFA,FIFA14,2014,sliding_tackle,16607,16607,1.0,46.04997892454989,18.234174722402628,49.0,all players in single retrieved source snapshot; composition-confounded,46.11065556911517,20.98222340301413,-0.0028918119590967827
Mzafram SoFIFA,FIFA14,2014,gk_diving,16607,16607,1.0,16.04094658878786,17.693570949946114,11.0,all players in single retrieved source snapshot; composition-confounded,16.508878498265435,17.689972352915007,-0.026451816890514644
Mzafram SoFIFA,FIFA14,2014,gk_handling,16607,16607,1.0,15.64689588727645,16.53586345984623,11.0,all players in single retrieved source snapshot; composition-confounded,16.285579124902302,16.953695850182953,-0.03767221278886866
Mzafram SoFIFA,FIFA14,2014,gk_kicking,16607,16607,1.0,15.522671162762691,16.18593269081363,11.0,all players in single retrieved source snapshot; composition-confounded,16.155569115166806,16.6206361764543,-0.03807904497065595
Mzafram SoFIFA,FIFA14,2014,gk_positioning,16607,16607,1.0,15.66182934906967,16.732266376670555,11.0,all players in single retrieved source snapshot; composition-confounded,16.323917783049268,17.13500394081391,-0.038639526215839826
Mzafram SoFIFA,FIFA14,2014,gk_reflexes,16607,16607,1.0,16.170169205756608,18.097135095331247,11.0,all players in single retrieved source snapshot; composition-confounded,16.60814627925791,17.988321348100666,-0.02434785686923176
Mzafram SoFIFA,FIFA15,2015,pace,16423,16423,1.0,68.01711015039884,10.372958018599984,68.0,all players in single retrieved source snapshot; composition-confounded,68.06696238807608,10.573185092118438,-0.004714968785934155
Mzafram SoFIFA,FIFA15,2015,shooting,16423,16423,1.0,52.401327406685745,13.380173226221448,54.0,all players in single retrieved source snapshot; composition-confounded,53.82602256989675,13.699417261244536,-0.10399677125255893
Mzafram SoFIFA,FIFA15,2015,passing,16423,16423,1.0,55.891006515253,10.600449836053292,57.0,all players in single retrieved source snapshot; composition-confounded,58.063836059729326,9.889874297157089,-0.21970244304327746
Mzafram SoFIFA,FIFA15,2015,dribbling,16423,16423,1.0,61.083845825975764,10.620829447995428,62.0,all players in single retrieved source snapshot; composition-confounded,63.14857601228592,9.682664312510836,-0.21323988105653402
Mzafram SoFIFA,FIFA15,2015,defending,16423,16423,1.0,49.256713146197406,15.258358155416152,51.0,all players in single retrieved source snapshot; composition-confounded,50.24930411770352,16.50351883303833,-0.06014420206671603
Mzafram SoFIFA,FIFA15,2015,physical,16423,16423,1.0,63.97473056079888,9.837201636018685,65.0,all players in single retrieved source snapshot; composition-confounded,64.90276844602285,9.442702640173835,-0.09828096050336711
Mzafram SoFIFA,FIFA15,2015,crossing,16423,16423,1.0,49.669487913292336,15.8542614788108,52.0,all players in single retrieved source snapshot; composition-confounded,49.92797789631011,18.099864210834156,-0.014281321672184074
Mzafram SoFIFA,FIFA15,2015,finishing,16423,16423,1.0,45.73031723801985,16.712217518848906,47.0,all players in single retrieved source snapshot; composition-confounded,46.06618080598939,19.561225144037714,-0.017169863620321926
Mzafram SoFIFA,FIFA15,2015,heading_accuracy,16423,16423,1.0,53.06283870182062,14.686989999301627,55.0,all players in single retrieved source snapshot; composition-confounded,52.28051255330527,17.337170423490242,0.045124211702698994
Mzafram SoFIFA,FIFA15,2015,short_passing,16423,16423,1.0,56.85331547220362,14.451125433781991,60.0,all players in single retrieved source snapshot; composition-confounded,59.07287910159196,14.419393756675133,-0.15392905324891643
Mzafram SoFIFA,FIFA15,2015,volleys,16423,16423,1.0,44.00572368020459,15.304694178076023,44.0,all players in single retrieved source snapshot; composition-confounded,42.97724499170426,17.67496350419197,0.05818844764553003
Mzafram SoFIFA,FIFA15,2015,dribbling_stat,16423,16423,1.0,54.561468671984414,16.179746186247208,58.0,all players in single retrieved source snapshot; composition-confounded,55.83361899930069,18.754448939635047,-0.0678319225166757
Mzafram SoFIFA,FIFA15,2015,curve,16423,16423,1.0,47.39907446873288,16.14575135599633,47.0,all players in single retrieved source snapshot; composition-confounded,47.705000754158156,18.22569911089295,-0.016785434872149098
Mzafram SoFIFA,FIFA15,2015,fk_accuracy,16423,16423,1.0,44.05072154904707,15.655839957834912,42.0,all players in single retrieved source snapshot; composition-confounded,43.072303199001766,17.302737950184984,0.0565470246883582
Mzafram SoFIFA,FIFA15,2015,long_passing,16423,16423,1.0,51.518175729160326,14.896121512960853,54.0,all players in single retrieved source snapshot; composition-confounded,53.3319667073455,14.972064232200324,-0.12114501715029152
Mzafram SoFIFA,FIFA15,2015,ball_control,16423,16423,1.0,57.432564086951224,15.275877601803609,61.0,all players in single retrieved source snapshot; composition-confounded,58.74506026409247,16.53959432167319,-0.07935479864952777
Mzafram SoFIFA,FIFA15,2015,acceleration,16423,16423,1.0,65.44979601777995,13.474046209575965,67.0,all players in single retrieved source snapshot; composition-confounded,64.8732602942588,14.944496187838686,0.03857846502649662
Mzafram SoFIFA,FIFA15,2015,sprint_speed,16423,16423,1.0,65.90665530049321,13.05584029290573,68.0,all players in single retrieved source snapshot; composition-confounded,65.04448847509221,14.674842921934621,0.05875134950250923
Mzafram SoFIFA,FIFA15,2015,agility,16423,16423,1.0,62.95281008341959,14.16429726615702,64.0,all players in single retrieved source snapshot; composition-confounded,63.5636166682664,14.701014599416837,-0.04154860065719787
Mzafram SoFIFA,FIFA15,2015,reactions,16423,16423,1.0,60.57048042379589,9.420614931377157,61.0,all players in single retrieved source snapshot; composition-confounded,61.92646958000247,8.815820321714323,-0.15381315711104357
Mzafram SoFIFA,FIFA15,2015,balance,16423,16423,1.0,63.93021981367594,13.331628878644384,65.0,all players in single retrieved source snapshot; composition-confounded,64.06036693222175,14.155481317852908,-0.009194114677094899
Mzafram SoFIFA,FIFA15,2015,shot_power,16423,16423,1.0,55.67435913048773,16.159081126647287,59.0,all players in single retrieved source snapshot; composition-confounded,57.25382221064323,14.802299511329739,-0.10670389954929445
Mzafram SoFIFA,FIFA15,2015,jumping,16423,16423,1.0,64.85727333617487,11.330335896187204,65.0,all players in single retrieved source snapshot; composition-confounded,65.04404969216635,11.793232732342812,-0.01583758755809604
Mzafram SoFIFA,FIFA15,2015,stamina,16423,16423,1.0,63.533459173110884,14.824191174770375,66.0,all players in single retrieved source snapshot; composition-confounded,63.28045770543954,15.815958396792604,0.015996594156611702
Mzafram SoFIFA,FIFA15,2015,strength,16423,16423,1.0,64.76879985386348,12.70078978157,66.0,all players in single retrieved source snapshot; composition-confounded,65.23014850059647,12.441615944031003,-0.03708108728065371
Mzafram SoFIFA,FIFA15,2015,long_shots,16423,16423,1.0,48.078913718565424,16.620128972853074,50.0,all players in single retrieved source snapshot; composition-confounded,47.21320736606837,19.28438926590002,0.04489156179956697
Mzafram SoFIFA,FIFA15,2015,aggression,16423,16423,1.0,55.32886805090422,16.905345520221555,58.0,all players in single retrieved source snapshot; composition-confounded,56.07014356428856,17.081632856186943,-0.04339605701780721
Mzafram SoFIFA,FIFA15,2015,interceptions,16423,16423,1.0,46.8752359495829,18.316201750705087,50.0,all players in single retrieved source snapshot; composition-confounded,46.992369290679974,20.64478439531632,-0.005673749788525145
Mzafram SoFIFA,FIFA15,2015,positioning,16423,16423,1.0,49.90294099738172,16.485423340893615,53.0,all players in single retrieved source snapshot; composition-confounded,50.4525360281918,19.5514082597481,-0.028110252903959493
Mzafram SoFIFA,FIFA15,2015,vision,16423,16423,1.0,50.39103696036047,15.241774254844579,52.0,all players in single retrieved source snapshot; composition-confounded,53.98977772902412,13.811741648689374,-0.2605566235019418
Mzafram SoFIFA,FIFA15,2015,penalties,16423,16423,1.0,49.36034829202947,14.535586992509659,50.0,all players in single retrieved source snapshot; composition-confounded,48.450897448203044,15.748403389665135,0.057748764831821155
Mzafram SoFIFA,FIFA15,2015,composure,16423,16423,1.0,0.0,0.0,0.0,all players in single retrieved source snapshot; composition-confounded,58.18756598883846,12.137002219106892,-4.794228833314016
Mzafram SoFIFA,FIFA15,2015,defensive_awareness,16423,16423,1.0,45.005114778055166,17.89539716309291,46.0,all players in single retrieved source snapshot; composition-confounded,46.42531777482209,20.56499077642037,-0.06905925765818074
Mzafram SoFIFA,FIFA15,2015,standing_tackle,16423,16423,1.0,47.67831699445899,18.72755072680119,52.0,all players in single retrieved source snapshot; composition-confounded,48.220529556143646,21.393492677153723,-0.025344742434866195
Mzafram SoFIFA,FIFA15,2015,sliding_tackle,16423,16423,1.0,45.981063143152895,18.147324983186778,49.0,all players in single retrieved source snapshot; composition-confounded,46.11065556911517,20.98222340301413,-0.00617629616619448
Mzafram SoFIFA,FIFA15,2015,gk_diving,16423,16423,1.0,15.929306460451805,17.621181969365114,11.0,all players in single retrieved source snapshot; composition-confounded,16.508878498265435,17.689972352915007,-0.03276274412707754
Mzafram SoFIFA,FIFA15,2015,gk_handling,16423,16423,1.0,15.555866772209706,16.434823441624143,11.0,all players in single retrieved source snapshot; composition-confounded,16.285579124902302,16.953695850182953,-0.04304149131498791
Mzafram SoFIFA,FIFA15,2015,gk_kicking,16423,16423,1.0,15.394264141752421,16.011295219363255,11.0,all players in single retrieved source snapshot; composition-confounded,16.155569115166806,16.6206361764543,-0.04580480345829907
Mzafram SoFIFA,FIFA15,2015,gk_positioning,16423,16423,1.0,15.580892650551057,16.66490898950343,11.0,all players in single retrieved source snapshot; composition-confounded,16.323917783049268,17.13500394081391,-0.043362997467914055
Mzafram SoFIFA,FIFA15,2015,gk_reflexes,16423,16423,1.0,16.0762954393229,18.022527801646227,11.0,all players in single retrieved source snapshot; composition-confounded,16.60814627925791,17.988321348100666,-0.029566452013109264
Mzafram SoFIFA,FIFA16,2016,pace,17026,17026,1.0,68.05967344062023,10.610976443498423,68.0,all players in single retrieved source snapshot; composition-confounded,68.06696238807608,10.573185092118438,-0.0006893804839642272
Mzafram SoFIFA,FIFA16,2016,shooting,17026,17026,1.0,53.430165629037944,13.782581757582136,56.0,all players in single retrieved source snapshot; composition-confounded,53.82602256989675,13.699417261244536,-0.028895896322442858
Mzafram SoFIFA,FIFA16,2016,passing,17026,17026,1.0,57.27093856454834,10.63250801719345,58.0,all players in single retrieved source snapshot; composition-confounded,58.063836059729326,9.889874297157089,-0.08017265653304728
Mzafram SoFIFA,FIFA16,2016,dribbling,17026,17026,1.0,62.244860801127686,10.634239683337498,63.0,all players in single retrieved source snapshot; composition-confounded,63.14857601228592,9.682664312510836,-0.09333332045711407
Mzafram SoFIFA,FIFA16,2016,defending,17026,17026,1.0,49.77416891812522,17.01790207179096,52.0,all players in single retrieved source snapshot; composition-confounded,50.24930411770352,16.50351883303833,-0.0287899328855326
Mzafram SoFIFA,FIFA16,2016,physical,17026,17026,1.0,64.7004581228709,9.58696626997496,66.0,all players in single retrieved source snapshot; composition-confounded,64.90276844602285,9.442702640173835,-0.021425044382020707
Mzafram SoFIFA,FIFA16,2016,crossing,17026,17026,1.0,49.70985551509456,18.414196151063692,54.0,all players in single retrieved source snapshot; composition-confounded,49.92797789631011,18.099864210834156,-0.01205105069710898
Mzafram SoFIFA,FIFA16,2016,finishing,17026,17026,1.0,45.25179137789264,19.202555557138627,48.0,all players in single retrieved source snapshot; composition-confounded,46.06618080598939,19.561225144037714,-0.04163284365371051
Mzafram SoFIFA,FIFA16,2016,heading_accuracy,17026,17026,1.0,52.586279807353456,17.43406931483879,56.0,all players in single retrieved source snapshot; composition-confounded,52.28051255330527,17.337170423490242,0.01763651429727533
Mzafram SoFIFA,FIFA16,2016,short_passing,17026,17026,1.0,58.01673910489839,14.950916658348602,62.0,all players in single retrieved source snapshot; composition-confounded,59.07287910159196,14.419393756675133,-0.07324441058450537
Mzafram SoFIFA,FIFA16,2016,volleys,17026,17026,1.0,43.472336426641604,17.599215270983187,45.0,all players in single retrieved source snapshot; composition-confounded,42.97724499170426,17.67496350419197,0.02801088866859174
Mzafram SoFIFA,FIFA16,2016,dribbling_stat,17026,17026,1.0,54.61635146246916,18.79991341094283,60.0,all players in single retrieved source snapshot; composition-confounded,55.83361899930069,18.754448939635047,-0.06490553472136386
Mzafram SoFIFA,FIFA16,2016,curve,17026,17026,1.0,47.24961823094091,18.36720848731506,49.0,all players in single retrieved source snapshot; composition-confounded,47.705000754158156,18.22569911089295,-0.024985736922710267
Mzafram SoFIFA,FIFA16,2016,fk_accuracy,17026,17026,1.0,43.6372606601668,17.697770271570725,43.0,all players in single retrieved source snapshot; composition-confounded,43.072303199001766,17.302737950184984,0.03265133314690214
Mzafram SoFIFA,FIFA16,2016,long_passing,17026,17026,1.0,52.38629155409374,15.588872396193233,56.0,all players in single retrieved source snapshot; composition-confounded,53.3319667073455,14.972064232200324,-0.06316264334599268
Mzafram SoFIFA,FIFA16,2016,ball_control,17026,17026,1.0,57.944614119581814,16.835417076095485,62.0,all players in single retrieved source snapshot; composition-confounded,58.74506026409247,16.53959432167319,-0.04839575439052748
Mzafram SoFIFA,FIFA16,2016,acceleration,17026,17026,1.0,65.27035122753436,13.965360002561862,67.0,all players in single retrieved source snapshot; composition-confounded,64.8732602942588,14.944496187838686,0.026571048517426955
Mzafram SoFIFA,FIFA16,2016,sprint_speed,17026,17026,1.0,65.5632561964055,13.65180596998106,68.0,all players in single retrieved source snapshot; composition-confounded,65.04448847509221,14.674842921934621,0.035350819362971776
Mzafram SoFIFA,FIFA16,2016,agility,17026,17026,1.0,63.135792317631854,14.486707023360776,65.0,all players in single retrieved source snapshot; composition-confounded,63.5636166682664,14.701014599416837,-0.029101688712799167
Mzafram SoFIFA,FIFA16,2016,reactions,17026,17026,1.0,61.68183953952778,9.38494888850974,62.0,all players in single retrieved source snapshot; composition-confounded,61.92646958000247,8.815820321714323,-0.0277489821193541
Mzafram SoFIFA,FIFA16,2016,balance,17026,17026,1.0,63.97127922001645,13.532296349586984,65.0,all players in single retrieved source snapshot; composition-confounded,64.06036693222175,14.155481317852908,-0.006293513459902492
Mzafram SoFIFA,FIFA16,2016,shot_power,17026,17026,1.0,55.90714201808998,17.681023573097328,60.0,all players in single retrieved source snapshot; composition-confounded,57.25382221064323,14.802299511329739,-0.09097776946902719
Mzafram SoFIFA,FIFA16,2016,jumping,17026,17026,1.0,65.07259485492776,11.56159169353074,65.0,all players in single retrieved source snapshot; composition-confounded,65.04404969216635,11.793232732342812,0.002420469722701133
Mzafram SoFIFA,FIFA16,2016,stamina,17026,17026,1.0,63.37754023258546,15.206760854028593,66.0,all players in single retrieved source snapshot; composition-confounded,63.28045770543954,15.815958396792604,0.0061382639426776535
Mzafram SoFIFA,FIFA16,2016,strength,17026,17026,1.0,65.32597204275814,12.52115994804075,66.0,all players in single retrieved source snapshot; composition-confounded,65.23014850059647,12.441615944031003,0.007701856623185683
Mzafram SoFIFA,FIFA16,2016,long_shots,17026,17026,1.0,47.659227064489606,19.082703819730252,52.0,all players in single retrieved source snapshot; composition-confounded,47.21320736606837,19.28438926590002,0.02312853636541767
Mzafram SoFIFA,FIFA16,2016,aggression,17026,17026,1.0,56.15875719487842,17.459533315992566,59.0,all players in single retrieved source snapshot; composition-confounded,56.07014356428856,17.081632856186943,0.0051876557315049645
Mzafram SoFIFA,FIFA16,2016,interceptions,17026,17026,1.0,46.77569599436156,20.30169834991977,51.0,all players in single retrieved source snapshot; composition-confounded,46.992369290679974,20.64478439531632,-0.010495304391145316
Mzafram SoFIFA,FIFA16,2016,positioning,17026,17026,1.0,49.609127217197226,19.236748497447525,54.0,all players in single retrieved source snapshot; composition-confounded,50.4525360281918,19.5514082597481,-0.043138008259536044
Mzafram SoFIFA,FIFA16,2016,vision,17026,17026,1.0,52.51021966404323,14.652168850550671,54.0,all players in single retrieved source snapshot; composition-confounded,53.98977772902412,13.811741648689374,-0.10712320738502165
Mzafram SoFIFA,FIFA16,2016,penalties,17026,17026,1.0,49.56830729472571,15.893246034288142,51.0,all players in single retrieved source snapshot; composition-confounded,48.450897448203044,15.748403389665135,0.07095384966173572
Mzafram SoFIFA,FIFA16,2016,composure,17026,17026,1.0,0.0,0.0,0.0,all players in single retrieved source snapshot; composition-confounded,58.18756598883846,12.137002219106892,-4.794228833314016
Mzafram SoFIFA,FIFA16,2016,defensive_awareness,17026,17026,1.0,44.33754258193351,21.66829854144192,48.0,all players in single retrieved source snapshot; composition-confounded,46.42531777482209,20.56499077642037,-0.10152084265860224
Mzafram SoFIFA,FIFA16,2016,standing_tackle,17026,17026,1.0,47.393633266768475,22.0108975682773,54.0,all players in single retrieved source snapshot; composition-confounded,48.220529556143646,21.393492677153723,-0.03865176677103405
Mzafram SoFIFA,FIFA16,2016,sliding_tackle,17026,17026,1.0,45.52719370374721,21.742510209818892,51.0,all players in single retrieved source snapshot; composition-confounded,46.11065556911517,20.98222340301413,-0.027807437475103003
Mzafram SoFIFA,FIFA16,2016,gk_diving,17026,17026,1.0,16.906672148478798,17.799932129521512,11.0,all players in single retrieved source snapshot; composition-confounded,16.508878498265435,17.689972352915007,0.02248695714596822
Mzafram SoFIFA,FIFA16,2016,gk_handling,17026,17026,1.0,16.553682603077647,16.68883738324983,11.0,all players in single retrieved source snapshot; composition-confounded,16.285579124902302,16.953695850182953,0.015813866223891908
Mzafram SoFIFA,FIFA16,2016,gk_kicking,17026,17026,1.0,16.399800305415248,16.347252889774225,11.0,all players in single retrieved source snapshot; composition-confounded,16.155569115166806,16.6206361764543,0.01469445499291015
Mzafram SoFIFA,FIFA16,2016,gk_positioning,17026,17026,1.0,16.576412545518618,16.922111853099,11.0,all players in single retrieved source snapshot; composition-confounded,16.323917783049268,17.13500394081391,0.014735611578584606
Mzafram SoFIFA,FIFA16,2016,gk_reflexes,17026,17026,1.0,17.04040878656173,18.169730132242414,11.0,all players in single retrieved source snapshot; composition-confounded,16.60814627925791,17.988321348100666,0.024030174852833788
Mzafram SoFIFA,FIFA17,2017,pace,17540,17540,1.0,68.14150513112885,10.611950794882473,69.0,all players in single retrieved source snapshot; composition-confounded,68.06696238807608,10.573185092118438,0.007050169121539396
Mzafram SoFIFA,FIFA17,2017,shooting,17540,17540,1.0,53.402109464082095,13.84151811863072,56.0,all players in single retrieved source snapshot; composition-confounded,53.82602256989675,13.699417261244536,-0.030943878687008087
Mzafram SoFIFA,FIFA17,2017,passing,17540,17540,1.0,57.44407069555302,10.476465816056583,58.0,all players in single retrieved source snapshot; composition-confounded,58.063836059729326,9.889874297157089,-0.06266665738658157
Mzafram SoFIFA,FIFA17,2017,dribbling,17540,17540,1.0,62.406043329532494,10.377493406766039,64.0,all players in single retrieved source snapshot; composition-confounded,63.14857601228592,9.682664312510836,-0.07668681457788551
Mzafram SoFIFA,FIFA17,2017,defending,17540,17540,1.0,49.55159635119726,16.988574041536733,52.0,all players in single retrieved source snapshot; composition-confounded,50.24930411770352,16.50351883303833,-0.04227630322749817
Mzafram SoFIFA,FIFA17,2017,physical,17540,17540,1.0,64.68192702394526,9.563889679218954,66.0,all players in single retrieved source snapshot; composition-confounded,64.90276844602285,9.442702640173835,-0.023387522671530197
Mzafram SoFIFA,FIFA17,2017,crossing,17540,17540,1.0,49.76539338654504,18.41241647919995,54.0,all players in single retrieved source snapshot; composition-confounded,49.92797789631011,18.099864210834156,-0.008982636989494591
Mzafram SoFIFA,FIFA17,2017,finishing,17540,17540,1.0,45.200570125427596,19.36405761081604,48.0,all players in single retrieved source snapshot; composition-confounded,46.06618080598939,19.561225144037714,-0.04425135308182029
Mzafram SoFIFA,FIFA17,2017,heading_accuracy,17540,17540,1.0,52.38597491448119,17.451458904406447,56.0,all players in single retrieved source snapshot; composition-confounded,52.28051255330527,17.337170423490242,0.00608302038913024
Mzafram SoFIFA,FIFA17,2017,short_passing,17540,17540,1.0,58.189851767388824,14.866455689473556,62.0,all players in single retrieved source snapshot; composition-confounded,59.07287910159196,14.419393756675133,-0.06123886684170458
Mzafram SoFIFA,FIFA17,2017,volleys,17540,17540,1.0,43.20946408209806,17.681369042846363,44.0,all players in single retrieved source snapshot; composition-confounded,42.97724499170426,17.67496350419197,0.013138306641409615
Mzafram SoFIFA,FIFA17,2017,dribbling_stat,17540,17540,1.0,54.88152793614595,18.86917363094892,60.0,all players in single retrieved source snapshot; composition-confounded,55.83361899930069,18.754448939635047,-0.050766144407614185
Mzafram SoFIFA,FIFA17,2017,curve,17540,17540,1.0,47.2421322690992,18.415012751970956,49.0,all players in single retrieved source snapshot; composition-confounded,47.705000754158156,18.22569911089295,-0.025396473531284873
Mzafram SoFIFA,FIFA17,2017,fk_accuracy,17540,17540,1.0,43.36237172177879,17.645580757193294,42.0,all players in single retrieved source snapshot; composition-confounded,43.072303199001766,17.302737950184984,0.016764313463692355
Mzafram SoFIFA,FIFA17,2017,long_passing,17540,17540,1.0,52.434948688711515,15.4910000289163,56.0,all players in single retrieved source snapshot; composition-confounded,53.3319667073455,14.972064232200324,-0.05991278187978749
Mzafram SoFIFA,FIFA17,2017,ball_control,17540,17540,1.0,58.0175598631699,16.755629411179232,63.0,all players in single retrieved source snapshot; composition-confounded,58.74506026409247,16.53959432167319,-0.0439853836057677
Mzafram SoFIFA,FIFA17,2017,acceleration,17540,17540,1.0,65.14760547320411,14.505715559391017,68.0,all players in single retrieved source snapshot; composition-confounded,64.8732602942588,14.944496187838686,0.018357606405531624
Mzafram SoFIFA,FIFA17,2017,sprint_speed,17540,17540,1.0,65.38643101482326,14.18229735219044,68.0,all players in single retrieved source snapshot; composition-confounded,65.04448847509221,14.674842921934621,0.023301274265767155
Mzafram SoFIFA,FIFA17,2017,agility,17540,17540,1.0,63.24720638540479,14.606827633624233,65.0,all players in single retrieved source snapshot; composition-confounded,63.5636166682664,14.701014599416837,-0.021523023511191012
Mzafram SoFIFA,FIFA17,2017,reactions,17540,17540,1.0,61.71550741163056,9.217813989983522,62.0,all players in single retrieved source snapshot; composition-confounded,61.92646958000247,8.815820321714323,-0.023929953274147864
Mzafram SoFIFA,FIFA17,2017,balance,17540,17540,1.0,63.99093500570125,13.790010841610648,66.0,all players in single retrieved source snapshot; composition-confounded,64.06036693222175,14.155481317852908,-0.004904949889124108
Mzafram SoFIFA,FIFA17,2017,shot_power,17540,17540,1.0,55.622805017103765,17.520911887323386,59.0,all players in single retrieved source snapshot; composition-confounded,57.25382221064323,14.802299511329739,-0.11018674445082512
Mzafram SoFIFA,FIFA17,2017,jumping,17540,17540,1.0,64.92805017103763,11.491197363056102,65.0,all players in single retrieved source snapshot; composition-confounded,65.04404969216635,11.793232732342812,-0.009836108873744238
Mzafram SoFIFA,FIFA17,2017,stamina,17540,17540,1.0,63.38449258836944,15.56311126568814,66.0,all players in single retrieved source snapshot; composition-confounded,63.28045770543954,15.815958396792604,0.006577842475293801
Mzafram SoFIFA,FIFA17,2017,strength,17540,17540,1.0,65.07730900798175,12.534402303468571,66.0,all players in single retrieved source snapshot; composition-confounded,65.23014850059647,12.441615944031003,-0.0122845370972927
Mzafram SoFIFA,FIFA17,2017,long_shots,17540,17540,1.0,47.38375142531357,19.14643202089917,52.0,all players in single retrieved source snapshot; composition-confounded,47.21320736606837,19.28438926590002,0.008843632893615656
Mzafram SoFIFA,FIFA17,2017,aggression,17540,17540,1.0,55.933295324971496,17.429411235837787,59.0,all players in single retrieved source snapshot; composition-confounded,56.07014356428856,17.081632856186943,-0.008011426101310606
Mzafram SoFIFA,FIFA17,2017,interceptions,17540,17540,1.0,46.732611174458384,20.51257637204406,52.0,all players in single retrieved source snapshot; composition-confounded,46.992369290679974,20.64478439531632,-0.012582263454421039
Mzafram SoFIFA,FIFA17,2017,positioning,17540,17540,1.0,49.61904218928164,19.38686803530391,54.0,all players in single retrieved source snapshot; composition-confounded,50.4525360281918,19.5514082597481,-0.04263088509210521
Mzafram SoFIFA,FIFA17,2017,vision,17540,17540,1.0,52.79042189281642,14.46485062829407,54.0,all players in single retrieved source snapshot; composition-confounded,53.98977772902412,13.811741648689374,-0.08683595933909685
Mzafram SoFIFA,FIFA17,2017,penalties,17540,17540,1.0,49.093956670467506,15.820377070062001,50.0,all players in single retrieved source snapshot; composition-confounded,48.450897448203044,15.748403389665135,0.04083329632554806
Mzafram SoFIFA,FIFA17,2017,composure,17540,17540,1.0,55.967787913340935,13.306343169286883,57.0,all players in single retrieved source snapshot; composition-confounded,58.18756598883846,12.137002219106892,-0.18289343904073754
Mzafram SoFIFA,FIFA17,2017,defensive_awareness,17540,17540,1.0,44.22434435575827,21.533387675314252,48.0,all players in single retrieved source snapshot; composition-confounded,46.42531777482209,20.56499077642037,-0.10702525680621444
Mzafram SoFIFA,FIFA17,2017,standing_tackle,17540,17540,1.0,47.45045610034207,21.78449956080386,54.0,all players in single retrieved source snapshot; composition-confounded,48.220529556143646,21.393492677153723,-0.03599568651190555
Mzafram SoFIFA,FIFA17,2017,sliding_tackle,17540,17540,1.0,45.53426453819841,21.457165315746163,52.0,all players in single retrieved source snapshot; composition-confounded,46.11065556911517,20.98222340301413,-0.027470445807662135
Mzafram SoFIFA,FIFA17,2017,gk_diving,17540,17540,1.0,16.811288483466363,17.787830652455238,11.0,all players in single retrieved source snapshot; composition-confounded,16.508878498265435,17.689972352915007,0.017094994789581784
Mzafram SoFIFA,FIFA17,2017,gk_handling,17540,17540,1.0,16.53192702394527,16.941961294399945,11.0,all players in single retrieved source snapshot; composition-confounded,16.285579124902302,16.953695850182953,0.014530631032897052
Mzafram SoFIFA,FIFA17,2017,gk_kicking,17540,17540,1.0,16.438027366020524,16.578447005576155,11.0,all players in single retrieved source snapshot; composition-confounded,16.155569115166806,16.6206361764543,0.016994430769976428
Mzafram SoFIFA,FIFA17,2017,gk_positioning,17540,17540,1.0,16.588996579247436,17.125700805209217,11.0,all players in single retrieved source snapshot; composition-confounded,16.323917783049268,17.13500394081391,0.015470016646262678
Mzafram SoFIFA,FIFA17,2017,gk_reflexes,17540,17540,1.0,16.884834663626,18.02841632251961,11.0,all players in single retrieved source snapshot; composition-confounded,16.60814627925791,17.988321348100666,0.015381556678567125
Mzafram SoFIFA,FIFA18,2018,pace,17943,17943,1.0,67.98233294320904,10.751590091299683,69.0,all players in single retrieved source snapshot; composition-confounded,68.06696238807608,10.573185092118438,-0.008004158078166887
Mzafram SoFIFA,FIFA18,2018,shooting,17943,17943,1.0,53.479072618848576,13.790233283432945,56.0,all players in single retrieved source snapshot; composition-confounded,53.82602256989675,13.699417261244536,-0.025325891199014034
Mzafram SoFIFA,FIFA18,2018,passing,17943,17943,1.0,57.619294432369166,10.33030915866399,58.0,all players in single retrieved source snapshot; composition-confounded,58.063836059729326,9.889874297157089,-0.04494916861460473
Mzafram SoFIFA,FIFA18,2018,dribbling,17943,17943,1.0,62.685671292426015,10.240749060451458,64.0,all players in single retrieved source snapshot; composition-confounded,63.14857601228592,9.682664312510836,-0.04780757701801084
Mzafram SoFIFA,FIFA18,2018,defending,17943,17943,1.0,49.465306804882125,17.051332280369973,52.0,all players in single retrieved source snapshot; composition-confounded,50.24930411770352,16.50351883303833,-0.04750485764598941
Mzafram SoFIFA,FIFA18,2018,physical,17943,17943,1.0,64.73220754611826,9.619270265126406,66.0,all players in single retrieved source snapshot; composition-confounded,64.90276844602285,9.442702640173835,-0.01806272064302202
Mzafram SoFIFA,FIFA18,2018,crossing,17943,17943,1.0,49.76425346931951,18.428024463142528,54.0,all players in single retrieved source snapshot; composition-confounded,49.92797789631011,18.099864210834156,-0.009045616314215006
Mzafram SoFIFA,FIFA18,2018,finishing,17943,17943,1.0,45.342027531627934,19.534535040417495,48.0,all players in single retrieved source snapshot; composition-confounded,46.06618080598939,19.561225144037714,-0.03701983229727195
Mzafram SoFIFA,FIFA18,2018,heading_accuracy,17943,17943,1.0,52.279384718274535,17.45673459126067,56.0,all players in single retrieved source snapshot; composition-confounded,52.28051255330527,17.337170423490242,-6.505300479761818e-05
Mzafram SoFIFA,FIFA18,2018,short_passing,17943,17943,1.0,58.49445466198517,14.82621316801646,62.0,all players in single retrieved source snapshot; composition-confounded,59.07287910159196,14.419393756675133,-0.040114338325702235
Mzafram SoFIFA,FIFA18,2018,volleys,17943,17943,1.0,42.99158446190715,17.71391692657373,44.0,all players in single retrieved source snapshot; composition-confounded,42.97724499170426,17.67496350419197,0.0008112871180464106
Mzafram SoFIFA,FIFA18,2018,dribbling_stat,17943,17943,1.0,55.150142116702895,18.988798249521246,61.0,all players in single retrieved source snapshot; composition-confounded,55.83361899930069,18.754448939635047,-0.03644345321996407
Mzafram SoFIFA,FIFA18,2018,curve,17943,17943,1.0,47.19238700328819,18.447380593276623,48.0,all players in single retrieved source snapshot; composition-confounded,47.705000754158156,18.22569911089295,-0.02812587587181187
Mzafram SoFIFA,FIFA18,2018,fk_accuracy,17943,17943,1.0,42.96806554087945,17.52227696770362,42.0,all players in single retrieved source snapshot; composition-confounded,43.072303199001766,17.302737950184984,-0.006024344726390589
Mzafram SoFIFA,FIFA18,2018,long_passing,17943,17943,1.0,52.60909546898512,15.417014776724104,56.0,all players in single retrieved source snapshot; composition-confounded,53.3319667073455,14.972064232200324,-0.048281334300297005
Mzafram SoFIFA,FIFA18,2018,ball_control,17943,17943,1.0,58.237975812294486,16.762394388801958,63.0,all players in single retrieved source snapshot; composition-confounded,58.74506026409247,16.53959432167319,-0.030658820400057338
Mzafram SoFIFA,FIFA18,2018,acceleration,17943,17943,1.0,64.82316223596946,14.891271945231507,67.0,all players in single retrieved source snapshot; composition-confounded,64.8732602942588,14.944496187838686,-0.003352274821422504
Mzafram SoFIFA,FIFA18,2018,sprint_speed,17943,17943,1.0,65.04352672351335,14.622373253576272,68.0,all players in single retrieved source snapshot; composition-confounded,65.04448847509221,14.674842921934621,-6.553743600340094e-05
Mzafram SoFIFA,FIFA18,2018,agility,17943,17943,1.0,63.194783481023244,14.711277358961285,65.0,all players in single retrieved source snapshot; composition-confounded,63.5636166682664,14.701014599416837,-0.025088961360380233
Mzafram SoFIFA,FIFA18,2018,reactions,17943,17943,1.0,61.71320292035892,9.080455380202098,62.0,all players in single retrieved source snapshot; composition-confounded,61.92646958000247,8.815820321714323,-0.02419135733951523
Mzafram SoFIFA,FIFA18,2018,balance,17943,17943,1.0,63.86975422170206,14.01043515131267,66.0,all players in single retrieved source snapshot; composition-confounded,64.06036693222175,14.155481317852908,-0.013465646715897499
Mzafram SoFIFA,FIFA18,2018,shot_power,17943,17943,1.0,55.55531405004737,17.299465835269643,59.0,all players in single retrieved source snapshot; composition-confounded,57.25382221064323,14.802299511329739,-0.1147462365084433
Mzafram SoFIFA,FIFA18,2018,jumping,17943,17943,1.0,64.82561444574486,11.6831111903862,66.0,all players in single retrieved source snapshot; composition-confounded,65.04404969216635,11.793232732342812,-0.018522083925507228
Mzafram SoFIFA,FIFA18,2018,stamina,17943,17943,1.0,63.29326199632168,15.771021574925554,66.0,all players in single retrieved source snapshot; composition-confounded,63.28045770543954,15.815958396792604,0.0008095804605012638
Mzafram SoFIFA,FIFA18,2018,strength,17943,17943,1.0,65.15643983726244,12.562367120877223,66.0,all players in single retrieved source snapshot; composition-confounded,65.23014850059647,12.441615944031003,-0.005924364139321762
Mzafram SoFIFA,FIFA18,2018,long_shots,17943,17943,1.0,47.0715599398094,19.27905308972432,51.0,all players in single retrieved source snapshot; composition-confounded,47.21320736606837,19.28438926590002,-0.007345186010606044
Mzafram SoFIFA,FIFA18,2018,aggression,17943,17943,1.0,55.840885024800755,17.469497508049216,59.0,all players in single retrieved source snapshot; composition-confounded,56.07014356428856,17.081632856186943,-0.01342134803024786
Mzafram SoFIFA,FIFA18,2018,interceptions,17943,17943,1.0,46.644763974809116,20.705558532219353,52.0,all players in single retrieved source snapshot; composition-confounded,46.992369290679974,20.64478439531632,-0.01683743986930274
Mzafram SoFIFA,FIFA18,2018,positioning,17943,17943,1.0,49.72774898289026,19.529483259099937,55.0,all players in single retrieved source snapshot; composition-confounded,50.4525360281918,19.5514082597481,-0.03707083580233507
Mzafram SoFIFA,FIFA18,2018,vision,17943,17943,1.0,53.15382043136599,14.279113264016484,55.0,all players in single retrieved source snapshot; composition-confounded,53.98977772902412,13.811741648689374,-0.06052511833201369
Mzafram SoFIFA,FIFA18,2018,penalties,17943,17943,1.0,48.668394359917514,15.798893127213551,50.0,all players in single retrieved source snapshot; composition-confounded,48.450897448203044,15.748403389665135,0.013810727750166842
Mzafram SoFIFA,FIFA18,2018,composure,17943,17943,1.0,57.870311542105554,12.732140732093292,60.0,all players in single retrieved source snapshot; composition-confounded,58.18756598883846,12.137002219106892,-0.026139440448767474
Mzafram SoFIFA,FIFA18,2018,defensive_awareness,17943,17943,1.0,44.19350164409519,21.51778077543363,48.0,all players in single retrieved source snapshot; composition-confounded,46.42531777482209,20.56499077642037,-0.10852502463973278
Mzafram SoFIFA,FIFA18,2018,standing_tackle,17943,17943,1.0,47.59772613275372,21.784764320182212,55.0,all players in single retrieved source snapshot; composition-confounded,48.220529556143646,21.393492677153723,-0.029111816045587626
Mzafram SoFIFA,FIFA18,2018,sliding_tackle,17943,17943,1.0,45.63835479016887,21.419120054490516,52.0,all players in single retrieved source snapshot; composition-confounded,46.11065556911517,20.98222340301413,-0.022509567736203377
Mzafram SoFIFA,FIFA18,2018,gk_diving,17943,17943,1.0,16.75132363595831,17.818035341753724,11.0,all players in single retrieved source snapshot; composition-confounded,16.508878498265435,17.689972352915007,0.01370522988143195
Mzafram SoFIFA,FIFA18,2018,gk_handling,17943,17943,1.0,16.522933734604024,17.03147473105888,11.0,all players in single retrieved source snapshot; composition-confounded,16.285579124902302,16.953695850182953,0.014000169154807651
Mzafram SoFIFA,FIFA18,2018,gk_kicking,17943,17943,1.0,16.358078359248733,16.58983295125664,11.0,all players in single retrieved source snapshot; composition-confounded,16.155569115166806,16.6206361764543,0.012184205341598945
Mzafram SoFIFA,FIFA18,2018,gk_positioning,17943,17943,1.0,16.510561221646324,17.116817459128804,11.0,all players in single retrieved source snapshot; composition-confounded,16.323917783049268,17.13500394081391,0.010892523820930627
Mzafram SoFIFA,FIFA18,2018,gk_reflexes,17943,17943,1.0,16.868193724572258,18.10284957377334,11.0,all players in single retrieved source snapshot; composition-confounded,16.60814627925791,17.988321348100666,0.014456459848701043
Mzafram SoFIFA,FIFA19,2019,pace,17958,17958,1.0,67.79452054794521,10.836008341652928,68.0,all players in single retrieved source snapshot; composition-confounded,68.06696238807608,10.573185092118438,-0.02576724400048127
Mzafram SoFIFA,FIFA19,2019,shooting,17958,17958,1.0,53.55050673794409,13.803296692318114,56.0,all players in single retrieved source snapshot; composition-confounded,53.82602256989675,13.699417261244536,-0.02011150012432212
Mzafram SoFIFA,FIFA19,2019,passing,17958,17958,1.0,57.860340795188776,10.21197467202058,59.0,all players in single retrieved source snapshot; composition-confounded,58.063836059729326,9.889874297157089,-0.020576122448699448
Mzafram SoFIFA,FIFA19,2019,dribbling,17958,17958,1.0,62.951052455730036,10.1585382886499,64.0,all players in single retrieved source snapshot; composition-confounded,63.14857601228592,9.682664312510836,-0.020399711296473298
Mzafram SoFIFA,FIFA19,2019,defending,17958,17958,1.0,50.383004788952,16.32517341598925,53.0,all players in single retrieved source snapshot; composition-confounded,50.24930411770352,16.50351883303833,0.008101343271159163
Mzafram SoFIFA,FIFA19,2019,physical,17958,17958,1.0,64.83661877714668,9.564362890634127,66.0,all players in single retrieved source snapshot; composition-confounded,64.90276844602285,9.442702640173835,-0.007005374562440599
Mzafram SoFIFA,FIFA19,2019,crossing,17958,17958,1.0,49.84190889854104,18.446646620528426,54.0,all players in single retrieved source snapshot; composition-confounded,49.92797789631011,18.099864210834156,-0.004755228921416405
Mzafram SoFIFA,FIFA19,2019,finishing,17958,17958,1.0,45.461521327542044,19.61848629542403,49.0,all players in single retrieved source snapshot; composition-confounded,46.06618080598939,19.561225144037714,-0.030911125146557937
Mzafram SoFIFA,FIFA19,2019,heading_accuracy,17958,17958,1.0,52.20609199242677,17.493833342298984,56.0,all players in single retrieved source snapshot; composition-confounded,52.28051255330527,17.337170423490242,-0.004292543653932594
Mzafram SoFIFA,FIFA19,2019,short_passing,17958,17958,1.0,58.72246352600512,14.788629844629192,62.0,all players in single retrieved source snapshot; composition-confounded,59.07287910159196,14.419393756675133,-0.024301685736587905
Mzafram SoFIFA,FIFA19,2019,volleys,17958,17958,1.0,42.832553736496266,17.786684888448193,44.0,all players in single retrieved source snapshot; composition-confounded,42.97724499170426,17.67496350419197,-0.008186226533009737
Mzafram SoFIFA,FIFA19,2019,dribbling_stat,17958,17958,1.0,55.43050451052456,19.0649512763463,61.0,all players in single retrieved source snapshot; composition-confounded,55.83361899930069,18.754448939635047,-0.021494339293766384
Mzafram SoFIFA,FIFA19,2019,curve,17958,17958,1.0,47.309277202361066,18.53112574459416,49.0,all players in single retrieved source snapshot; composition-confounded,47.705000754158156,18.22569911089295,-0.02171239354876533
Mzafram SoFIFA,FIFA19,2019,fk_accuracy,17958,17958,1.0,42.74323421316405,17.570165532427165,41.0,all players in single retrieved source snapshot; composition-confounded,43.072303199001766,17.302737950184984,-0.019018318764643653
Mzafram SoFIFA,FIFA19,2019,long_passing,17958,17958,1.0,52.85956119835171,15.340145690083094,56.0,all players in single retrieved source snapshot; composition-confounded,53.3319667073455,14.972064232200324,-0.03155246341902462
Mzafram SoFIFA,FIFA19,2019,ball_control,17958,17958,1.0,58.33795522886736,16.873133576548828,63.0,all players in single retrieved source snapshot; composition-confounded,58.74506026409247,16.53959432167319,-0.024613967386833167
Mzafram SoFIFA,FIFA19,2019,acceleration,17958,17958,1.0,64.58709210379774,15.058972481070429,67.0,all players in single retrieved source snapshot; composition-confounded,64.8732602942588,14.944496187838686,-0.019148734548437216
Mzafram SoFIFA,FIFA19,2019,sprint_speed,17958,17958,1.0,64.73621784163048,14.778253785138332,67.0,all players in single retrieved source snapshot; composition-confounded,65.04448847509221,14.674842921934621,-0.021006741612270098
Mzafram SoFIFA,FIFA19,2019,agility,17958,17958,1.0,63.43952555963916,14.828243791538315,66.0,all players in single retrieved source snapshot; composition-confounded,63.5636166682664,14.701014599416837,-0.008440989415258655
Mzafram SoFIFA,FIFA19,2019,reactions,17958,17958,1.0,61.84207595500612,9.055797532533472,62.0,all players in single retrieved source snapshot; composition-confounded,61.92646958000247,8.815820321714323,-0.009572974710983409
Mzafram SoFIFA,FIFA19,2019,balance,17958,17958,1.0,63.88049894197572,14.197157462930983,66.0,all players in single retrieved source snapshot; composition-confounded,64.06036693222175,14.155481317852908,-0.012706596561939652
Mzafram SoFIFA,FIFA19,2019,shot_power,17958,17958,1.0,55.38790511192783,17.35501866776833,59.0,all players in single retrieved source snapshot; composition-confounded,57.25382221064323,14.802299511329739,-0.12605589403776213
Mzafram SoFIFA,FIFA19,2019,jumping,17958,17958,1.0,65.00657088762668,11.665730853519982,66.0,all players in single retrieved source snapshot; composition-confounded,65.04404969216635,11.793232732342812,-0.003177992446200854
Mzafram SoFIFA,FIFA19,2019,stamina,17958,17958,1.0,63.04716560864239,15.983346681115188,66.0,all players in single retrieved source snapshot; composition-confounded,63.28045770543954,15.815958396792604,-0.014750424283138023
Mzafram SoFIFA,FIFA19,2019,strength,17958,17958,1.0,65.30771800868693,12.48316284524897,67.0,all players in single retrieved source snapshot; composition-confounded,65.23014850059647,12.441615944031003,0.006234681124976968
Mzafram SoFIFA,FIFA19,2019,long_shots,17958,17958,1.0,46.94420314066154,19.410206146736616,51.0,all players in single retrieved source snapshot; composition-confounded,47.21320736606837,19.28438926590002,-0.013949325627983266
Mzafram SoFIFA,FIFA19,2019,aggression,17958,17958,1.0,55.93835616438356,17.3608331508296,59.0,all players in single retrieved source snapshot; composition-confounded,56.07014356428856,17.081632856186943,-0.007715152351917016
Mzafram SoFIFA,FIFA19,2019,interceptions,17958,17958,1.0,46.726751308608975,20.749611933825452,53.0,all players in single retrieved source snapshot; composition-confounded,46.992369290679974,20.64478439531632,-0.012866105888287219
Mzafram SoFIFA,FIFA19,2019,positioning,17958,17958,1.0,49.976389352934625,19.696471667851338,55.0,all players in single retrieved source snapshot; composition-confounded,50.4525360281918,19.5514082597481,-0.024353574378447918
Mzafram SoFIFA,FIFA19,2019,vision,17958,17958,1.0,53.549504399153584,14.098150628001227,55.0,all players in single retrieved source snapshot; composition-confounded,53.98977772902412,13.811741648689374,-0.031876742344968075
Mzafram SoFIFA,FIFA19,2019,penalties,17958,17958,1.0,48.37147789286112,15.804115522035083,49.0,all players in single retrieved source snapshot; composition-confounded,48.450897448203044,15.748403389665135,-0.005043022672002447
Mzafram SoFIFA,FIFA19,2019,composure,17958,17958,1.0,58.742733043768794,11.613128937011894,60.0,all players in single retrieved source snapshot; composition-confounded,58.18756598883846,12.137002219106892,0.04574169509966432
Mzafram SoFIFA,FIFA19,2019,defensive_awareness,17958,17958,1.0,47.23900211604856,20.0436018245643,53.0,all players in single retrieved source snapshot; composition-confounded,46.42531777482209,20.56499077642037,0.03956648218677699
Mzafram SoFIFA,FIFA19,2019,standing_tackle,17958,17958,1.0,47.84808998774919,21.629252595779178,55.0,all players in single retrieved source snapshot; composition-confounded,48.220529556143646,21.393492677153723,-0.017409011890432743
Mzafram SoFIFA,FIFA19,2019,sliding_tackle,17958,17958,1.0,45.80331885510636,21.23865016262531,52.0,all players in single retrieved source snapshot; composition-confounded,46.11065556911517,20.98222340301413,-0.014647480779594397
Mzafram SoFIFA,FIFA19,2019,gk_diving,17958,17958,1.0,16.772914578460853,17.883045485281684,11.0,all players in single retrieved source snapshot; composition-confounded,16.508878498265435,17.689972352915007,0.014925748606492801
Mzafram SoFIFA,FIFA19,2019,gk_handling,17958,17958,1.0,16.530459962133868,17.089703320849353,11.0,all players in single retrieved source snapshot; composition-confounded,16.285579124902302,16.953695850182953,0.01444409758176259
Mzafram SoFIFA,FIFA19,2019,gk_kicking,17958,17958,1.0,16.37047555407061,16.7045802637978,11.0,all players in single retrieved source snapshot; composition-confounded,16.155569115166806,16.6206361764543,0.012930097056588681
Mzafram SoFIFA,FIFA19,2019,gk_positioning,17958,17958,1.0,16.532353268738166,17.232693836779966,11.0,all players in single retrieved source snapshot; composition-confounded,16.323917783049268,17.13500394081391,0.012164309177217378
Mzafram SoFIFA,FIFA19,2019,gk_reflexes,17958,17958,1.0,16.869139102349926,18.190798181600314,11.0,all players in single retrieved source snapshot; composition-confounded,16.60814627925791,17.988321348100666,0.014509014934824645
Mzafram SoFIFA,FIFA20,2020,pace,18490,18490,1.0,68.06176311519741,10.711349869970118,69.0,all players in single retrieved source snapshot; composition-confounded,68.06696238807608,10.573185092118438,-0.0004917414036897689
Mzafram SoFIFA,FIFA20,2020,shooting,18490,18490,1.0,54.093888588426175,13.635954861183356,57.0,all players in single retrieved source snapshot; composition-confounded,53.82602256989675,13.699417261244536,0.01955309583037624
Mzafram SoFIFA,FIFA20,2020,passing,18490,18490,1.0,58.439264467279614,9.672406694860477,59.0,all players in single retrieved source snapshot; composition-confounded,58.063836059729326,9.889874297157089,0.03796088769886666
Mzafram SoFIFA,FIFA20,2020,dribbling,18490,18490,1.0,63.579015684153596,9.620379761996537,64.0,all players in single retrieved source snapshot; composition-confounded,63.14857601228592,9.682664312510836,0.044454672595796704
Mzafram SoFIFA,FIFA20,2020,defending,18490,18490,1.0,50.659816116819904,16.321662292751828,55.0,all players in single retrieved source snapshot; composition-confounded,50.24930411770352,16.50351883303833,0.024874210358980235
Mzafram SoFIFA,FIFA20,2020,physical,18490,18490,1.0,65.27052460789616,9.132338832003875,66.0,all players in single retrieved source snapshot; composition-confounded,64.90276844602285,9.442702640173835,0.03894607040877296
Mzafram SoFIFA,FIFA20,2020,crossing,18490,18490,1.0,50.61725256895619,18.046431156063843,55.0,all players in single retrieved source snapshot; composition-confounded,49.92797789631011,18.099864210834156,0.03808175932245364
Mzafram SoFIFA,FIFA20,2020,finishing,18490,18490,1.0,46.44537587885343,19.37543080996661,50.0,all players in single retrieved source snapshot; composition-confounded,46.06618080598939,19.561225144037714,0.019385036983719912
Mzafram SoFIFA,FIFA20,2020,heading_accuracy,18490,18490,1.0,52.79313142239048,17.18710971266893,56.0,all players in single retrieved source snapshot; composition-confounded,52.28051255330527,17.337170423490242,0.02956762012275419
Mzafram SoFIFA,FIFA20,2020,short_passing,18490,18490,1.0,59.639588967009196,14.119332685461996,63.0,all players in single retrieved source snapshot; composition-confounded,59.07287910159196,14.419393756675133,0.03930192038447471
Mzafram SoFIFA,FIFA20,2020,volleys,18490,18490,1.0,43.3868036776636,17.578041362278768,45.0,all players in single retrieved source snapshot; composition-confounded,42.97724499170426,17.67496350419197,0.023171684957776835
Mzafram SoFIFA,FIFA20,2020,dribbling_stat,18490,18490,1.0,56.33050297458085,18.546818975833958,62.0,all players in single retrieved source snapshot; composition-confounded,55.83361899930069,18.754448939635047,0.026494192224974643
Mzafram SoFIFA,FIFA20,2020,curve,18490,18490,1.0,47.98826392644673,18.196541986121407,50.0,all players in single retrieved source snapshot; composition-confounded,47.705000754158156,18.22569911089295,0.015541964704073982
Mzafram SoFIFA,FIFA20,2020,fk_accuracy,18490,18490,1.0,43.171930773391026,17.29741808384421,42.0,all players in single retrieved source snapshot; composition-confounded,43.072303199001766,17.302737950184984,0.005757908064960003
Mzafram SoFIFA,FIFA20,2020,long_passing,18490,18490,1.0,53.55878853434289,14.859650952809346,57.0,all players in single retrieved source snapshot; composition-confounded,53.3319667073455,14.972064232200324,0.015149669643385773
Mzafram SoFIFA,FIFA20,2020,ball_control,18490,18490,1.0,59.45813953488372,16.167056656368608,63.0,all players in single retrieved source snapshot; composition-confounded,58.74506026409247,16.53959432167319,0.04311346801637337
Mzafram SoFIFA,FIFA20,2020,acceleration,18490,18490,1.0,64.9665765278529,14.7716004843899,68.0,all players in single retrieved source snapshot; composition-confounded,64.8732602942588,14.944496187838686,0.006244187319612181
Mzafram SoFIFA,FIFA20,2020,sprint_speed,18490,18490,1.0,65.13693888588426,14.48331180200067,68.0,all players in single retrieved source snapshot; composition-confounded,65.04448847509221,14.674842921934621,0.006299925067945198
Mzafram SoFIFA,FIFA20,2020,agility,18490,18490,1.0,64.00237966468362,14.51265257133538,66.0,all players in single retrieved source snapshot; composition-confounded,63.5636166682664,14.701014599416837,0.029845762919970344
Mzafram SoFIFA,FIFA20,2020,reactions,18490,18490,1.0,62.515575987020014,8.370794518538377,62.0,all players in single retrieved source snapshot; composition-confounded,61.92646958000247,8.815820321714323,0.06682377651986769
Mzafram SoFIFA,FIFA20,2020,balance,18490,18490,1.0,64.19437533802055,13.988006558341747,66.0,all players in single retrieved source snapshot; composition-confounded,64.06036693222175,14.155481317852908,0.009466891502289194
Mzafram SoFIFA,FIFA20,2020,shot_power,18490,18490,1.0,58.64721471065441,13.043049288859866,60.0,all players in single retrieved source snapshot; composition-confounded,57.25382221064323,14.802299511329739,0.09413351614353385
Mzafram SoFIFA,FIFA20,2020,jumping,18490,18490,1.0,65.1433207138994,11.692250349351836,66.0,all players in single retrieved source snapshot; composition-confounded,65.04404969216635,11.793232732342812,0.008417625937356073
Mzafram SoFIFA,FIFA20,2020,stamina,18490,18490,1.0,63.72417522985398,15.496215092366027,67.0,all players in single retrieved source snapshot; composition-confounded,63.28045770543954,15.815958396792604,0.02805505131477977
Mzafram SoFIFA,FIFA20,2020,strength,18490,18490,1.0,65.59048134126554,12.233816198275095,67.0,all players in single retrieved source snapshot; composition-confounded,65.23014850059647,12.441615944031003,0.028961900310220317
Mzafram SoFIFA,FIFA20,2020,long_shots,18490,18490,1.0,47.69069767441861,19.067722664054397,52.0,all players in single retrieved source snapshot; composition-confounded,47.21320736606837,19.28438926590002,0.024760457889873234
Mzafram SoFIFA,FIFA20,2020,aggression,18490,18490,1.0,56.42785289345592,17.012695694857825,59.0,all players in single retrieved source snapshot; composition-confounded,56.07014356428856,17.081632856186943,0.020941167169378754
Mzafram SoFIFA,FIFA20,2020,interceptions,18490,18490,1.0,47.22958355868037,20.612283244232696,54.0,all players in single retrieved source snapshot; composition-confounded,46.992369290679974,20.64478439531632,0.011490275871043246
Mzafram SoFIFA,FIFA20,2020,positioning,18490,18490,1.0,50.937263385613846,19.33204384368096,56.0,all players in single retrieved source snapshot; composition-confounded,50.4525360281918,19.5514082597481,0.02479245233807472
Mzafram SoFIFA,FIFA20,2020,vision,18490,18490,1.0,54.38177393185506,13.708421688612034,56.0,all players in single retrieved source snapshot; composition-confounded,53.98977772902412,13.811741648689374,0.028381373819581678
Mzafram SoFIFA,FIFA20,2020,penalties,18490,18490,1.0,48.729096809085995,15.544218136155887,50.0,all players in single retrieved source snapshot; composition-confounded,48.450897448203044,15.748403389665135,0.017665242247066063
Mzafram SoFIFA,FIFA20,2020,composure,18490,18490,1.0,59.137804218496484,11.485478580277984,60.0,all players in single retrieved source snapshot; composition-confounded,58.18756598883846,12.137002219106892,0.07829266341915116
Mzafram SoFIFA,FIFA20,2020,defensive_awareness,18490,18490,1.0,47.558193618171984,19.99087390983985,54.0,all players in single retrieved source snapshot; composition-confounded,46.42531777482209,20.56499077642037,0.05508759306854825
Mzafram SoFIFA,FIFA20,2020,standing_tackle,18490,18490,1.0,48.37279610600324,21.430776175064878,57.0,all players in single retrieved source snapshot; composition-confounded,48.220529556143646,21.393492677153723,0.007117423609011894
Mzafram SoFIFA,FIFA20,2020,sliding_tackle,18490,18490,1.0,46.23244997295836,21.064184960460036,54.0,all players in single retrieved source snapshot; composition-confounded,46.11065556911517,20.98222340301413,0.005804647176985712
Mzafram SoFIFA,FIFA20,2020,gk_diving,18490,18490,1.0,16.379448350459707,17.663931696650852,11.0,all players in single retrieved source snapshot; composition-confounded,16.508878498265435,17.689972352915007,-0.007316582820119553
Mzafram SoFIFA,FIFA20,2020,gk_handling,18490,18490,1.0,16.163818280151432,16.91681488883776,11.0,all players in single retrieved source snapshot; composition-confounded,16.285579124902302,16.953695850182953,-0.00718196467760487
Mzafram SoFIFA,FIFA20,2020,gk_kicking,18490,18490,1.0,16.02412114656571,16.535147418772937,11.0,all players in single retrieved source snapshot; composition-confounded,16.155569115166806,16.6206361764543,-0.007908720653383319
Mzafram SoFIFA,FIFA20,2020,gk_positioning,18490,18490,1.0,16.236830719307733,17.151600180911036,11.0,all players in single retrieved source snapshot; composition-confounded,16.323917783049268,17.13500394081391,-0.0050824069864438244
Mzafram SoFIFA,FIFA20,2020,gk_reflexes,18490,18490,1.0,16.485722011898325,17.97631506243609,11.0,all players in single retrieved source snapshot; composition-confounded,16.60814627925791,17.988321348100666,-0.00680576386147951
Mzafram SoFIFA,FIFA21,2021,pace,18483,18483,1.0,67.83471297949467,10.465940017853358,68.0,all players in single retrieved source snapshot; composition-confounded,68.06696238807608,10.573185092118438,-0.02196588885543444
Mzafram SoFIFA,FIFA21,2021,shooting,18483,18483,1.0,54.00681707515014,13.679430794830552,57.0,all players in single retrieved source snapshot; composition-confounded,53.82602256989675,13.699417261244536,0.013197240569119193
Mzafram SoFIFA,FIFA21,2021,passing,18483,18483,1.0,58.307309419466534,9.644339351600685,59.0,all players in single retrieved source snapshot; composition-confounded,58.063836059729326,9.889874297157089,0.024618448366648785
Mzafram SoFIFA,FIFA21,2021,dribbling,18483,18483,1.0,63.41995347075691,9.494507081865107,64.0,all players in single retrieved source snapshot; composition-confounded,63.14857601228592,9.682664312510836,0.028027147251231635
Mzafram SoFIFA,FIFA21,2021,defending,18483,18483,1.0,50.43780771519775,16.378614374153173,54.0,all players in single retrieved source snapshot; composition-confounded,50.24930411770352,16.50351883303833,0.011422024563444494
Mzafram SoFIFA,FIFA21,2021,physical,18483,18483,1.0,64.86149434615592,9.336592783607532,66.0,all players in single retrieved source snapshot; composition-confounded,64.90276844602285,9.442702640173835,-0.00437100493785804
Mzafram SoFIFA,FIFA21,2021,crossing,18483,18483,1.0,50.190715792890764,18.02910642861719,55.0,all players in single retrieved source snapshot; composition-confounded,49.92797789631011,18.099864210834156,0.014516014789955388
Mzafram SoFIFA,FIFA21,2021,finishing,18483,18483,1.0,46.31315262673808,19.62174564779483,50.0,all players in single retrieved source snapshot; composition-confounded,46.06618080598939,19.561225144037714,0.012625580398473555
Mzafram SoFIFA,FIFA21,2021,heading_accuracy,18483,18483,1.0,52.307688145863764,17.32239651616892,56.0,all players in single retrieved source snapshot; composition-confounded,52.28051255330527,17.337170423490242,0.0015674756546011847
Mzafram SoFIFA,FIFA21,2021,short_passing,18483,18483,1.0,59.37964616133745,14.268574600006081,63.0,all players in single retrieved source snapshot; composition-confounded,59.07287910159196,14.419393756675133,0.021274615626851744
Mzafram SoFIFA,FIFA21,2021,volleys,18483,18483,1.0,43.072715468268136,17.706978928244048,44.0,all players in single retrieved source snapshot; composition-confounded,42.97724499170426,17.67496350419197,0.005401452542814726
Mzafram SoFIFA,FIFA21,2021,dribbling_stat,18483,18483,1.0,56.171292539089976,18.663888358536568,62.0,all players in single retrieved source snapshot; composition-confounded,55.83361899930069,18.754448939635047,0.018004983290959696
Mzafram SoFIFA,FIFA21,2021,curve,18483,18483,1.0,47.8787534491154,18.25868581133883,50.0,all players in single retrieved source snapshot; composition-confounded,47.705000754158156,18.22569911089295,0.009533389852430811
Mzafram SoFIFA,FIFA21,2021,fk_accuracy,18483,18483,1.0,42.84813071471081,17.274796230437186,42.0,all players in single retrieved source snapshot; composition-confounded,43.072303199001766,17.302737950184984,-0.01295589662955953
Mzafram SoFIFA,FIFA21,2021,long_passing,18483,18483,1.0,53.54606936103446,14.868748063970711,57.0,all players in single retrieved source snapshot; composition-confounded,53.3319667073455,14.972064232200324,0.014300142610161394
Mzafram SoFIFA,FIFA21,2021,ball_control,18483,18483,1.0,59.059622355678194,16.420366357792936,63.0,all players in single retrieved source snapshot; composition-confounded,58.74506026409247,16.53959432167319,0.019018730778270918
Mzafram SoFIFA,FIFA21,2021,acceleration,18483,18483,1.0,64.64313152626738,14.855064721285247,67.0,all players in single retrieved source snapshot; composition-confounded,64.8732602942588,14.944496187838686,-0.01539889770112743
Mzafram SoFIFA,FIFA21,2021,sprint_speed,18483,18483,1.0,64.76113185089001,14.578201617636601,68.0,all players in single retrieved source snapshot; composition-confounded,65.04448847509221,14.674842921934621,-0.01930900560296036
Mzafram SoFIFA,FIFA21,2021,agility,18483,18483,1.0,63.59773846237083,14.55496866288501,66.0,all players in single retrieved source snapshot; composition-confounded,63.5636166682664,14.701014599416837,0.002321050283548642
Mzafram SoFIFA,FIFA21,2021,reactions,18483,18483,1.0,62.035437970026514,8.73269162704466,62.0,all players in single retrieved source snapshot; composition-confounded,61.92646958000247,8.815820321714323,0.012360550243480452
Mzafram SoFIFA,FIFA21,2021,balance,18483,18483,1.0,64.0178001406698,14.006628352891784,66.0,all players in single retrieved source snapshot; composition-confounded,64.06036693222175,14.155481317852908,-0.00300708895700092
Mzafram SoFIFA,FIFA21,2021,shot_power,18483,18483,1.0,58.43531894173024,13.048466588920677,60.0,all players in single retrieved source snapshot; composition-confounded,57.25382221064323,14.802299511329739,0.07981845862412705
Mzafram SoFIFA,FIFA21,2021,jumping,18483,18483,1.0,64.73992317264513,11.728010122352881,65.0,all players in single retrieved source snapshot; composition-confounded,65.04404969216635,11.793232732342812,-0.025788223333128617
Mzafram SoFIFA,FIFA21,2021,stamina,18483,18483,1.0,63.118541362332955,15.65832027643827,66.0,all players in single retrieved source snapshot; composition-confounded,63.28045770543954,15.815958396792604,-0.010237529654821213
Mzafram SoFIFA,FIFA21,2021,strength,18483,18483,1.0,65.20970621652329,12.332147772151203,66.0,all players in single retrieved source snapshot; composition-confounded,65.23014850059647,12.441615944031003,-0.0016430569923669052
Mzafram SoFIFA,FIFA21,2021,long_shots,18483,18483,1.0,47.32640805064113,19.30376602626156,52.0,all players in single retrieved source snapshot; composition-confounded,47.21320736606837,19.28438926590002,0.005870068427467881
Mzafram SoFIFA,FIFA21,2021,aggression,18483,18483,1.0,56.12011037169291,17.023992977642497,59.0,all players in single retrieved source snapshot; composition-confounded,56.07014356428856,17.081632856186943,0.002925177459615915
Mzafram SoFIFA,FIFA21,2021,interceptions,18483,18483,1.0,47.01947735757182,20.720502648423256,54.0,all players in single retrieved source snapshot; composition-confounded,46.992369290679974,20.64478439531632,0.001313070961302877
Mzafram SoFIFA,FIFA21,2021,positioning,18483,18483,1.0,50.792944868257315,19.524245404953355,56.0,all players in single retrieved source snapshot; composition-confounded,50.4525360281918,19.5514082597481,0.01741096270626901
Mzafram SoFIFA,FIFA21,2021,vision,18483,18483,1.0,54.40637342422767,13.579945035578184,56.0,all players in single retrieved source snapshot; composition-confounded,53.98977772902412,13.811741648689374,0.03016243032920319
Mzafram SoFIFA,FIFA21,2021,penalties,18483,18483,1.0,48.32029432451442,15.733263028533408,49.0,all players in single retrieved source snapshot; composition-confounded,48.450897448203044,15.748403389665135,-0.008293102510590426
Mzafram SoFIFA,FIFA21,2021,composure,18483,18483,1.0,58.64004761131851,11.886126359104596,60.0,all players in single retrieved source snapshot; composition-confounded,58.18756598883846,12.137002219106892,0.037281168307584475
Mzafram SoFIFA,FIFA21,2021,defensive_awareness,18483,18483,1.0,47.11583617378131,20.1962387343236,53.0,all players in single retrieved source snapshot; composition-confounded,46.42531777482209,20.56499077642037,0.033577374600671464
Mzafram SoFIFA,FIFA21,2021,standing_tackle,18483,18483,1.0,48.33057404101066,21.332995426328015,56.0,all players in single retrieved source snapshot; composition-confounded,48.220529556143646,21.393492677153723,0.00514382978635967
Mzafram SoFIFA,FIFA21,2021,sliding_tackle,18483,18483,1.0,46.14997565330304,20.893603693370498,53.0,all players in single retrieved source snapshot; composition-confounded,46.11065556911517,20.98222340301413,0.0018739712866760595
Mzafram SoFIFA,FIFA21,2021,gk_diving,18483,18483,1.0,16.457934318021966,17.672068628963796,11.0,all players in single retrieved source snapshot; composition-confounded,16.508878498265435,17.689972352915007,-0.0028798337966353367
Mzafram SoFIFA,FIFA21,2021,gk_handling,18483,18483,1.0,16.23616296055835,16.935374565836415,11.0,all players in single retrieved source snapshot; composition-confounded,16.285579124902302,16.953695850182953,-0.0029147723765151363
Mzafram SoFIFA,FIFA21,2021,gk_kicking,18483,18483,1.0,16.091327165503436,16.59878483655808,11.0,all players in single retrieved source snapshot; composition-confounded,16.155569115166806,16.6206361764543,-0.0038651919807003486
Mzafram SoFIFA,FIFA21,2021,gk_positioning,18483,18483,1.0,16.28274630741763,17.156759589138428,11.0,all players in single retrieved source snapshot; composition-confounded,16.323917783049268,17.13500394081391,-0.0024027701291373976
Mzafram SoFIFA,FIFA21,2021,gk_reflexes,18483,18483,1.0,16.58448303846778,17.966256958532213,11.0,all players in single retrieved source snapshot; composition-confounded,16.60814627925791,17.988321348100666,-0.0013154779888689726
Mzafram SoFIFA,FIFA22,2022,pace,18474,18474,1.0,68.27676734870629,10.513496505777104,69.0,all players in single retrieved source snapshot; composition-confounded,68.06696238807608,10.573185092118438,0.019843118114578655
Mzafram SoFIFA,FIFA22,2022,shooting,18474,18474,1.0,54.2651293710079,13.50172182240395,57.0,all players in single retrieved source snapshot; composition-confounded,53.82602256989675,13.699417261244536,0.032052954716065084
Mzafram SoFIFA,FIFA22,2022,passing,18474,18474,1.0,58.53215329652485,9.408566971291554,59.0,all players in single retrieved source snapshot; composition-confounded,58.063836059729326,9.889874297157089,0.047353204168645684
Mzafram SoFIFA,FIFA22,2022,dribbling,18474,18474,1.0,63.592021219010505,9.047557172139753,64.0,all players in single retrieved source snapshot; composition-confounded,63.14857601228592,9.682664312510836,0.04579784989051138
Mzafram SoFIFA,FIFA22,2022,defending,18474,18474,1.0,50.73703583414529,16.237746806542358,55.0,all players in single retrieved source snapshot; composition-confounded,50.24930411770352,16.50351883303833,0.02955319537463632
Mzafram SoFIFA,FIFA22,2022,physical,18474,18474,1.0,65.23698170401646,9.265099839168577,66.0,all players in single retrieved source snapshot; composition-confounded,64.90276844602285,9.442702640173835,0.035393813691824344
Mzafram SoFIFA,FIFA22,2022,crossing,18474,18474,1.0,50.252138140088775,17.842443647361495,55.0,all players in single retrieved source snapshot; composition-confounded,49.92797789631011,18.099864210834156,0.017909540093932263
Mzafram SoFIFA,FIFA22,2022,finishing,18474,18474,1.0,46.75138031828516,19.487174700195077,51.0,all players in single retrieved source snapshot; composition-confounded,46.06618080598939,19.561225144037714,0.03502845589937996
Mzafram SoFIFA,FIFA22,2022,heading_accuracy,18474,18474,1.0,52.43937425571073,17.203650940164373,56.0,all players in single retrieved source snapshot; composition-confounded,52.28051255330527,17.337170423490242,0.00916306978157273
Mzafram SoFIFA,FIFA22,2022,short_passing,18474,18474,1.0,59.63472989065714,14.03331063460177,63.0,all players in single retrieved source snapshot; composition-confounded,59.07287910159196,14.419393756675133,0.038964938370247816
Mzafram SoFIFA,FIFA22,2022,volleys,18474,18474,1.0,43.16190321532965,17.673920781078667,44.0,all players in single retrieved source snapshot; composition-confounded,42.97724499170426,17.67496350419197,0.0104474458225385
Mzafram SoFIFA,FIFA22,2022,dribbling_stat,18474,18474,1.0,56.46421998484357,18.512925781523684,62.0,all players in single retrieved source snapshot; composition-confounded,55.83361899930069,18.754448939635047,0.03362407435017646
Mzafram SoFIFA,FIFA22,2022,curve,18474,18474,1.0,48.10106095052506,18.08919943060307,50.0,all players in single retrieved source snapshot; composition-confounded,47.705000754158156,18.22569911089295,0.021730864421556827
Mzafram SoFIFA,FIFA22,2022,fk_accuracy,18474,18474,1.0,43.633972068853524,17.193831771503696,43.0,all players in single retrieved source snapshot; composition-confounded,43.072303199001766,17.302737950184984,0.03246127124324581
Mzafram SoFIFA,FIFA22,2022,long_passing,18474,18474,1.0,53.97060734004547,14.618220843572685,57.0,all players in single retrieved source snapshot; composition-confounded,53.3319667073455,14.972064232200324,0.042655483091399465
Mzafram SoFIFA,FIFA22,2022,ball_control,18474,18474,1.0,59.22220417884594,16.248074896745994,63.0,all players in single retrieved source snapshot; composition-confounded,58.74506026409247,16.53959432167319,0.02884858633613694
Mzafram SoFIFA,FIFA22,2022,acceleration,18474,18474,1.0,65.10263072426112,15.029481713171926,68.0,all players in single retrieved source snapshot; composition-confounded,64.8732602942588,14.944496187838686,0.015348154070859418
Mzafram SoFIFA,FIFA22,2022,sprint_speed,18474,18474,1.0,65.20293385298257,14.764731774499378,68.0,all players in single retrieved source snapshot; composition-confounded,65.04448847509221,14.674842921934621,0.010797074880680982
Mzafram SoFIFA,FIFA22,2022,agility,18474,18474,1.0,63.98376096135109,14.699190729146508,66.5,all players in single retrieved source snapshot; composition-confounded,63.5636166682664,14.701014599416837,0.028579271875653796
Mzafram SoFIFA,FIFA22,2022,reactions,18474,18474,1.0,62.063927682147884,8.483442347120153,62.0,all players in single retrieved source snapshot; composition-confounded,61.92646958000247,8.815820321714323,0.015592207772978536
Mzafram SoFIFA,FIFA22,2022,balance,18474,18474,1.0,64.31590343185017,14.338649161611551,67.0,all players in single retrieved source snapshot; composition-confounded,64.06036693222175,14.155481317852908,0.0180521236890855
Mzafram SoFIFA,FIFA22,2022,shot_power,18474,18474,1.0,58.53789109018079,12.798671662792716,60.0,all players in single retrieved source snapshot; composition-confounded,57.25382221064323,14.802299511329739,0.08674793254620558
Mzafram SoFIFA,FIFA22,2022,jumping,18474,18474,1.0,65.14431092346,12.056436132545448,66.0,all players in single retrieved source snapshot; composition-confounded,65.04404969216635,11.793232732342812,0.008501590155062248
Mzafram SoFIFA,FIFA22,2022,stamina,18474,18474,1.0,63.617895420591104,15.867481492570585,67.0,all players in single retrieved source snapshot; composition-confounded,63.28045770543954,15.815958396792604,0.02133526825791326
Mzafram SoFIFA,FIFA22,2022,strength,18474,18474,1.0,65.53269459781315,12.380302186857058,67.0,all players in single retrieved source snapshot; composition-confounded,65.23014850059647,12.441615944031003,0.02431726703168543
Mzafram SoFIFA,FIFA22,2022,long_shots,18474,18474,1.0,47.57394175598138,19.276675222128656,52.0,all players in single retrieved source snapshot; composition-confounded,47.21320736606837,19.28438926590002,0.018706031336490812
Mzafram SoFIFA,FIFA22,2022,aggression,18474,18474,1.0,56.30377828299231,16.828419148575907,59.0,all players in single retrieved source snapshot; composition-confounded,56.07014356428856,17.081632856186943,0.013677540119891552
Mzafram SoFIFA,FIFA22,2022,interceptions,18474,18474,1.0,47.39818122767132,20.55872823501456,55.0,all players in single retrieved source snapshot; composition-confounded,46.992369290679974,20.64478439531632,0.019656874551008386
Mzafram SoFIFA,FIFA22,2022,positioning,18474,18474,1.0,51.123849734762366,19.479697755643752,57.0,all players in single retrieved source snapshot; composition-confounded,50.4525360281918,19.5514082597481,0.03433582367325669
Mzafram SoFIFA,FIFA22,2022,vision,18474,18474,1.0,54.68891414961568,13.410199545779665,56.0,all players in single retrieved source snapshot; composition-confounded,53.98977772902412,13.811741648689374,0.05061899059326091
Mzafram SoFIFA,FIFA22,2022,penalties,18474,18474,1.0,48.624661686694814,15.759181881784766,50.0,all players in single retrieved source snapshot; composition-confounded,48.450897448203044,15.748403389665135,0.01103376857909311
Mzafram SoFIFA,FIFA22,2022,composure,18474,18474,1.0,58.7930063873552,11.68003484813072,60.0,all players in single retrieved source snapshot; composition-confounded,58.18756598883846,12.137002219106892,0.04988385003041491
Mzafram SoFIFA,FIFA22,2022,defensive_awareness,18474,18474,1.0,47.32873227238281,20.167154425448537,54.0,all players in single retrieved source snapshot; composition-confounded,46.42531777482209,20.56499077642037,0.043929730257723454
Mzafram SoFIFA,FIFA22,2022,standing_tackle,18474,18474,1.0,48.8372848327379,21.095034500528794,57.0,all players in single retrieved source snapshot; composition-confounded,48.220529556143646,21.393492677153723,0.02882910639705373
Mzafram SoFIFA,FIFA22,2022,sliding_tackle,18474,18474,1.0,46.61681281801451,20.667666851046864,54.0,all players in single retrieved source snapshot; composition-confounded,46.11065556911517,20.98222340301413,0.02412314649297994
Mzafram SoFIFA,FIFA22,2022,gk_diving,18474,18474,1.0,16.301396557323805,17.571077488282008,11.0,all players in single retrieved source snapshot; composition-confounded,16.508878498265435,17.689972352915007,-0.011728788310256488
Mzafram SoFIFA,FIFA22,2022,gk_handling,18474,18474,1.0,16.076431741907545,16.856850507370766,11.0,all players in single retrieved source snapshot; composition-confounded,16.285579124902302,16.953695850182953,-0.01233638876401693
Mzafram SoFIFA,FIFA22,2022,gk_kicking,18474,18474,1.0,15.976236873443758,16.59132244616064,11.0,all players in single retrieved source snapshot; composition-confounded,16.155569115166806,16.6206361764543,-0.01078973390784519
Mzafram SoFIFA,FIFA22,2022,gk_positioning,18474,18474,1.0,16.153837826134026,17.11527378627511,11.0,all players in single retrieved source snapshot; composition-confounded,16.323917783049268,17.13500394081391,-0.009925877898990597
Mzafram SoFIFA,FIFA22,2022,gk_reflexes,18474,18474,1.0,16.40722095918588,17.912613525836313,11.0,all players in single retrieved source snapshot; composition-confounded,16.60814627925791,17.988321348100666,-0.011169764881548687
Mzafram SoFIFA,FIFA23,2023,pace,18462,18462,1.0,68.11223052757015,10.493260596568973,69.0,all players in single retrieved source snapshot; composition-confounded,68.06696238807608,10.573185092118438,0.004281409915713469
Mzafram SoFIFA,FIFA23,2023,shooting,18462,18462,1.0,53.87179070523237,13.649971297511362,56.0,all players in single retrieved source snapshot; composition-confounded,53.82602256989675,13.699417261244536,0.0033408819121889346
Mzafram SoFIFA,FIFA23,2023,passing,18462,18462,1.0,58.124688549452934,9.6517549423728,59.0,all players in single retrieved source snapshot; composition-confounded,58.063836059729326,9.889874297157089,0.006153009421070243
Mzafram SoFIFA,FIFA23,2023,dribbling,18462,18462,1.0,63.22083197920052,9.225971487457537,64.0,all players in single retrieved source snapshot; composition-confounded,63.14857601228592,9.682664312510836,0.007462405447768714
Mzafram SoFIFA,FIFA23,2023,defending,18462,18462,1.0,50.38982775430614,16.330036781045504,54.0,all players in single retrieved source snapshot; composition-confounded,50.24930411770352,16.50351883303833,0.00851476815485612
Mzafram SoFIFA,FIFA23,2023,physical,18462,18462,1.0,64.84882461271802,9.463088951972855,66.0,all players in single retrieved source snapshot; composition-confounded,64.90276844602285,9.442702640173835,-0.005712753579184511
Mzafram SoFIFA,FIFA23,2023,crossing,18462,18462,1.0,49.583685407864806,17.750040175427028,54.0,all players in single retrieved source snapshot; composition-confounded,49.92797789631011,18.099864210834156,-0.019021827149356154
Mzafram SoFIFA,FIFA23,2023,finishing,18462,18462,1.0,46.460025999350016,19.631051478922448,51.0,all players in single retrieved source snapshot; composition-confounded,46.06618080598939,19.561225144037714,0.020133973739404072
Mzafram SoFIFA,FIFA23,2023,heading_accuracy,18462,18462,1.0,52.007149821254465,17.263481394281353,55.0,all players in single retrieved source snapshot; composition-confounded,52.28051255330527,17.337170423490242,-0.015767436402449236
Mzafram SoFIFA,FIFA23,2023,short_passing,18462,18462,1.0,59.22689849420431,14.16428387221939,62.0,all players in single retrieved source snapshot; composition-confounded,59.07287910159196,14.419393756675133,0.010681405557779097
Mzafram SoFIFA,FIFA23,2023,volleys,18462,18462,1.0,42.66292926010183,17.600363594423868,44.0,all players in single retrieved source snapshot; composition-confounded,42.97724499170426,17.67496350419197,-0.017783104985075692
Mzafram SoFIFA,FIFA23,2023,dribbling_stat,18462,18462,1.0,56.0935976600585,18.62217816532287,62.0,all players in single retrieved source snapshot; composition-confounded,55.83361899930069,18.754448939635047,0.013862239386217268
Mzafram SoFIFA,FIFA23,2023,curve,18462,18462,1.0,47.95417614559636,17.890571259047018,50.0,all players in single retrieved source snapshot; composition-confounded,47.705000754158156,18.22569911089295,0.013671650668767795
Mzafram SoFIFA,FIFA23,2023,fk_accuracy,18462,18462,1.0,43.09446430505904,16.989812680798128,42.0,all players in single retrieved source snapshot; composition-confounded,43.072303199001766,17.302737950184984,0.0012807860883680886
Mzafram SoFIFA,FIFA23,2023,long_passing,18462,18462,1.0,53.79612176362257,14.553411544407165,57.0,all players in single retrieved source snapshot; composition-confounded,53.3319667073455,14.972064232200324,0.031001406958889238
Mzafram SoFIFA,FIFA23,2023,ball_control,18462,18462,1.0,58.76952659516846,16.486480766995534,63.0,all players in single retrieved source snapshot; composition-confounded,58.74506026409247,16.53959432167319,0.0014792582333125598
Mzafram SoFIFA,FIFA23,2023,acceleration,18462,18462,1.0,64.81589210269743,15.174872070285549,68.0,all players in single retrieved source snapshot; composition-confounded,64.8732602942588,14.944496187838686,-0.0038387504563754003
Mzafram SoFIFA,FIFA23,2023,sprint_speed,18462,18462,1.0,64.98017549561261,14.993250827398123,68.0,all players in single retrieved source snapshot; composition-confounded,65.04448847509221,14.674842921934621,-0.004382532734538927
Mzafram SoFIFA,FIFA23,2023,agility,18462,18462,1.0,63.584768714115484,14.818438312317083,66.0,all players in single retrieved source snapshot; composition-confounded,63.5636166682664,14.701014599416837,0.0014388153760437948
Mzafram SoFIFA,FIFA23,2023,reactions,18462,18462,1.0,61.705611526378505,8.770244076637132,62.0,all players in single retrieved source snapshot; composition-confounded,61.92646958000247,8.815820321714323,-0.025052467673367426
Mzafram SoFIFA,FIFA23,2023,balance,18462,18462,1.0,64.16038349041274,14.474330197642928,66.0,all players in single retrieved source snapshot; composition-confounded,64.06036693222175,14.155481317852908,0.007065570992972586
Mzafram SoFIFA,FIFA23,2023,shot_power,18462,18462,1.0,57.887715307117325,12.965409498088684,59.0,all players in single retrieved source snapshot; composition-confounded,57.25382221064323,14.802299511329739,0.04282396096558595
Mzafram SoFIFA,FIFA23,2023,jumping,18462,18462,1.0,64.7299317517062,12.103773121830542,65.0,all players in single retrieved source snapshot; composition-confounded,65.04404969216635,11.793232732342812,-0.02663543979749379
Mzafram SoFIFA,FIFA23,2023,stamina,18462,18462,1.0,63.06023182753764,16.089220525789717,66.0,all players in single retrieved source snapshot; composition-confounded,63.28045770543954,15.815958396792604,-0.01392428282730921
Mzafram SoFIFA,FIFA23,2023,strength,18462,18462,1.0,65.17842053948651,12.535388715525308,66.0,all players in single retrieved source snapshot; composition-confounded,65.23014850059647,12.441615944031003,-0.0041576561551699455
Mzafram SoFIFA,FIFA23,2023,long_shots,18462,18462,1.0,46.93478496370924,19.334496191802064,51.0,all players in single retrieved source snapshot; composition-confounded,47.21320736606837,19.28438926590002,-0.014437709098283553
Mzafram SoFIFA,FIFA23,2023,aggression,18462,18462,1.0,56.001029140938144,16.78334574581248,59.0,all players in single retrieved source snapshot; composition-confounded,56.07014356428856,17.081632856186943,-0.0040461250942634645
Mzafram SoFIFA,FIFA23,2023,interceptions,18462,18462,1.0,47.10681399631676,20.595041755837016,54.0,all players in single retrieved source snapshot; composition-confounded,46.992369290679974,20.64478439531632,0.005543516630900212
Mzafram SoFIFA,FIFA23,2023,positioning,18462,18462,1.0,50.69705340699816,19.640855959456946,56.0,all players in single retrieved source snapshot; composition-confounded,50.4525360281918,19.5514082597481,0.012506381921846657
Mzafram SoFIFA,FIFA23,2023,vision,18462,18462,1.0,54.38040298992525,13.433727423483383,56.0,all players in single retrieved source snapshot; composition-confounded,53.98977772902412,13.811741648689374,0.028282114655554615
Mzafram SoFIFA,FIFA23,2023,penalties,18462,18462,1.0,48.032065865020044,15.74356615439188,49.0,all players in single retrieved source snapshot; composition-confounded,48.450897448203044,15.748403389665135,-0.026595177480522068
Mzafram SoFIFA,FIFA23,2023,composure,18462,18462,1.0,58.187574477304736,11.963834005148879,59.0,all players in single retrieved source snapshot; composition-confounded,58.18756598883846,12.137002219106892,6.993873878476622e-07
Mzafram SoFIFA,FIFA23,2023,defensive_awareness,18462,18462,1.0,46.88874444805546,20.32410113220785,53.0,all players in single retrieved source snapshot; composition-confounded,46.42531777482209,20.56499077642037,0.022534737713801076
Mzafram SoFIFA,FIFA23,2023,standing_tackle,18462,18462,1.0,48.62268443288918,21.047554396690714,57.0,all players in single retrieved source snapshot; composition-confounded,48.220529556143646,21.393492677153723,0.018798000065459092
Mzafram SoFIFA,FIFA23,2023,sliding_tackle,18462,18462,1.0,46.44215144621384,20.582364268183376,54.0,all players in single retrieved source snapshot; composition-confounded,46.11065556911517,20.98222340301413,0.01579889179194684
Mzafram SoFIFA,FIFA23,2023,gk_diving,18462,18462,1.0,16.28019716173762,17.50243268926852,11.0,all players in single retrieved source snapshot; composition-confounded,16.508878498265435,17.689972352915007,-0.012927173201044077
Mzafram SoFIFA,FIFA23,2023,gk_handling,18462,18462,1.0,16.09386848662117,16.870710135184755,11.0,all players in single retrieved source snapshot; composition-confounded,16.285579124902302,16.953695850182953,-0.011307896518567338
Mzafram SoFIFA,FIFA23,2023,gk_kicking,18462,18462,1.0,15.979308850612068,16.62079066305944,11.0,all players in single retrieved source snapshot; composition-confounded,16.155569115166806,16.6206361764543,-0.0106049048113115
Mzafram SoFIFA,FIFA23,2023,gk_positioning,18462,18462,1.0,16.119001191636876,17.023503532974935,11.0,all players in single retrieved source snapshot; composition-confounded,16.323917783049268,17.13500394081391,-0.011958946266962943
Mzafram SoFIFA,FIFA23,2023,gk_reflexes,18462,18462,1.0,16.374228144296392,17.80138051948422,11.0,all players in single retrieved source snapshot; composition-confounded,16.60814627925791,17.988321348100666,-0.013003889047502225
