source,edition,snapshot_kind,position_code,cohort,target_kind,label_count,train_n,test_n,feature_n,excluded_feature_n,imputed_cells,feature_scale_scope,alpha_standardized_ridge,heldout_mae,heldout_rmse,heldout_r2,heldout_exact_integer_rate,heldout_within1_rate,modifier_explicit_count,modifier_explicit_rate,formula_status
Stefano legacy,15,second-year-update legacy,ls,outfield,base_rating,14404,11437,2967,33,1,0,pooled numeric FIFA15-23 training-fold IDs only; per-model imputation/centering from training rows only,2.0,0.25269047893440505,0.2917682935373242,0.9990561089087305,0.9878665318503539,1.0,363,0.025201,empirical held-out regression; not official EA formula
Stefano legacy,15,second-year-update legacy,ls,outfield,signed_modifier_explicit_only,363,298,65,33,1,0,pooled numeric FIFA15-23 training-fold IDs only; per-model imputation/centering from training rows only,2.0,0.6364000142190192,0.8623844833157728,0.653336047816129,0.49230769230769234,0.7846153846153846,363,,empirical held-out regression; not official EA formula
Stefano legacy,15,second-year-update legacy,st,outfield,base_rating,14404,11437,2967,33,1,0,pooled numeric FIFA15-23 training-fold IDs only; per-model imputation/centering from training rows only,2.0,0.25269047893440505,0.2917682935373242,0.9990561089087305,0.9878665318503539,1.0,363,0.025201,empirical held-out regression; not official EA formula
Stefano legacy,15,second-year-update legacy,st,outfield,signed_modifier_explicit_only,363,298,65,33,1,0,pooled numeric FIFA15-23 training-fold IDs only; per-model imputation/centering from training rows only,2.0,0.6364000142190192,0.8623844833157728,0.653336047816129,0.49230769230769234,0.7846153846153846,363,,empirical held-out regression; not official EA formula
Stefano legacy,15,second-year-update legacy,rs,outfield,base_rating,14404,11437,2967,33,1,0,pooled numeric FIFA15-23 training-fold IDs only; per-model imputation/centering from training rows only,2.0,0.25269047893440505,0.2917682935373242,0.9990561089087305,0.9878665318503539,1.0,363,0.025201,empirical held-out regression; not official EA formula
Stefano legacy,15,second-year-update legacy,rs,outfield,signed_modifier_explicit_only,363,298,65,33,1,0,pooled numeric FIFA15-23 training-fold IDs only; per-model imputation/centering from training rows only,2.0,0.6364000142190192,0.8623844833157728,0.653336047816129,0.49230769230769234,0.7846153846153846,363,,empirical held-out regression; not official EA formula
Stefano legacy,15,second-year-update legacy,lw,outfield,base_rating,14404,11437,2967,33,1,0,pooled numeric FIFA15-23 training-fold IDs only; per-model imputation/centering from training rows only,2.0,0.25360506305503655,0.29180221727675726,0.9991135744878529,0.9848331648129424,1.0,750,0.052069,empirical held-out regression; not official EA formula
Stefano legacy,15,second-year-update legacy,lw,outfield,signed_modifier_explicit_only,750,612,138,33,1,0,pooled numeric FIFA15-23 training-fold IDs only; per-model imputation/centering from training rows only,2.0,0.8803105324049211,1.2340761118373085,0.43154891758817293,0.42028985507246375,0.6666666666666666,750,,empirical held-out regression; not official EA formula
Stefano legacy,15,second-year-update legacy,lf,outfield,base_rating,14404,11437,2967,33,1,0,pooled numeric FIFA15-23 training-fold IDs only; per-model imputation/centering from training rows only,2.0,0.25220747027172186,0.29130697440305264,0.9991247112828406,0.9905628581058308,1.0,440,0.030547,empirical held-out regression; not official EA formula
Stefano legacy,15,second-year-update legacy,lf,outfield,signed_modifier_explicit_only,440,353,87,33,1,0,pooled numeric FIFA15-23 training-fold IDs only; per-model imputation/centering from training rows only,2.0,0.6887415547499812,0.9321404539513413,0.5973676493093432,0.5172413793103449,0.7701149425287356,440,,empirical held-out regression; not official EA formula
Stefano legacy,15,second-year-update legacy,cf,outfield,base_rating,14404,11437,2967,33,1,0,pooled numeric FIFA15-23 training-fold IDs only; per-model imputation/centering from training rows only,2.0,0.25220747027172186,0.29130697440305264,0.9991247112828406,0.9905628581058308,1.0,440,0.030547,empirical held-out regression; not official EA formula
Stefano legacy,15,second-year-update legacy,cf,outfield,signed_modifier_explicit_only,440,353,87,33,1,0,pooled numeric FIFA15-23 training-fold IDs only; per-model imputation/centering from training rows only,2.0,0.6887415547499812,0.9321404539513413,0.5973676493093432,0.5172413793103449,0.7701149425287356,440,,empirical held-out regression; not official EA formula
Stefano legacy,15,second-year-update legacy,rf,outfield,base_rating,14404,11437,2967,33,1,0,pooled numeric FIFA15-23 training-fold IDs only; per-model imputation/centering from training rows only,2.0,0.25220747027172186,0.29130697440305264,0.9991247112828406,0.9905628581058308,1.0,440,0.030547,empirical held-out regression; not official EA formula
Stefano legacy,15,second-year-update legacy,rf,outfield,signed_modifier_explicit_only,440,353,87,33,1,0,pooled numeric FIFA15-23 training-fold IDs only; per-model imputation/centering from training rows only,2.0,0.6887415547499812,0.9321404539513413,0.5973676493093432,0.5172413793103449,0.7701149425287356,440,,empirical held-out regression; not official EA formula
Stefano legacy,15,second-year-update legacy,rw,outfield,base_rating,14404,11437,2967,33,1,0,pooled numeric FIFA15-23 training-fold IDs only; per-model imputation/centering from training rows only,2.0,0.25360506305503655,0.29180221727675726,0.9991135744878529,0.9848331648129424,1.0,750,0.052069,empirical held-out regression; not official EA formula
Stefano legacy,15,second-year-update legacy,rw,outfield,signed_modifier_explicit_only,750,612,138,33,1,0,pooled numeric FIFA15-23 training-fold IDs only; per-model imputation/centering from training rows only,2.0,0.8803105324049211,1.2340761118373085,0.43154891758817293,0.42028985507246375,0.6666666666666666,750,,empirical held-out regression; not official EA formula
Stefano legacy,15,second-year-update legacy,lam,outfield,base_rating,14404,11437,2967,33,1,0,pooled numeric FIFA15-23 training-fold IDs only; per-model imputation/centering from training rows only,2.0,0.2527507200881277,0.29074923884999826,0.9991543824289564,0.9855072463768116,1.0,581,0.040336,empirical held-out regression; not official EA formula
Stefano legacy,15,second-year-update legacy,lam,outfield,signed_modifier_explicit_only,581,474,107,33,1,0,pooled numeric FIFA15-23 training-fold IDs only; per-model imputation/centering from training rows only,2.0,0.907034111668958,1.2341396512988172,0.44415467063568426,0.38317757009345793,0.6448598130841121,581,,empirical held-out regression; not official EA formula
Stefano legacy,15,second-year-update legacy,cam,outfield,base_rating,14404,11437,2967,33,1,0,pooled numeric FIFA15-23 training-fold IDs only; per-model imputation/centering from training rows only,2.0,0.2527507200881277,0.29074923884999826,0.9991543824289564,0.9855072463768116,1.0,581,0.040336,empirical held-out regression; not official EA formula
Stefano legacy,15,second-year-update legacy,cam,outfield,signed_modifier_explicit_only,581,474,107,33,1,0,pooled numeric FIFA15-23 training-fold IDs only; per-model imputation/centering from training rows only,2.0,0.907034111668958,1.2341396512988172,0.44415467063568426,0.38317757009345793,0.6448598130841121,581,,empirical held-out regression; not official EA formula
Stefano legacy,15,second-year-update legacy,ram,outfield,base_rating,14404,11437,2967,33,1,0,pooled numeric FIFA15-23 training-fold IDs only; per-model imputation/centering from training rows only,2.0,0.2527507200881277,0.29074923884999826,0.9991543824289564,0.9855072463768116,1.0,581,0.040336,empirical held-out regression; not official EA formula
Stefano legacy,15,second-year-update legacy,ram,outfield,signed_modifier_explicit_only,581,474,107,33,1,0,pooled numeric FIFA15-23 training-fold IDs only; per-model imputation/centering from training rows only,2.0,0.907034111668958,1.2341396512988172,0.44415467063568426,0.38317757009345793,0.6448598130841121,581,,empirical held-out regression; not official EA formula
Stefano legacy,15,second-year-update legacy,lm,outfield,base_rating,14404,11437,2967,33,1,0,pooled numeric FIFA15-23 training-fold IDs only; per-model imputation/centering from training rows only,2.0,0.2513681007380358,0.2896212142635154,0.999028382452865,0.9861813279406808,1.0,686,0.047626,empirical held-out regression; not official EA formula
Stefano legacy,15,second-year-update legacy,lm,outfield,signed_modifier_explicit_only,686,555,131,33,1,0,pooled numeric FIFA15-23 training-fold IDs only; per-model imputation/centering from training rows only,2.0,0.8672246097706418,1.2064120593374594,0.5071308862831373,0.3969465648854962,0.7099236641221374,686,,empirical held-out regression; not official EA formula
Stefano legacy,15,second-year-update legacy,lcm,outfield,base_rating,14404,11437,2967,33,1,0,pooled numeric FIFA15-23 training-fold IDs only; per-model imputation/centering from training rows only,2.0,0.25101260650773677,0.28990215195210084,0.9988964757615298,0.9824738793394001,1.0,339,0.023535,empirical held-out regression; not official EA formula
Stefano legacy,15,second-year-update legacy,lcm,outfield,signed_modifier_explicit_only,339,283,56,33,1,0,pooled numeric FIFA15-23 training-fold IDs only; per-model imputation/centering from training rows only,2.0,0.4699858483969918,0.6337012747343794,0.7499312092213006,0.625,0.8928571428571429,339,,empirical held-out regression; not official EA formula
Stefano legacy,15,second-year-update legacy,cm,outfield,base_rating,14404,11437,2967,33,1,0,pooled numeric FIFA15-23 training-fold IDs only; per-model imputation/centering from training rows only,2.0,0.25101260650773677,0.28990215195210084,0.9988964757615298,0.9824738793394001,1.0,339,0.023535,empirical held-out regression; not official EA formula
Stefano legacy,15,second-year-update legacy,cm,outfield,signed_modifier_explicit_only,339,283,56,33,1,0,pooled numeric FIFA15-23 training-fold IDs only; per-model imputation/centering from training rows only,2.0,0.4699858483969918,0.6337012747343794,0.7499312092213006,0.625,0.8928571428571429,339,,empirical held-out regression; not official EA formula
Stefano legacy,15,second-year-update legacy,rcm,outfield,base_rating,14404,11437,2967,33,1,0,pooled numeric FIFA15-23 training-fold IDs only; per-model imputation/centering from training rows only,2.0,0.25101260650773677,0.28990215195210084,0.9988964757615298,0.9824738793394001,1.0,339,0.023535,empirical held-out regression; not official EA formula
Stefano legacy,15,second-year-update legacy,rcm,outfield,signed_modifier_explicit_only,339,283,56,33,1,0,pooled numeric FIFA15-23 training-fold IDs only; per-model imputation/centering from training rows only,2.0,0.4699858483969918,0.6337012747343794,0.7499312092213006,0.625,0.8928571428571429,339,,empirical held-out regression; not official EA formula
Stefano legacy,15,second-year-update legacy,rm,outfield,base_rating,14404,11437,2967,33,1,0,pooled numeric FIFA15-23 training-fold IDs only; per-model imputation/centering from training rows only,2.0,0.2513681007380358,0.2896212142635154,0.999028382452865,0.9861813279406808,1.0,686,0.047626,empirical held-out regression; not official EA formula
Stefano legacy,15,second-year-update legacy,rm,outfield,signed_modifier_explicit_only,686,555,131,33,1,0,pooled numeric FIFA15-23 training-fold IDs only; per-model imputation/centering from training rows only,2.0,0.8672246097706418,1.2064120593374594,0.5071308862831373,0.3969465648854962,0.7099236641221374,686,,empirical held-out regression; not official EA formula
Stefano legacy,15,second-year-update legacy,lwb,outfield,base_rating,14404,11437,2967,33,1,0,pooled numeric FIFA15-23 training-fold IDs only; per-model imputation/centering from training rows only,2.0,0.2501583686105971,0.2898217539866511,0.998910942972556,0.989551735760027,1.0,555,0.038531,empirical held-out regression; not official EA formula
Stefano legacy,15,second-year-update legacy,lwb,outfield,signed_modifier_explicit_only,555,455,100,33,1,0,pooled numeric FIFA15-23 training-fold IDs only; per-model imputation/centering from training rows only,2.0,0.6654956928603926,0.8677849859592087,0.6211065248522143,0.49,0.73,555,,empirical held-out regression; not official EA formula
Stefano legacy,15,second-year-update legacy,ldm,outfield,base_rating,14404,11437,2967,33,1,0,pooled numeric FIFA15-23 training-fold IDs only; per-model imputation/centering from training rows only,2.0,0.2496523716694289,0.28831928237321097,0.9990005404498419,0.9885406134142232,1.0,494,0.034296,empirical held-out regression; not official EA formula
Stefano legacy,15,second-year-update legacy,ldm,outfield,signed_modifier_explicit_only,494,402,92,33,1,0,pooled numeric FIFA15-23 training-fold IDs only; per-model imputation/centering from training rows only,2.0,0.7655921208596006,0.9911460198946813,0.6026957500562897,0.40217391304347827,0.75,494,,empirical held-out regression; not official EA formula
Stefano legacy,15,second-year-update legacy,cdm,outfield,base_rating,14404,11437,2967,33,1,0,pooled numeric FIFA15-23 training-fold IDs only; per-model imputation/centering from training rows only,2.0,0.2496523716694289,0.28831928237321097,0.9990005404498419,0.9885406134142232,1.0,494,0.034296,empirical held-out regression; not official EA formula
Stefano legacy,15,second-year-update legacy,cdm,outfield,signed_modifier_explicit_only,494,402,92,33,1,0,pooled numeric FIFA15-23 training-fold IDs only; per-model imputation/centering from training rows only,2.0,0.7655921208596006,0.9911460198946813,0.6026957500562897,0.40217391304347827,0.75,494,,empirical held-out regression; not official EA formula
Stefano legacy,15,second-year-update legacy,rdm,outfield,base_rating,14404,11437,2967,33,1,0,pooled numeric FIFA15-23 training-fold IDs only; per-model imputation/centering from training rows only,2.0,0.2496523716694289,0.28831928237321097,0.9990005404498419,0.9885406134142232,1.0,494,0.034296,empirical held-out regression; not official EA formula
Stefano legacy,15,second-year-update legacy,rdm,outfield,signed_modifier_explicit_only,494,402,92,33,1,0,pooled numeric FIFA15-23 training-fold IDs only; per-model imputation/centering from training rows only,2.0,0.7655921208596006,0.9911460198946813,0.6026957500562897,0.40217391304347827,0.75,494,,empirical held-out regression; not official EA formula
Stefano legacy,15,second-year-update legacy,rwb,outfield,base_rating,14404,11437,2967,33,1,0,pooled numeric FIFA15-23 training-fold IDs only; per-model imputation/centering from training rows only,2.0,0.2501583686105971,0.2898217539866511,0.998910942972556,0.989551735760027,1.0,555,0.038531,empirical held-out regression; not official EA formula
Stefano legacy,15,second-year-update legacy,rwb,outfield,signed_modifier_explicit_only,555,455,100,33,1,0,pooled numeric FIFA15-23 training-fold IDs only; per-model imputation/centering from training rows only,2.0,0.6654956928603926,0.8677849859592087,0.6211065248522143,0.49,0.73,555,,empirical held-out regression; not official EA formula
Stefano legacy,15,second-year-update legacy,lb,outfield,base_rating,14404,11437,2967,33,1,0,pooled numeric FIFA15-23 training-fold IDs only; per-model imputation/centering from training rows only,2.0,0.24775016269283975,0.2867105403364591,0.9991742606416979,0.9882035726322885,1.0,378,0.026243,empirical held-out regression; not official EA formula
Stefano legacy,15,second-year-update legacy,lb,outfield,signed_modifier_explicit_only,378,302,76,33,1,0,pooled numeric FIFA15-23 training-fold IDs only; per-model imputation/centering from training rows only,2.0,0.8040759342650458,1.1344520421464426,0.4564489050941041,0.47368421052631576,0.75,378,,empirical held-out regression; not official EA formula
Stefano legacy,15,second-year-update legacy,lcb,outfield,base_rating,14404,11437,2967,33,1,0,pooled numeric FIFA15-23 training-fold IDs only; per-model imputation/centering from training rows only,2.0,0.25342001888092003,0.29236858983344416,0.9993432974615314,0.9848331648129424,1.0,682,0.047348,empirical held-out regression; not official EA formula
Stefano legacy,15,second-year-update legacy,lcb,outfield,signed_modifier_explicit_only,682,541,141,33,1,0,pooled numeric FIFA15-23 training-fold IDs only; per-model imputation/centering from training rows only,2.0,0.8825616092429703,1.176646759775576,0.49006638386509915,0.3900709219858156,0.7021276595744681,682,,empirical held-out regression; not official EA formula
Stefano legacy,15,second-year-update legacy,cb,outfield,base_rating,14404,11437,2967,33,1,0,pooled numeric FIFA15-23 training-fold IDs only; per-model imputation/centering from training rows only,2.0,0.25342001888092003,0.29236858983344416,0.9993432974615314,0.9848331648129424,1.0,682,0.047348,empirical held-out regression; not official EA formula
Stefano legacy,15,second-year-update legacy,cb,outfield,signed_modifier_explicit_only,682,541,141,33,1,0,pooled numeric FIFA15-23 training-fold IDs only; per-model imputation/centering from training rows only,2.0,0.8825616092429703,1.176646759775576,0.49006638386509915,0.3900709219858156,0.7021276595744681,682,,empirical held-out regression; not official EA formula
Stefano legacy,15,second-year-update legacy,rcb,outfield,base_rating,14404,11437,2967,33,1,0,pooled numeric FIFA15-23 training-fold IDs only; per-model imputation/centering from training rows only,2.0,0.25342001888092003,0.29236858983344416,0.9993432974615314,0.9848331648129424,1.0,682,0.047348,empirical held-out regression; not official EA formula
Stefano legacy,15,second-year-update legacy,rcb,outfield,signed_modifier_explicit_only,682,541,141,33,1,0,pooled numeric FIFA15-23 training-fold IDs only; per-model imputation/centering from training rows only,2.0,0.8825616092429703,1.176646759775576,0.49006638386509915,0.3900709219858156,0.7021276595744681,682,,empirical held-out regression; not official EA formula
Stefano legacy,15,second-year-update legacy,rb,outfield,base_rating,14404,11437,2967,33,1,0,pooled numeric FIFA15-23 training-fold IDs only; per-model imputation/centering from training rows only,2.0,0.24775016269283975,0.2867105403364591,0.9991742606416979,0.9882035726322885,1.0,378,0.026243,empirical held-out regression; not official EA formula
Stefano legacy,15,second-year-update legacy,rb,outfield,signed_modifier_explicit_only,378,302,76,33,1,0,pooled numeric FIFA15-23 training-fold IDs only; per-model imputation/centering from training rows only,2.0,0.8040759342650458,1.1344520421464426,0.4564489050941041,0.47368421052631576,0.75,378,,empirical held-out regression; not official EA formula
Stefano legacy,15,second-year-update legacy,gk,goalkeeper,base_rating,1778,1451,327,33,1,0,pooled numeric FIFA15-23 training-fold IDs only; per-model imputation/centering from training rows only,2.0,0.23961062076498918,0.27953312731544067,0.9986999971279723,0.9755351681957186,1.0,23,0.012936,empirical held-out regression; not official EA formula
Stefano legacy,16,second-year-update legacy,ls,outfield,base_rating,14857,11779,3078,33,1,0,pooled numeric FIFA15-23 training-fold IDs only; per-model imputation/centering from training rows only,2.0,0.2546298435715106,0.29198041308765815,0.99898636312084,0.9883040935672515,1.0,367,0.024702,empirical held-out regression; not official EA formula
Stefano legacy,16,second-year-update legacy,ls,outfield,signed_modifier_explicit_only,367,303,64,33,1,0,pooled numeric FIFA15-23 training-fold IDs only; per-model imputation/centering from training rows only,2.0,0.6628781527986343,1.037607909282501,0.5970506953335755,0.59375,0.8125,367,,empirical held-out regression; not official EA formula
Stefano legacy,16,second-year-update legacy,st,outfield,base_rating,14857,11779,3078,33,1,0,pooled numeric FIFA15-23 training-fold IDs only; per-model imputation/centering from training rows only,2.0,0.2546298435715106,0.29198041308765815,0.99898636312084,0.9883040935672515,1.0,367,0.024702,empirical held-out regression; not official EA formula
Stefano legacy,16,second-year-update legacy,st,outfield,signed_modifier_explicit_only,367,303,64,33,1,0,pooled numeric FIFA15-23 training-fold IDs only; per-model imputation/centering from training rows only,2.0,0.6628781527986343,1.037607909282501,0.5970506953335755,0.59375,0.8125,367,,empirical held-out regression; not official EA formula
Stefano legacy,16,second-year-update legacy,rs,outfield,base_rating,14857,11779,3078,33,1,0,pooled numeric FIFA15-23 training-fold IDs only; per-model imputation/centering from training rows only,2.0,0.2546298435715106,0.29198041308765815,0.99898636312084,0.9883040935672515,1.0,367,0.024702,empirical held-out regression; not official EA formula
Stefano legacy,16,second-year-update legacy,rs,outfield,signed_modifier_explicit_only,367,303,64,33,1,0,pooled numeric FIFA15-23 training-fold IDs only; per-model imputation/centering from training rows only,2.0,0.6628781527986343,1.037607909282501,0.5970506953335755,0.59375,0.8125,367,,empirical held-out regression; not official EA formula
Stefano legacy,16,second-year-update legacy,lw,outfield,base_rating,14857,11779,3078,33,1,0,pooled numeric FIFA15-23 training-fold IDs only; per-model imputation/centering from training rows only,2.0,0.2541439501397151,0.2929427568748532,0.9991386780526653,0.9876543209876543,1.0,615,0.041395,empirical held-out regression; not official EA formula
Stefano legacy,16,second-year-update legacy,lw,outfield,signed_modifier_explicit_only,615,497,118,33,1,0,pooled numeric FIFA15-23 training-fold IDs only; per-model imputation/centering from training rows only,2.0,0.7447965872219492,1.0117114953357942,0.5189668041805098,0.4067796610169492,0.7542372881355932,615,,empirical held-out regression; not official EA formula
Stefano legacy,16,second-year-update legacy,lf,outfield,base_rating,14857,11779,3078,33,1,0,pooled numeric FIFA15-23 training-fold IDs only; per-model imputation/centering from training rows only,2.0,0.24728308033640634,0.28655441918918456,0.9991721371571496,0.9844054580896686,1.0,507,0.034125,empirical held-out regression; not official EA formula
Stefano legacy,16,second-year-update legacy,lf,outfield,signed_modifier_explicit_only,507,409,98,33,1,0,pooled numeric FIFA15-23 training-fold IDs only; per-model imputation/centering from training rows only,2.0,0.6540287157759175,0.9652209755541351,0.5717426262402008,0.5204081632653061,0.826530612244898,507,,empirical held-out regression; not official EA formula
Stefano legacy,16,second-year-update legacy,cf,outfield,base_rating,14857,11779,3078,33,1,0,pooled numeric FIFA15-23 training-fold IDs only; per-model imputation/centering from training rows only,2.0,0.24728308033640634,0.28655441918918456,0.9991721371571496,0.9844054580896686,1.0,507,0.034125,empirical held-out regression; not official EA formula
Stefano legacy,16,second-year-update legacy,cf,outfield,signed_modifier_explicit_only,507,409,98,33,1,0,pooled numeric FIFA15-23 training-fold IDs only; per-model imputation/centering from training rows only,2.0,0.6540287157759175,0.9652209755541351,0.5717426262402008,0.5204081632653061,0.826530612244898,507,,empirical held-out regression; not official EA formula
Stefano legacy,16,second-year-update legacy,rf,outfield,base_rating,14857,11779,3078,33,1,0,pooled numeric FIFA15-23 training-fold IDs only; per-model imputation/centering from training rows only,2.0,0.24728308033640634,0.28655441918918456,0.9991721371571496,0.9844054580896686,1.0,507,0.034125,empirical held-out regression; not official EA formula
Stefano legacy,16,second-year-update legacy,rf,outfield,signed_modifier_explicit_only,507,409,98,33,1,0,pooled numeric FIFA15-23 training-fold IDs only; per-model imputation/centering from training rows only,2.0,0.6540287157759175,0.9652209755541351,0.5717426262402008,0.5204081632653061,0.826530612244898,507,,empirical held-out regression; not official EA formula
Stefano legacy,16,second-year-update legacy,rw,outfield,base_rating,14857,11779,3078,33,1,0,pooled numeric FIFA15-23 training-fold IDs only; per-model imputation/centering from training rows only,2.0,0.2541439501397151,0.2929427568748532,0.9991386780526653,0.9876543209876543,1.0,615,0.041395,empirical held-out regression; not official EA formula
Stefano legacy,16,second-year-update legacy,rw,outfield,signed_modifier_explicit_only,615,497,118,33,1,0,pooled numeric FIFA15-23 training-fold IDs only; per-model imputation/centering from training rows only,2.0,0.7447965872219492,1.0117114953357942,0.5189668041805098,0.4067796610169492,0.7542372881355932,615,,empirical held-out regression; not official EA formula
Stefano legacy,16,second-year-update legacy,lam,outfield,base_rating,14857,11779,3078,33,1,0,pooled numeric FIFA15-23 training-fold IDs only; per-model imputation/centering from training rows only,2.0,0.2531427325078903,0.29165672024357514,0.9991409852848998,0.9857050032488629,1.0,523,0.035202,empirical held-out regression; not official EA formula
Stefano legacy,16,second-year-update legacy,lam,outfield,signed_modifier_explicit_only,523,432,91,33,1,0,pooled numeric FIFA15-23 training-fold IDs only; per-model imputation/centering from training rows only,2.0,0.7741102336803537,1.0473845539652658,0.5377378242127091,0.42857142857142855,0.7362637362637363,523,,empirical held-out regression; not official EA formula
Stefano legacy,16,second-year-update legacy,cam,outfield,base_rating,14857,11779,3078,33,1,0,pooled numeric FIFA15-23 training-fold IDs only; per-model imputation/centering from training rows only,2.0,0.2531427325078903,0.29165672024357514,0.9991409852848998,0.9857050032488629,1.0,523,0.035202,empirical held-out regression; not official EA formula
Stefano legacy,16,second-year-update legacy,cam,outfield,signed_modifier_explicit_only,523,432,91,33,1,0,pooled numeric FIFA15-23 training-fold IDs only; per-model imputation/centering from training rows only,2.0,0.7741102336803537,1.0473845539652658,0.5377378242127091,0.42857142857142855,0.7362637362637363,523,,empirical held-out regression; not official EA formula
Stefano legacy,16,second-year-update legacy,ram,outfield,base_rating,14857,11779,3078,33,1,0,pooled numeric FIFA15-23 training-fold IDs only; per-model imputation/centering from training rows only,2.0,0.2531427325078903,0.29165672024357514,0.9991409852848998,0.9857050032488629,1.0,523,0.035202,empirical held-out regression; not official EA formula
Stefano legacy,16,second-year-update legacy,ram,outfield,signed_modifier_explicit_only,523,432,91,33,1,0,pooled numeric FIFA15-23 training-fold IDs only; per-model imputation/centering from training rows only,2.0,0.7741102336803537,1.0473845539652658,0.5377378242127091,0.42857142857142855,0.7362637362637363,523,,empirical held-out regression; not official EA formula
Stefano legacy,16,second-year-update legacy,lm,outfield,base_rating,14857,11779,3078,33,1,0,pooled numeric FIFA15-23 training-fold IDs only; per-model imputation/centering from training rows only,2.0,0.25366151111267915,0.2916245485661585,0.9990376667530336,0.98862897985705,1.0,491,0.033048,empirical held-out regression; not official EA formula
Stefano legacy,16,second-year-update legacy,lm,outfield,signed_modifier_explicit_only,491,399,92,33,1,0,pooled numeric FIFA15-23 training-fold IDs only; per-model imputation/centering from training rows only,2.0,0.7559693018399384,0.9963642245286033,0.5307926358454889,0.42391304347826086,0.717391304347826,491,,empirical held-out regression; not official EA formula
Stefano legacy,16,second-year-update legacy,lcm,outfield,base_rating,14857,11779,3078,33,1,0,pooled numeric FIFA15-23 training-fold IDs only; per-model imputation/centering from training rows only,2.0,0.251687815979661,0.29042264076093127,0.9989559084046429,0.9873294346978557,1.0,370,0.024904,empirical held-out regression; not official EA formula
Stefano legacy,16,second-year-update legacy,lcm,outfield,signed_modifier_explicit_only,370,307,63,33,1,0,pooled numeric FIFA15-23 training-fold IDs only; per-model imputation/centering from training rows only,2.0,0.6245604461845811,0.7546284858335565,0.6493634474363621,0.5396825396825397,0.8253968253968254,370,,empirical held-out regression; not official EA formula
Stefano legacy,16,second-year-update legacy,cm,outfield,base_rating,14857,11779,3078,33,1,0,pooled numeric FIFA15-23 training-fold IDs only; per-model imputation/centering from training rows only,2.0,0.251687815979661,0.29042264076093127,0.9989559084046429,0.9873294346978557,1.0,370,0.024904,empirical held-out regression; not official EA formula
Stefano legacy,16,second-year-update legacy,cm,outfield,signed_modifier_explicit_only,370,307,63,33,1,0,pooled numeric FIFA15-23 training-fold IDs only; per-model imputation/centering from training rows only,2.0,0.6245604461845811,0.7546284858335565,0.6493634474363621,0.5396825396825397,0.8253968253968254,370,,empirical held-out regression; not official EA formula
Stefano legacy,16,second-year-update legacy,rcm,outfield,base_rating,14857,11779,3078,33,1,0,pooled numeric FIFA15-23 training-fold IDs only; per-model imputation/centering from training rows only,2.0,0.251687815979661,0.29042264076093127,0.9989559084046429,0.9873294346978557,1.0,370,0.024904,empirical held-out regression; not official EA formula
Stefano legacy,16,second-year-update legacy,rcm,outfield,signed_modifier_explicit_only,370,307,63,33,1,0,pooled numeric FIFA15-23 training-fold IDs only; per-model imputation/centering from training rows only,2.0,0.6245604461845811,0.7546284858335565,0.6493634474363621,0.5396825396825397,0.8253968253968254,370,,empirical held-out regression; not official EA formula
Stefano legacy,16,second-year-update legacy,rm,outfield,base_rating,14857,11779,3078,33,1,0,pooled numeric FIFA15-23 training-fold IDs only; per-model imputation/centering from training rows only,2.0,0.25366151111267915,0.2916245485661585,0.9990376667530336,0.98862897985705,1.0,491,0.033048,empirical held-out regression; not official EA formula
Stefano legacy,16,second-year-update legacy,rm,outfield,signed_modifier_explicit_only,491,399,92,33,1,0,pooled numeric FIFA15-23 training-fold IDs only; per-model imputation/centering from training rows only,2.0,0.7559693018399384,0.9963642245286033,0.5307926358454889,0.42391304347826086,0.717391304347826,491,,empirical held-out regression; not official EA formula
Stefano legacy,16,second-year-update legacy,lwb,outfield,base_rating,14857,11779,3078,33,1,0,pooled numeric FIFA15-23 training-fold IDs only; per-model imputation/centering from training rows only,2.0,0.24602826903276886,0.2854222399571753,0.999043217863533,0.9876543209876543,1.0,550,0.03702,empirical held-out regression; not official EA formula
Stefano legacy,16,second-year-update legacy,lwb,outfield,signed_modifier_explicit_only,550,432,118,33,1,0,pooled numeric FIFA15-23 training-fold IDs only; per-model imputation/centering from training rows only,2.0,0.6656353565740585,0.9015141681258858,0.5624812749971505,0.5338983050847458,0.7372881355932204,550,,empirical held-out regression; not official EA formula
Stefano legacy,16,second-year-update legacy,ldm,outfield,base_rating,14857,11779,3078,33,1,0,pooled numeric FIFA15-23 training-fold IDs only; per-model imputation/centering from training rows only,2.0,0.25251620350841725,0.29083194885821056,0.9992116075493671,0.9883040935672515,1.0,503,0.033856,empirical held-out regression; not official EA formula
Stefano legacy,16,second-year-update legacy,ldm,outfield,signed_modifier_explicit_only,503,409,94,33,1,0,pooled numeric FIFA15-23 training-fold IDs only; per-model imputation/centering from training rows only,2.0,0.9205035828513521,1.3033880133434101,0.514967807659304,0.40425531914893614,0.6914893617021277,503,,empirical held-out regression; not official EA formula
Stefano legacy,16,second-year-update legacy,cdm,outfield,base_rating,14857,11779,3078,33,1,0,pooled numeric FIFA15-23 training-fold IDs only; per-model imputation/centering from training rows only,2.0,0.25251620350841725,0.29083194885821056,0.9992116075493671,0.9883040935672515,1.0,503,0.033856,empirical held-out regression; not official EA formula
Stefano legacy,16,second-year-update legacy,cdm,outfield,signed_modifier_explicit_only,503,409,94,33,1,0,pooled numeric FIFA15-23 training-fold IDs only; per-model imputation/centering from training rows only,2.0,0.9205035828513521,1.3033880133434101,0.514967807659304,0.40425531914893614,0.6914893617021277,503,,empirical held-out regression; not official EA formula
Stefano legacy,16,second-year-update legacy,rdm,outfield,base_rating,14857,11779,3078,33,1,0,pooled numeric FIFA15-23 training-fold IDs only; per-model imputation/centering from training rows only,2.0,0.25251620350841725,0.29083194885821056,0.9992116075493671,0.9883040935672515,1.0,503,0.033856,empirical held-out regression; not official EA formula
Stefano legacy,16,second-year-update legacy,rdm,outfield,signed_modifier_explicit_only,503,409,94,33,1,0,pooled numeric FIFA15-23 training-fold IDs only; per-model imputation/centering from training rows only,2.0,0.9205035828513521,1.3033880133434101,0.514967807659304,0.40425531914893614,0.6914893617021277,503,,empirical held-out regression; not official EA formula
Stefano legacy,16,second-year-update legacy,rwb,outfield,base_rating,14857,11779,3078,33,1,0,pooled numeric FIFA15-23 training-fold IDs only; per-model imputation/centering from training rows only,2.0,0.24602826903276886,0.2854222399571753,0.999043217863533,0.9876543209876543,1.0,550,0.03702,empirical held-out regression; not official EA formula
Stefano legacy,16,second-year-update legacy,rwb,outfield,signed_modifier_explicit_only,550,432,118,33,1,0,pooled numeric FIFA15-23 training-fold IDs only; per-model imputation/centering from training rows only,2.0,0.6656353565740585,0.9015141681258858,0.5624812749971505,0.5338983050847458,0.7372881355932204,550,,empirical held-out regression; not official EA formula
Stefano legacy,16,second-year-update legacy,lb,outfield,base_rating,14857,11779,3078,33,1,0,pooled numeric FIFA15-23 training-fold IDs only; per-model imputation/centering from training rows only,2.0,0.25399977490255793,0.29168438841469335,0.9991327760720323,0.98635477582846,1.0,369,0.024837,empirical held-out regression; not official EA formula
Stefano legacy,16,second-year-update legacy,lb,outfield,signed_modifier_explicit_only,369,300,69,33,1,0,pooled numeric FIFA15-23 training-fold IDs only; per-model imputation/centering from training rows only,2.0,0.7116983768281555,0.9798281335738251,0.6318572198161319,0.463768115942029,0.7681159420289855,369,,empirical held-out regression; not official EA formula
Stefano legacy,16,second-year-update legacy,lcb,outfield,base_rating,14857,11779,3078,33,1,0,pooled numeric FIFA15-23 training-fold IDs only; per-model imputation/centering from training rows only,2.0,0.2500651919214271,0.28935269986187806,0.9994460779634955,0.9879792072774529,1.0,669,0.045029,empirical held-out regression; not official EA formula
Stefano legacy,16,second-year-update legacy,lcb,outfield,signed_modifier_explicit_only,669,529,140,33,1,0,pooled numeric FIFA15-23 training-fold IDs only; per-model imputation/centering from training rows only,2.0,1.0594582494311893,1.411119588370635,0.35616446235350496,0.37142857142857144,0.5785714285714286,669,,empirical held-out regression; not official EA formula
Stefano legacy,16,second-year-update legacy,cb,outfield,base_rating,14857,11779,3078,33,1,0,pooled numeric FIFA15-23 training-fold IDs only; per-model imputation/centering from training rows only,2.0,0.2500651919214271,0.28935269986187806,0.9994460779634955,0.9879792072774529,1.0,669,0.045029,empirical held-out regression; not official EA formula
Stefano legacy,16,second-year-update legacy,cb,outfield,signed_modifier_explicit_only,669,529,140,33,1,0,pooled numeric FIFA15-23 training-fold IDs only; per-model imputation/centering from training rows only,2.0,1.0594582494311893,1.411119588370635,0.35616446235350496,0.37142857142857144,0.5785714285714286,669,,empirical held-out regression; not official EA formula
Stefano legacy,16,second-year-update legacy,rcb,outfield,base_rating,14857,11779,3078,33,1,0,pooled numeric FIFA15-23 training-fold IDs only; per-model imputation/centering from training rows only,2.0,0.2500651919214271,0.28935269986187806,0.9994460779634955,0.9879792072774529,1.0,669,0.045029,empirical held-out regression; not official EA formula
Stefano legacy,16,second-year-update legacy,rcb,outfield,signed_modifier_explicit_only,669,529,140,33,1,0,pooled numeric FIFA15-23 training-fold IDs only; per-model imputation/centering from training rows only,2.0,1.0594582494311893,1.411119588370635,0.35616446235350496,0.37142857142857144,0.5785714285714286,669,,empirical held-out regression; not official EA formula
Stefano legacy,16,second-year-update legacy,rb,outfield,base_rating,14857,11779,3078,33,1,0,pooled numeric FIFA15-23 training-fold IDs only; per-model imputation/centering from training rows only,2.0,0.25399977490255793,0.29168438841469335,0.9991327760720323,0.98635477582846,1.0,369,0.024837,empirical held-out regression; not official EA formula
Stefano legacy,16,second-year-update legacy,rb,outfield,signed_modifier_explicit_only,369,300,69,33,1,0,pooled numeric FIFA15-23 training-fold IDs only; per-model imputation/centering from training rows only,2.0,0.7116983768281555,0.9798281335738251,0.6318572198161319,0.463768115942029,0.7681159420289855,369,,empirical held-out regression; not official EA formula
Stefano legacy,16,second-year-update legacy,gk,goalkeeper,base_rating,1822,1470,352,33,1,0,pooled numeric FIFA15-23 training-fold IDs only; per-model imputation/centering from training rows only,2.0,0.2494664445237347,0.28885999688730146,0.9986525530141622,0.96875,1.0,26,0.01427,empirical held-out regression; not official EA formula
Stefano legacy,17,second-year-update legacy,ls,outfield,base_rating,15577,12350,3227,34,0,0,pooled numeric FIFA15-23 training-fold IDs only; per-model imputation/centering from training rows only,2.0,0.2533267042045197,0.29152770282062096,0.9990092855142427,0.9922528664394175,1.0,15496,0.9948,empirical held-out regression; not official EA formula
Stefano legacy,17,second-year-update legacy,ls,outfield,signed_modifier_explicit_only,15496,12286,3210,34,0,0,pooled numeric FIFA15-23 training-fold IDs only; per-model imputation/centering from training rows only,2.0,0.07351270353493754,0.2532166829629646,0.03741254131937055,0.97601246105919,0.9912772585669782,15496,,empirical held-out regression; not official EA formula
Stefano legacy,17,second-year-update legacy,st,outfield,base_rating,15577,12350,3227,34,0,0,pooled numeric FIFA15-23 training-fold IDs only; per-model imputation/centering from training rows only,2.0,0.2533267042045197,0.29152770282062096,0.9990092855142427,0.9922528664394175,1.0,15496,0.9948,empirical held-out regression; not official EA formula
Stefano legacy,17,second-year-update legacy,st,outfield,signed_modifier_explicit_only,15496,12286,3210,34,0,0,pooled numeric FIFA15-23 training-fold IDs only; per-model imputation/centering from training rows only,2.0,0.07351270353493754,0.2532166829629646,0.03741254131937055,0.97601246105919,0.9912772585669782,15496,,empirical held-out regression; not official EA formula
Stefano legacy,17,second-year-update legacy,rs,outfield,base_rating,15577,12350,3227,34,0,0,pooled numeric FIFA15-23 training-fold IDs only; per-model imputation/centering from training rows only,2.0,0.2533267042045197,0.29152770282062096,0.9990092855142427,0.9922528664394175,1.0,15496,0.9948,empirical held-out regression; not official EA formula
Stefano legacy,17,second-year-update legacy,rs,outfield,signed_modifier_explicit_only,15496,12286,3210,34,0,0,pooled numeric FIFA15-23 training-fold IDs only; per-model imputation/centering from training rows only,2.0,0.07351270353493754,0.2532166829629646,0.03741254131937055,0.97601246105919,0.9912772585669782,15496,,empirical held-out regression; not official EA formula
Stefano legacy,17,second-year-update legacy,lw,outfield,base_rating,15577,12350,3227,34,0,0,pooled numeric FIFA15-23 training-fold IDs only; per-model imputation/centering from training rows only,2.0,0.25160181998498543,0.29117071225748264,0.9991435317470707,0.9835760768515649,1.0,458,0.029402,empirical held-out regression; not official EA formula
Stefano legacy,17,second-year-update legacy,lw,outfield,signed_modifier_explicit_only,458,362,96,34,0,0,pooled numeric FIFA15-23 training-fold IDs only; per-model imputation/centering from training rows only,2.0,0.7031607197623565,0.8937416519556685,0.5862464884049481,0.4479166666666667,0.7083333333333334,458,,empirical held-out regression; not official EA formula
Stefano legacy,17,second-year-update legacy,lf,outfield,base_rating,15577,12350,3227,34,0,0,pooled numeric FIFA15-23 training-fold IDs only; per-model imputation/centering from training rows only,2.0,0.25038408782906935,0.2894810922601492,0.9991534557668872,0.982646420824295,1.0,403,0.025871,empirical held-out regression; not official EA formula
Stefano legacy,17,second-year-update legacy,lf,outfield,signed_modifier_explicit_only,403,318,85,34,0,0,pooled numeric FIFA15-23 training-fold IDs only; per-model imputation/centering from training rows only,2.0,0.5409796004022075,0.7047699485479882,0.6560607230478233,0.5882352941176471,0.8352941176470589,403,,empirical held-out regression; not official EA formula
Stefano legacy,17,second-year-update legacy,cf,outfield,base_rating,15577,12350,3227,34,0,0,pooled numeric FIFA15-23 training-fold IDs only; per-model imputation/centering from training rows only,2.0,0.25038408782906935,0.2894810922601492,0.9991534557668872,0.982646420824295,1.0,403,0.025871,empirical held-out regression; not official EA formula
Stefano legacy,17,second-year-update legacy,cf,outfield,signed_modifier_explicit_only,403,318,85,34,0,0,pooled numeric FIFA15-23 training-fold IDs only; per-model imputation/centering from training rows only,2.0,0.5409796004022075,0.7047699485479882,0.6560607230478233,0.5882352941176471,0.8352941176470589,403,,empirical held-out regression; not official EA formula
Stefano legacy,17,second-year-update legacy,rf,outfield,base_rating,15577,12350,3227,34,0,0,pooled numeric FIFA15-23 training-fold IDs only; per-model imputation/centering from training rows only,2.0,0.25038408782906935,0.2894810922601492,0.9991534557668872,0.982646420824295,1.0,403,0.025871,empirical held-out regression; not official EA formula
Stefano legacy,17,second-year-update legacy,rf,outfield,signed_modifier_explicit_only,403,318,85,34,0,0,pooled numeric FIFA15-23 training-fold IDs only; per-model imputation/centering from training rows only,2.0,0.5409796004022075,0.7047699485479882,0.6560607230478233,0.5882352941176471,0.8352941176470589,403,,empirical held-out regression; not official EA formula
Stefano legacy,17,second-year-update legacy,rw,outfield,base_rating,15577,12350,3227,34,0,0,pooled numeric FIFA15-23 training-fold IDs only; per-model imputation/centering from training rows only,2.0,0.25160181998498543,0.29117071225748264,0.9991435317470707,0.9835760768515649,1.0,458,0.029402,empirical held-out regression; not official EA formula
Stefano legacy,17,second-year-update legacy,rw,outfield,signed_modifier_explicit_only,458,362,96,34,0,0,pooled numeric FIFA15-23 training-fold IDs only; per-model imputation/centering from training rows only,2.0,0.7031607197623565,0.8937416519556685,0.5862464884049481,0.4479166666666667,0.7083333333333334,458,,empirical held-out regression; not official EA formula
Stefano legacy,17,second-year-update legacy,lam,outfield,base_rating,15577,12350,3227,34,0,0,pooled numeric FIFA15-23 training-fold IDs only; per-model imputation/centering from training rows only,2.0,0.24897469033970623,0.2879648035292107,0.9991522932883908,0.9913232104121475,1.0,15319,0.983437,empirical held-out regression; not official EA formula
Stefano legacy,17,second-year-update legacy,lam,outfield,signed_modifier_explicit_only,15319,12144,3175,34,0,0,pooled numeric FIFA15-23 training-fold IDs only; per-model imputation/centering from training rows only,2.0,0.0788511985104052,0.277208962684376,0.024070925794643427,0.9732283464566929,0.9867716535433071,15319,,empirical held-out regression; not official EA formula
Stefano legacy,17,second-year-update legacy,cam,outfield,base_rating,15577,12350,3227,34,0,0,pooled numeric FIFA15-23 training-fold IDs only; per-model imputation/centering from training rows only,2.0,0.24897469033970623,0.2879648035292107,0.9991522932883908,0.9913232104121475,1.0,15319,0.983437,empirical held-out regression; not official EA formula
Stefano legacy,17,second-year-update legacy,cam,outfield,signed_modifier_explicit_only,15319,12144,3175,34,0,0,pooled numeric FIFA15-23 training-fold IDs only; per-model imputation/centering from training rows only,2.0,0.0788511985104052,0.277208962684376,0.024070925794643427,0.9732283464566929,0.9867716535433071,15319,,empirical held-out regression; not official EA formula
Stefano legacy,17,second-year-update legacy,ram,outfield,base_rating,15577,12350,3227,34,0,0,pooled numeric FIFA15-23 training-fold IDs only; per-model imputation/centering from training rows only,2.0,0.24897469033970623,0.2879648035292107,0.9991522932883908,0.9913232104121475,1.0,15319,0.983437,empirical held-out regression; not official EA formula
Stefano legacy,17,second-year-update legacy,ram,outfield,signed_modifier_explicit_only,15319,12144,3175,34,0,0,pooled numeric FIFA15-23 training-fold IDs only; per-model imputation/centering from training rows only,2.0,0.0788511985104052,0.277208962684376,0.024070925794643427,0.9732283464566929,0.9867716535433071,15319,,empirical held-out regression; not official EA formula
Stefano legacy,17,second-year-update legacy,lm,outfield,base_rating,15577,12350,3227,34,0,0,pooled numeric FIFA15-23 training-fold IDs only; per-model imputation/centering from training rows only,2.0,0.25503997732423883,0.29349920668478824,0.9990105892791482,0.9894638983576077,1.0,15327,0.983951,empirical held-out regression; not official EA formula
Stefano legacy,17,second-year-update legacy,lm,outfield,signed_modifier_explicit_only,15327,12145,3182,34,0,0,pooled numeric FIFA15-23 training-fold IDs only; per-model imputation/centering from training rows only,2.0,0.08433038882034029,0.3040906653811796,0.025583552160716394,0.9717159019484601,0.9868007542426147,15327,,empirical held-out regression; not official EA formula
Stefano legacy,17,second-year-update legacy,lcm,outfield,base_rating,15577,12350,3227,34,0,0,pooled numeric FIFA15-23 training-fold IDs only; per-model imputation/centering from training rows only,2.0,0.25463263896985444,0.2936489206954181,0.9989150524040955,0.9879144716454912,1.0,15479,0.993709,empirical held-out regression; not official EA formula
Stefano legacy,17,second-year-update legacy,lcm,outfield,signed_modifier_explicit_only,15479,12267,3212,34,0,0,pooled numeric FIFA15-23 training-fold IDs only; per-model imputation/centering from training rows only,2.0,0.06500885256777979,0.20542945937700482,0.048263448883074656,0.9788293897882939,0.9934620174346201,15479,,empirical held-out regression; not official EA formula
Stefano legacy,17,second-year-update legacy,cm,outfield,base_rating,15577,12350,3227,34,0,0,pooled numeric FIFA15-23 training-fold IDs only; per-model imputation/centering from training rows only,2.0,0.25463263896985444,0.2936489206954181,0.9989150524040955,0.9879144716454912,1.0,15479,0.993709,empirical held-out regression; not official EA formula
Stefano legacy,17,second-year-update legacy,cm,outfield,signed_modifier_explicit_only,15479,12267,3212,34,0,0,pooled numeric FIFA15-23 training-fold IDs only; per-model imputation/centering from training rows only,2.0,0.06500885256777979,0.20542945937700482,0.048263448883074656,0.9788293897882939,0.9934620174346201,15479,,empirical held-out regression; not official EA formula
Stefano legacy,17,second-year-update legacy,rcm,outfield,base_rating,15577,12350,3227,34,0,0,pooled numeric FIFA15-23 training-fold IDs only; per-model imputation/centering from training rows only,2.0,0.25463263896985444,0.2936489206954181,0.9989150524040955,0.9879144716454912,1.0,15479,0.993709,empirical held-out regression; not official EA formula
Stefano legacy,17,second-year-update legacy,rcm,outfield,signed_modifier_explicit_only,15479,12267,3212,34,0,0,pooled numeric FIFA15-23 training-fold IDs only; per-model imputation/centering from training rows only,2.0,0.06500885256777979,0.20542945937700482,0.048263448883074656,0.9788293897882939,0.9934620174346201,15479,,empirical held-out regression; not official EA formula
Stefano legacy,17,second-year-update legacy,rm,outfield,base_rating,15577,12350,3227,34,0,0,pooled numeric FIFA15-23 training-fold IDs only; per-model imputation/centering from training rows only,2.0,0.25503997732423883,0.29349920668478824,0.9990105892791482,0.9894638983576077,1.0,15327,0.983951,empirical held-out regression; not official EA formula
Stefano legacy,17,second-year-update legacy,rm,outfield,signed_modifier_explicit_only,15327,12145,3182,34,0,0,pooled numeric FIFA15-23 training-fold IDs only; per-model imputation/centering from training rows only,2.0,0.08433038882034029,0.3040906653811796,0.025583552160716394,0.9717159019484601,0.9868007542426147,15327,,empirical held-out regression; not official EA formula
Stefano legacy,17,second-year-update legacy,lwb,outfield,base_rating,15577,12350,3227,34,0,0,pooled numeric FIFA15-23 training-fold IDs only; per-model imputation/centering from training rows only,2.0,0.25062354989431523,0.2894010074758543,0.9990105520068088,0.9885342423303378,1.0,15277,0.980741,empirical held-out regression; not official EA formula
Stefano legacy,17,second-year-update legacy,lwb,outfield,signed_modifier_explicit_only,15277,12112,3165,34,0,0,pooled numeric FIFA15-23 training-fold IDs only; per-model imputation/centering from training rows only,2.0,0.08083373011949396,0.27335869556973136,0.034395121058963585,0.9753554502369668,0.9908372827804107,15277,,empirical held-out regression; not official EA formula
Stefano legacy,17,second-year-update legacy,ldm,outfield,base_rating,15577,12350,3227,34,0,0,pooled numeric FIFA15-23 training-fold IDs only; per-model imputation/centering from training rows only,2.0,0.2540668612165616,0.2919733791217018,0.9992096792638582,0.9869848156182213,1.0,15449,0.991783,empirical held-out regression; not official EA formula
Stefano legacy,17,second-year-update legacy,ldm,outfield,signed_modifier_explicit_only,15449,12249,3200,34,0,0,pooled numeric FIFA15-23 training-fold IDs only; per-model imputation/centering from training rows only,2.0,0.0880743810027167,0.29507131139961057,0.02908932140937548,0.9746875,0.9903125,15449,,empirical held-out regression; not official EA formula
Stefano legacy,17,second-year-update legacy,cdm,outfield,base_rating,15577,12350,3227,34,0,0,pooled numeric FIFA15-23 training-fold IDs only; per-model imputation/centering from training rows only,2.0,0.2540668612165616,0.2919733791217018,0.9992096792638582,0.9869848156182213,1.0,15449,0.991783,empirical held-out regression; not official EA formula
Stefano legacy,17,second-year-update legacy,cdm,outfield,signed_modifier_explicit_only,15449,12249,3200,34,0,0,pooled numeric FIFA15-23 training-fold IDs only; per-model imputation/centering from training rows only,2.0,0.0880743810027167,0.29507131139961057,0.02908932140937548,0.9746875,0.9903125,15449,,empirical held-out regression; not official EA formula
Stefano legacy,17,second-year-update legacy,rdm,outfield,base_rating,15577,12350,3227,34,0,0,pooled numeric FIFA15-23 training-fold IDs only; per-model imputation/centering from training rows only,2.0,0.2540668612165616,0.2919733791217018,0.9992096792638582,0.9869848156182213,1.0,15449,0.991783,empirical held-out regression; not official EA formula
Stefano legacy,17,second-year-update legacy,rdm,outfield,signed_modifier_explicit_only,15449,12249,3200,34,0,0,pooled numeric FIFA15-23 training-fold IDs only; per-model imputation/centering from training rows only,2.0,0.0880743810027167,0.29507131139961057,0.02908932140937548,0.9746875,0.9903125,15449,,empirical held-out regression; not official EA formula
Stefano legacy,17,second-year-update legacy,rwb,outfield,base_rating,15577,12350,3227,34,0,0,pooled numeric FIFA15-23 training-fold IDs only; per-model imputation/centering from training rows only,2.0,0.25062354989431523,0.2894010074758543,0.9990105520068088,0.9885342423303378,1.0,15277,0.980741,empirical held-out regression; not official EA formula
Stefano legacy,17,second-year-update legacy,rwb,outfield,signed_modifier_explicit_only,15277,12112,3165,34,0,0,pooled numeric FIFA15-23 training-fold IDs only; per-model imputation/centering from training rows only,2.0,0.08083373011949396,0.27335869556973136,0.034395121058963585,0.9753554502369668,0.9908372827804107,15277,,empirical held-out regression; not official EA formula
Stefano legacy,17,second-year-update legacy,lb,outfield,base_rating,15577,12350,3227,34,0,0,pooled numeric FIFA15-23 training-fold IDs only; per-model imputation/centering from training rows only,2.0,0.25240407677143295,0.29080207545470954,0.9991331042413486,0.9854353889061047,1.0,15501,0.995121,empirical held-out regression; not official EA formula
Stefano legacy,17,second-year-update legacy,lb,outfield,signed_modifier_explicit_only,15501,12295,3206,34,0,0,pooled numeric FIFA15-23 training-fold IDs only; per-model imputation/centering from training rows only,2.0,0.07381728805301994,0.2448150719385033,0.0368478822763606,0.9781659388646288,0.9937616968184654,15501,,empirical held-out regression; not official EA formula
Stefano legacy,17,second-year-update legacy,lcb,outfield,base_rating,15577,12350,3227,34,0,0,pooled numeric FIFA15-23 training-fold IDs only; per-model imputation/centering from training rows only,2.0,0.2561143967806198,0.2955144241149418,0.9994201522690022,0.9810969941121785,1.0,15335,0.984464,empirical held-out regression; not official EA formula
Stefano legacy,17,second-year-update legacy,lcb,outfield,signed_modifier_explicit_only,15335,12160,3175,34,0,0,pooled numeric FIFA15-23 training-fold IDs only; per-model imputation/centering from training rows only,2.0,0.142475218250291,0.42798647189837996,0.02847172025498701,0.9650393700787402,0.9770078740157481,15335,,empirical held-out regression; not official EA formula
Stefano legacy,17,second-year-update legacy,cb,outfield,base_rating,15577,12350,3227,34,0,0,pooled numeric FIFA15-23 training-fold IDs only; per-model imputation/centering from training rows only,2.0,0.2561143967806198,0.2955144241149418,0.9994201522690022,0.9810969941121785,1.0,15335,0.984464,empirical held-out regression; not official EA formula
Stefano legacy,17,second-year-update legacy,cb,outfield,signed_modifier_explicit_only,15335,12160,3175,34,0,0,pooled numeric FIFA15-23 training-fold IDs only; per-model imputation/centering from training rows only,2.0,0.142475218250291,0.42798647189837996,0.02847172025498701,0.9650393700787402,0.9770078740157481,15335,,empirical held-out regression; not official EA formula
Stefano legacy,17,second-year-update legacy,rcb,outfield,base_rating,15577,12350,3227,34,0,0,pooled numeric FIFA15-23 training-fold IDs only; per-model imputation/centering from training rows only,2.0,0.2561143967806198,0.2955144241149418,0.9994201522690022,0.9810969941121785,1.0,15335,0.984464,empirical held-out regression; not official EA formula
Stefano legacy,17,second-year-update legacy,rcb,outfield,signed_modifier_explicit_only,15335,12160,3175,34,0,0,pooled numeric FIFA15-23 training-fold IDs only; per-model imputation/centering from training rows only,2.0,0.142475218250291,0.42798647189837996,0.02847172025498701,0.9650393700787402,0.9770078740157481,15335,,empirical held-out regression; not official EA formula
Stefano legacy,17,second-year-update legacy,rb,outfield,base_rating,15577,12350,3227,34,0,0,pooled numeric FIFA15-23 training-fold IDs only; per-model imputation/centering from training rows only,2.0,0.25240407677143295,0.29080207545470954,0.9991331042413486,0.9854353889061047,1.0,15501,0.995121,empirical held-out regression; not official EA formula
Stefano legacy,17,second-year-update legacy,rb,outfield,signed_modifier_explicit_only,15501,12295,3206,34,0,0,pooled numeric FIFA15-23 training-fold IDs only; per-model imputation/centering from training rows only,2.0,0.07381728805301994,0.2448150719385033,0.0368478822763606,0.9781659388646288,0.9937616968184654,15501,,empirical held-out regression; not official EA formula
Stefano legacy,17,second-year-update legacy,gk,goalkeeper,base_rating,1989,1590,399,34,0,0,pooled numeric FIFA15-23 training-fold IDs only; per-model imputation/centering from training rows only,2.0,0.25428761512557496,0.2926631598070407,0.9987367367581894,0.949874686716792,1.0,1989,1.0,empirical held-out regression; not official EA formula
Stefano legacy,17,second-year-update legacy,gk,goalkeeper,signed_modifier_explicit_only,1989,1590,399,34,0,0,pooled numeric FIFA15-23 training-fold IDs only; per-model imputation/centering from training rows only,2.0,0.06765806299246258,0.16542682920991794,0.14001179057057955,0.974937343358396,0.9974937343358395,1989,,empirical held-out regression; not official EA formula
Stefano legacy,18,second-year-update legacy,ls,outfield,base_rating,15912,12703,3209,34,0,0,pooled numeric FIFA15-23 training-fold IDs only; per-model imputation/centering from training rows only,2.0,0.25163937356131544,0.28970518666364703,0.9989963976675581,0.9878466812090994,1.0,15836,0.995224,empirical held-out regression; not official EA formula
Stefano legacy,18,second-year-update legacy,ls,outfield,signed_modifier_explicit_only,15836,12644,3192,34,0,0,pooled numeric FIFA15-23 training-fold IDs only; per-model imputation/centering from training rows only,2.0,0.07233851660857336,0.23575238358561418,0.038805380765083775,0.9768170426065163,0.9921679197994987,15836,,empirical held-out regression; not official EA formula
Stefano legacy,18,second-year-update legacy,st,outfield,base_rating,15912,12703,3209,34,0,0,pooled numeric FIFA15-23 training-fold IDs only; per-model imputation/centering from training rows only,2.0,0.25163937356131544,0.28970518666364703,0.9989963976675581,0.9878466812090994,1.0,15836,0.995224,empirical held-out regression; not official EA formula
Stefano legacy,18,second-year-update legacy,st,outfield,signed_modifier_explicit_only,15836,12644,3192,34,0,0,pooled numeric FIFA15-23 training-fold IDs only; per-model imputation/centering from training rows only,2.0,0.07233851660857336,0.23575238358561418,0.038805380765083775,0.9768170426065163,0.9921679197994987,15836,,empirical held-out regression; not official EA formula
Stefano legacy,18,second-year-update legacy,rs,outfield,base_rating,15912,12703,3209,34,0,0,pooled numeric FIFA15-23 training-fold IDs only; per-model imputation/centering from training rows only,2.0,0.25163937356131544,0.28970518666364703,0.9989963976675581,0.9878466812090994,1.0,15836,0.995224,empirical held-out regression; not official EA formula
Stefano legacy,18,second-year-update legacy,rs,outfield,signed_modifier_explicit_only,15836,12644,3192,34,0,0,pooled numeric FIFA15-23 training-fold IDs only; per-model imputation/centering from training rows only,2.0,0.07233851660857336,0.23575238358561418,0.038805380765083775,0.9768170426065163,0.9921679197994987,15836,,empirical held-out regression; not official EA formula
Stefano legacy,18,second-year-update legacy,lw,outfield,base_rating,15912,12703,3209,34,0,0,pooled numeric FIFA15-23 training-fold IDs only; per-model imputation/centering from training rows only,2.0,0.25475169829771077,0.2935705043675901,0.9991146786181065,0.9875350576503583,1.0,491,0.030857,empirical held-out regression; not official EA formula
Stefano legacy,18,second-year-update legacy,lw,outfield,signed_modifier_explicit_only,491,391,100,34,0,0,pooled numeric FIFA15-23 training-fold IDs only; per-model imputation/centering from training rows only,2.0,0.6586315835169014,0.8732348742067508,0.6264077480128951,0.47,0.79,491,,empirical held-out regression; not official EA formula
Stefano legacy,18,second-year-update legacy,lf,outfield,base_rating,15912,12703,3209,34,0,0,pooled numeric FIFA15-23 training-fold IDs only; per-model imputation/centering from training rows only,2.0,0.25058077616825825,0.2884308768483732,0.999143426583622,0.98504206918043,1.0,420,0.026395,empirical held-out regression; not official EA formula
Stefano legacy,18,second-year-update legacy,lf,outfield,signed_modifier_explicit_only,420,341,79,34,0,0,pooled numeric FIFA15-23 training-fold IDs only; per-model imputation/centering from training rows only,2.0,0.5199492979347226,0.7051508446029882,0.6511622559741318,0.620253164556962,0.8607594936708861,420,,empirical held-out regression; not official EA formula
Stefano legacy,18,second-year-update legacy,cf,outfield,base_rating,15912,12703,3209,34,0,0,pooled numeric FIFA15-23 training-fold IDs only; per-model imputation/centering from training rows only,2.0,0.25058077616825825,0.2884308768483732,0.999143426583622,0.98504206918043,1.0,420,0.026395,empirical held-out regression; not official EA formula
Stefano legacy,18,second-year-update legacy,cf,outfield,signed_modifier_explicit_only,420,341,79,34,0,0,pooled numeric FIFA15-23 training-fold IDs only; per-model imputation/centering from training rows only,2.0,0.5199492979347226,0.7051508446029882,0.6511622559741318,0.620253164556962,0.8607594936708861,420,,empirical held-out regression; not official EA formula
Stefano legacy,18,second-year-update legacy,rf,outfield,base_rating,15912,12703,3209,34,0,0,pooled numeric FIFA15-23 training-fold IDs only; per-model imputation/centering from training rows only,2.0,0.25058077616825825,0.2884308768483732,0.999143426583622,0.98504206918043,1.0,420,0.026395,empirical held-out regression; not official EA formula
Stefano legacy,18,second-year-update legacy,rf,outfield,signed_modifier_explicit_only,420,341,79,34,0,0,pooled numeric FIFA15-23 training-fold IDs only; per-model imputation/centering from training rows only,2.0,0.5199492979347226,0.7051508446029882,0.6511622559741318,0.620253164556962,0.8607594936708861,420,,empirical held-out regression; not official EA formula
Stefano legacy,18,second-year-update legacy,rw,outfield,base_rating,15912,12703,3209,34,0,0,pooled numeric FIFA15-23 training-fold IDs only; per-model imputation/centering from training rows only,2.0,0.25475169829771077,0.2935705043675901,0.9991146786181065,0.9875350576503583,1.0,491,0.030857,empirical held-out regression; not official EA formula
Stefano legacy,18,second-year-update legacy,rw,outfield,signed_modifier_explicit_only,491,391,100,34,0,0,pooled numeric FIFA15-23 training-fold IDs only; per-model imputation/centering from training rows only,2.0,0.6586315835169014,0.8732348742067508,0.6264077480128951,0.47,0.79,491,,empirical held-out regression; not official EA formula
Stefano legacy,18,second-year-update legacy,lam,outfield,base_rating,15912,12703,3209,34,0,0,pooled numeric FIFA15-23 training-fold IDs only; per-model imputation/centering from training rows only,2.0,0.24982800765086902,0.28985025290714805,0.999120680511436,0.9841071985042069,1.0,15649,0.983472,empirical held-out regression; not official EA formula
Stefano legacy,18,second-year-update legacy,lam,outfield,signed_modifier_explicit_only,15649,12492,3157,34,0,0,pooled numeric FIFA15-23 training-fold IDs only; per-model imputation/centering from training rows only,2.0,0.07848087732123644,0.28315892070349824,0.030142903026688428,0.9737092176116566,0.9863794741843522,15649,,empirical held-out regression; not official EA formula
Stefano legacy,18,second-year-update legacy,cam,outfield,base_rating,15912,12703,3209,34,0,0,pooled numeric FIFA15-23 training-fold IDs only; per-model imputation/centering from training rows only,2.0,0.24982800765086902,0.28985025290714805,0.999120680511436,0.9841071985042069,1.0,15649,0.983472,empirical held-out regression; not official EA formula
Stefano legacy,18,second-year-update legacy,cam,outfield,signed_modifier_explicit_only,15649,12492,3157,34,0,0,pooled numeric FIFA15-23 training-fold IDs only; per-model imputation/centering from training rows only,2.0,0.07848087732123644,0.28315892070349824,0.030142903026688428,0.9737092176116566,0.9863794741843522,15649,,empirical held-out regression; not official EA formula
Stefano legacy,18,second-year-update legacy,ram,outfield,base_rating,15912,12703,3209,34,0,0,pooled numeric FIFA15-23 training-fold IDs only; per-model imputation/centering from training rows only,2.0,0.24982800765086902,0.28985025290714805,0.999120680511436,0.9841071985042069,1.0,15649,0.983472,empirical held-out regression; not official EA formula
Stefano legacy,18,second-year-update legacy,ram,outfield,signed_modifier_explicit_only,15649,12492,3157,34,0,0,pooled numeric FIFA15-23 training-fold IDs only; per-model imputation/centering from training rows only,2.0,0.07848087732123644,0.28315892070349824,0.030142903026688428,0.9737092176116566,0.9863794741843522,15649,,empirical held-out regression; not official EA formula
Stefano legacy,18,second-year-update legacy,lm,outfield,base_rating,15912,12703,3209,34,0,0,pooled numeric FIFA15-23 training-fold IDs only; per-model imputation/centering from training rows only,2.0,0.25573020446405453,0.2937261957390887,0.9989884986716827,0.9862885634153942,1.0,15622,0.981775,empirical held-out regression; not official EA formula
Stefano legacy,18,second-year-update legacy,lm,outfield,signed_modifier_explicit_only,15622,12465,3157,34,0,0,pooled numeric FIFA15-23 training-fold IDs only; per-model imputation/centering from training rows only,2.0,0.09195786623394948,0.33434988005364136,0.02474005510290589,0.9692746278112132,0.9835286664554957,15622,,empirical held-out regression; not official EA formula
Stefano legacy,18,second-year-update legacy,lcm,outfield,base_rating,15912,12703,3209,34,0,0,pooled numeric FIFA15-23 training-fold IDs only; per-model imputation/centering from training rows only,2.0,0.2532329255921873,0.29244764527074163,0.9988930251426571,0.9869118105328762,1.0,15810,0.99359,empirical held-out regression; not official EA formula
Stefano legacy,18,second-year-update legacy,lcm,outfield,signed_modifier_explicit_only,15810,12623,3187,34,0,0,pooled numeric FIFA15-23 training-fold IDs only; per-model imputation/centering from training rows only,2.0,0.069013789419953,0.21746933252701595,0.053708656189284554,0.9783495450266708,0.9930969563853154,15810,,empirical held-out regression; not official EA formula
Stefano legacy,18,second-year-update legacy,cm,outfield,base_rating,15912,12703,3209,34,0,0,pooled numeric FIFA15-23 training-fold IDs only; per-model imputation/centering from training rows only,2.0,0.2532329255921873,0.29244764527074163,0.9988930251426571,0.9869118105328762,1.0,15810,0.99359,empirical held-out regression; not official EA formula
Stefano legacy,18,second-year-update legacy,cm,outfield,signed_modifier_explicit_only,15810,12623,3187,34,0,0,pooled numeric FIFA15-23 training-fold IDs only; per-model imputation/centering from training rows only,2.0,0.069013789419953,0.21746933252701595,0.053708656189284554,0.9783495450266708,0.9930969563853154,15810,,empirical held-out regression; not official EA formula
Stefano legacy,18,second-year-update legacy,rcm,outfield,base_rating,15912,12703,3209,34,0,0,pooled numeric FIFA15-23 training-fold IDs only; per-model imputation/centering from training rows only,2.0,0.2532329255921873,0.29244764527074163,0.9988930251426571,0.9869118105328762,1.0,15810,0.99359,empirical held-out regression; not official EA formula
Stefano legacy,18,second-year-update legacy,rcm,outfield,signed_modifier_explicit_only,15810,12623,3187,34,0,0,pooled numeric FIFA15-23 training-fold IDs only; per-model imputation/centering from training rows only,2.0,0.069013789419953,0.21746933252701595,0.053708656189284554,0.9783495450266708,0.9930969563853154,15810,,empirical held-out regression; not official EA formula
Stefano legacy,18,second-year-update legacy,rm,outfield,base_rating,15912,12703,3209,34,0,0,pooled numeric FIFA15-23 training-fold IDs only; per-model imputation/centering from training rows only,2.0,0.25573020446405453,0.2937261957390887,0.9989884986716827,0.9862885634153942,1.0,15622,0.981775,empirical held-out regression; not official EA formula
Stefano legacy,18,second-year-update legacy,rm,outfield,signed_modifier_explicit_only,15622,12465,3157,34,0,0,pooled numeric FIFA15-23 training-fold IDs only; per-model imputation/centering from training rows only,2.0,0.09195786623394948,0.33434988005364136,0.02474005510290589,0.9692746278112132,0.9835286664554957,15622,,empirical held-out regression; not official EA formula
Stefano legacy,18,second-year-update legacy,lwb,outfield,base_rating,15912,12703,3209,34,0,0,pooled numeric FIFA15-23 training-fold IDs only; per-model imputation/centering from training rows only,2.0,0.2537322361454263,0.2924353446012864,0.9989682752645849,0.9903396696790278,1.0,15563,0.978067,empirical held-out regression; not official EA formula
Stefano legacy,18,second-year-update legacy,lwb,outfield,signed_modifier_explicit_only,15563,12429,3134,34,0,0,pooled numeric FIFA15-23 training-fold IDs only; per-model imputation/centering from training rows only,2.0,0.08012170332342998,0.254316388479195,0.051181542327714324,0.9747925973197192,0.990427568602425,15563,,empirical held-out regression; not official EA formula
Stefano legacy,18,second-year-update legacy,ldm,outfield,base_rating,15912,12703,3209,34,0,0,pooled numeric FIFA15-23 training-fold IDs only; per-model imputation/centering from training rows only,2.0,0.25542441109094427,0.29491678481360073,0.9991783874420003,0.9884699283265815,1.0,15772,0.991202,empirical held-out regression; not official EA formula
Stefano legacy,18,second-year-update legacy,ldm,outfield,signed_modifier_explicit_only,15772,12594,3178,34,0,0,pooled numeric FIFA15-23 training-fold IDs only; per-model imputation/centering from training rows only,2.0,0.09325326205243971,0.3068211559790035,0.025465429972833742,0.9719949653870359,0.9874134675896791,15772,,empirical held-out regression; not official EA formula
Stefano legacy,18,second-year-update legacy,cdm,outfield,base_rating,15912,12703,3209,34,0,0,pooled numeric FIFA15-23 training-fold IDs only; per-model imputation/centering from training rows only,2.0,0.25542441109094427,0.29491678481360073,0.9991783874420003,0.9884699283265815,1.0,15772,0.991202,empirical held-out regression; not official EA formula
Stefano legacy,18,second-year-update legacy,cdm,outfield,signed_modifier_explicit_only,15772,12594,3178,34,0,0,pooled numeric FIFA15-23 training-fold IDs only; per-model imputation/centering from training rows only,2.0,0.09325326205243971,0.3068211559790035,0.025465429972833742,0.9719949653870359,0.9874134675896791,15772,,empirical held-out regression; not official EA formula
Stefano legacy,18,second-year-update legacy,rdm,outfield,base_rating,15912,12703,3209,34,0,0,pooled numeric FIFA15-23 training-fold IDs only; per-model imputation/centering from training rows only,2.0,0.25542441109094427,0.29491678481360073,0.9991783874420003,0.9884699283265815,1.0,15772,0.991202,empirical held-out regression; not official EA formula
Stefano legacy,18,second-year-update legacy,rdm,outfield,signed_modifier_explicit_only,15772,12594,3178,34,0,0,pooled numeric FIFA15-23 training-fold IDs only; per-model imputation/centering from training rows only,2.0,0.09325326205243971,0.3068211559790035,0.025465429972833742,0.9719949653870359,0.9874134675896791,15772,,empirical held-out regression; not official EA formula
Stefano legacy,18,second-year-update legacy,rwb,outfield,base_rating,15912,12703,3209,34,0,0,pooled numeric FIFA15-23 training-fold IDs only; per-model imputation/centering from training rows only,2.0,0.2537322361454263,0.2924353446012864,0.9989682752645849,0.9903396696790278,1.0,15563,0.978067,empirical held-out regression; not official EA formula
Stefano legacy,18,second-year-update legacy,rwb,outfield,signed_modifier_explicit_only,15563,12429,3134,34,0,0,pooled numeric FIFA15-23 training-fold IDs only; per-model imputation/centering from training rows only,2.0,0.08012170332342998,0.254316388479195,0.051181542327714324,0.9747925973197192,0.990427568602425,15563,,empirical held-out regression; not official EA formula
Stefano legacy,18,second-year-update legacy,lb,outfield,base_rating,15912,12703,3209,34,0,0,pooled numeric FIFA15-23 training-fold IDs only; per-model imputation/centering from training rows only,2.0,0.24819845593697137,0.2876814848979911,0.9991323974898947,0.9894047990028046,1.0,15849,0.996041,empirical held-out regression; not official EA formula
Stefano legacy,18,second-year-update legacy,lb,outfield,signed_modifier_explicit_only,15849,12654,3195,34,0,0,pooled numeric FIFA15-23 training-fold IDs only; per-model imputation/centering from training rows only,2.0,0.07837127680031655,0.2475799893359189,0.05173104457282862,0.9762128325508607,0.9918622848200312,15849,,empirical held-out regression; not official EA formula
Stefano legacy,18,second-year-update legacy,lcb,outfield,base_rating,15912,12703,3209,34,0,0,pooled numeric FIFA15-23 training-fold IDs only; per-model imputation/centering from training rows only,2.0,0.25723367256294827,0.29488814893481813,0.9994167453152341,0.9869118105328762,1.0,15715,0.987619,empirical held-out regression; not official EA formula
Stefano legacy,18,second-year-update legacy,lcb,outfield,signed_modifier_explicit_only,15715,12545,3170,34,0,0,pooled numeric FIFA15-23 training-fold IDs only; per-model imputation/centering from training rows only,2.0,0.14534330552461758,0.43312614402757044,0.03796232229848151,0.9624605678233439,0.9741324921135647,15715,,empirical held-out regression; not official EA formula
Stefano legacy,18,second-year-update legacy,cb,outfield,base_rating,15912,12703,3209,34,0,0,pooled numeric FIFA15-23 training-fold IDs only; per-model imputation/centering from training rows only,2.0,0.25723367256294827,0.29488814893481813,0.9994167453152341,0.9869118105328762,1.0,15715,0.987619,empirical held-out regression; not official EA formula
Stefano legacy,18,second-year-update legacy,cb,outfield,signed_modifier_explicit_only,15715,12545,3170,34,0,0,pooled numeric FIFA15-23 training-fold IDs only; per-model imputation/centering from training rows only,2.0,0.14534330552461758,0.43312614402757044,0.03796232229848151,0.9624605678233439,0.9741324921135647,15715,,empirical held-out regression; not official EA formula
Stefano legacy,18,second-year-update legacy,rcb,outfield,base_rating,15912,12703,3209,34,0,0,pooled numeric FIFA15-23 training-fold IDs only; per-model imputation/centering from training rows only,2.0,0.25723367256294827,0.29488814893481813,0.9994167453152341,0.9869118105328762,1.0,15715,0.987619,empirical held-out regression; not official EA formula
Stefano legacy,18,second-year-update legacy,rcb,outfield,signed_modifier_explicit_only,15715,12545,3170,34,0,0,pooled numeric FIFA15-23 training-fold IDs only; per-model imputation/centering from training rows only,2.0,0.14534330552461758,0.43312614402757044,0.03796232229848151,0.9624605678233439,0.9741324921135647,15715,,empirical held-out regression; not official EA formula
Stefano legacy,18,second-year-update legacy,rb,outfield,base_rating,15912,12703,3209,34,0,0,pooled numeric FIFA15-23 training-fold IDs only; per-model imputation/centering from training rows only,2.0,0.24819845593697137,0.2876814848979911,0.9991323974898947,0.9894047990028046,1.0,15849,0.996041,empirical held-out regression; not official EA formula
Stefano legacy,18,second-year-update legacy,rb,outfield,signed_modifier_explicit_only,15849,12654,3195,34,0,0,pooled numeric FIFA15-23 training-fold IDs only; per-model imputation/centering from training rows only,2.0,0.07837127680031655,0.2475799893359189,0.05173104457282862,0.9762128325508607,0.9918622848200312,15849,,empirical held-out regression; not official EA formula
Stefano legacy,18,second-year-update legacy,gk,goalkeeper,base_rating,2016,1611,405,34,0,0,pooled numeric FIFA15-23 training-fold IDs only; per-model imputation/centering from training rows only,2.0,0.26018408795045234,0.29718261999299667,0.9985774301144958,0.9753086419753086,1.0,2016,1.0,empirical held-out regression; not official EA formula
Stefano legacy,18,second-year-update legacy,gk,goalkeeper,signed_modifier_explicit_only,2016,1611,405,34,0,0,pooled numeric FIFA15-23 training-fold IDs only; per-model imputation/centering from training rows only,2.0,0.059766860518304696,0.13771889094280432,0.12711026890693244,0.9777777777777777,1.0,2016,,empirical held-out regression; not official EA formula
Stefano legacy,19,second-year-update legacy,ls,outfield,base_rating,16057,12845,3212,34,0,0,pooled numeric FIFA15-23 training-fold IDs only; per-model imputation/centering from training rows only,2.0,0.2514373886898865,0.290410020848064,0.9989920913053577,0.9859900373599004,1.0,15968,0.994457,empirical held-out regression; not official EA formula
Stefano legacy,19,second-year-update legacy,ls,outfield,signed_modifier_explicit_only,15968,12771,3197,34,0,0,pooled numeric FIFA15-23 training-fold IDs only; per-model imputation/centering from training rows only,2.0,0.08030779159574084,0.24175951063483647,0.05311166859861782,0.9774788864560525,0.9906162026900219,15968,,empirical held-out regression; not official EA formula
Stefano legacy,19,second-year-update legacy,st,outfield,base_rating,16057,12845,3212,34,0,0,pooled numeric FIFA15-23 training-fold IDs only; per-model imputation/centering from training rows only,2.0,0.2514373886898865,0.290410020848064,0.9989920913053577,0.9859900373599004,1.0,15968,0.994457,empirical held-out regression; not official EA formula
Stefano legacy,19,second-year-update legacy,st,outfield,signed_modifier_explicit_only,15968,12771,3197,34,0,0,pooled numeric FIFA15-23 training-fold IDs only; per-model imputation/centering from training rows only,2.0,0.08030779159574084,0.24175951063483647,0.05311166859861782,0.9774788864560525,0.9906162026900219,15968,,empirical held-out regression; not official EA formula
Stefano legacy,19,second-year-update legacy,rs,outfield,base_rating,16057,12845,3212,34,0,0,pooled numeric FIFA15-23 training-fold IDs only; per-model imputation/centering from training rows only,2.0,0.2514373886898865,0.290410020848064,0.9989920913053577,0.9859900373599004,1.0,15968,0.994457,empirical held-out regression; not official EA formula
Stefano legacy,19,second-year-update legacy,rs,outfield,signed_modifier_explicit_only,15968,12771,3197,34,0,0,pooled numeric FIFA15-23 training-fold IDs only; per-model imputation/centering from training rows only,2.0,0.08030779159574084,0.24175951063483647,0.05311166859861782,0.9774788864560525,0.9906162026900219,15968,,empirical held-out regression; not official EA formula
Stefano legacy,19,second-year-update legacy,lw,outfield,base_rating,16057,12845,3212,34,0,0,pooled numeric FIFA15-23 training-fold IDs only; per-model imputation/centering from training rows only,2.0,0.2536617056553464,0.2931003583650498,0.9991191764530055,0.9806973848069739,1.0,278,0.017313,empirical held-out regression; not official EA formula
Stefano legacy,19,second-year-update legacy,lw,outfield,signed_modifier_explicit_only,278,220,58,34,0,0,pooled numeric FIFA15-23 training-fold IDs only; per-model imputation/centering from training rows only,2.0,0.8593242507441032,1.061157989266252,0.21295380847504386,0.25862068965517243,0.6206896551724138,278,,empirical held-out regression; not official EA formula
Stefano legacy,19,second-year-update legacy,lf,outfield,base_rating,16057,12845,3212,34,0,0,pooled numeric FIFA15-23 training-fold IDs only; per-model imputation/centering from training rows only,2.0,0.25277828381229955,0.29118430669589784,0.9991265748499752,0.9863013698630136,1.0,220,0.013701,empirical held-out regression; not official EA formula
Stefano legacy,19,second-year-update legacy,lf,outfield,signed_modifier_explicit_only,220,175,45,34,0,0,pooled numeric FIFA15-23 training-fold IDs only; per-model imputation/centering from training rows only,2.0,0.7401176274473333,0.8961581191585525,0.368681586401035,0.37777777777777777,0.6888888888888889,220,,empirical held-out regression; not official EA formula
Stefano legacy,19,second-year-update legacy,cf,outfield,base_rating,16057,12845,3212,34,0,0,pooled numeric FIFA15-23 training-fold IDs only; per-model imputation/centering from training rows only,2.0,0.25277828381229955,0.29118430669589784,0.9991265748499752,0.9863013698630136,1.0,220,0.013701,empirical held-out regression; not official EA formula
Stefano legacy,19,second-year-update legacy,cf,outfield,signed_modifier_explicit_only,220,175,45,34,0,0,pooled numeric FIFA15-23 training-fold IDs only; per-model imputation/centering from training rows only,2.0,0.7401176274473333,0.8961581191585525,0.368681586401035,0.37777777777777777,0.6888888888888889,220,,empirical held-out regression; not official EA formula
Stefano legacy,19,second-year-update legacy,rf,outfield,base_rating,16057,12845,3212,34,0,0,pooled numeric FIFA15-23 training-fold IDs only; per-model imputation/centering from training rows only,2.0,0.25277828381229955,0.29118430669589784,0.9991265748499752,0.9863013698630136,1.0,220,0.013701,empirical held-out regression; not official EA formula
Stefano legacy,19,second-year-update legacy,rf,outfield,signed_modifier_explicit_only,220,175,45,34,0,0,pooled numeric FIFA15-23 training-fold IDs only; per-model imputation/centering from training rows only,2.0,0.7401176274473333,0.8961581191585525,0.368681586401035,0.37777777777777777,0.6888888888888889,220,,empirical held-out regression; not official EA formula
Stefano legacy,19,second-year-update legacy,rw,outfield,base_rating,16057,12845,3212,34,0,0,pooled numeric FIFA15-23 training-fold IDs only; per-model imputation/centering from training rows only,2.0,0.2536617056553464,0.2931003583650498,0.9991191764530055,0.9806973848069739,1.0,278,0.017313,empirical held-out regression; not official EA formula
Stefano legacy,19,second-year-update legacy,rw,outfield,signed_modifier_explicit_only,278,220,58,34,0,0,pooled numeric FIFA15-23 training-fold IDs only; per-model imputation/centering from training rows only,2.0,0.8593242507441032,1.061157989266252,0.21295380847504386,0.25862068965517243,0.6206896551724138,278,,empirical held-out regression; not official EA formula
Stefano legacy,19,second-year-update legacy,lam,outfield,base_rating,16057,12845,3212,34,0,0,pooled numeric FIFA15-23 training-fold IDs only; per-model imputation/centering from training rows only,2.0,0.25172304517682054,0.2908811193395953,0.9991152851670048,0.9872353673723536,1.0,15826,0.985614,empirical held-out regression; not official EA formula
Stefano legacy,19,second-year-update legacy,lam,outfield,signed_modifier_explicit_only,15826,12658,3168,34,0,0,pooled numeric FIFA15-23 training-fold IDs only; per-model imputation/centering from training rows only,2.0,0.08110798453509413,0.2971541653950701,0.035387888119092215,0.9753787878787878,0.9873737373737373,15826,,empirical held-out regression; not official EA formula
Stefano legacy,19,second-year-update legacy,cam,outfield,base_rating,16057,12845,3212,34,0,0,pooled numeric FIFA15-23 training-fold IDs only; per-model imputation/centering from training rows only,2.0,0.25172304517682054,0.2908811193395953,0.9991152851670048,0.9872353673723536,1.0,15826,0.985614,empirical held-out regression; not official EA formula
Stefano legacy,19,second-year-update legacy,cam,outfield,signed_modifier_explicit_only,15826,12658,3168,34,0,0,pooled numeric FIFA15-23 training-fold IDs only; per-model imputation/centering from training rows only,2.0,0.08110798453509413,0.2971541653950701,0.035387888119092215,0.9753787878787878,0.9873737373737373,15826,,empirical held-out regression; not official EA formula
Stefano legacy,19,second-year-update legacy,ram,outfield,base_rating,16057,12845,3212,34,0,0,pooled numeric FIFA15-23 training-fold IDs only; per-model imputation/centering from training rows only,2.0,0.25172304517682054,0.2908811193395953,0.9991152851670048,0.9872353673723536,1.0,15826,0.985614,empirical held-out regression; not official EA formula
Stefano legacy,19,second-year-update legacy,ram,outfield,signed_modifier_explicit_only,15826,12658,3168,34,0,0,pooled numeric FIFA15-23 training-fold IDs only; per-model imputation/centering from training rows only,2.0,0.08110798453509413,0.2971541653950701,0.035387888119092215,0.9753787878787878,0.9873737373737373,15826,,empirical held-out regression; not official EA formula
Stefano legacy,19,second-year-update legacy,lm,outfield,base_rating,16057,12845,3212,34,0,0,pooled numeric FIFA15-23 training-fold IDs only; per-model imputation/centering from training rows only,2.0,0.2490996773471507,0.28807196733382057,0.9990264827187418,0.9878580323785803,1.0,15791,0.983434,empirical held-out regression; not official EA formula
Stefano legacy,19,second-year-update legacy,lm,outfield,signed_modifier_explicit_only,15791,12625,3166,34,0,0,pooled numeric FIFA15-23 training-fold IDs only; per-model imputation/centering from training rows only,2.0,0.08982831399422148,0.3039276978571564,0.02838017133076387,0.972520530638029,0.9861023373341756,15791,,empirical held-out regression; not official EA formula
Stefano legacy,19,second-year-update legacy,lcm,outfield,base_rating,16057,12845,3212,34,0,0,pooled numeric FIFA15-23 training-fold IDs only; per-model imputation/centering from training rows only,2.0,0.25490653574741823,0.2929525034528739,0.9988963906124959,0.9859900373599004,1.0,15981,0.995267,empirical held-out regression; not official EA formula
Stefano legacy,19,second-year-update legacy,lcm,outfield,signed_modifier_explicit_only,15981,12785,3196,34,0,0,pooled numeric FIFA15-23 training-fold IDs only; per-model imputation/centering from training rows only,2.0,0.0842246010071188,0.2552999621156102,0.045805339199892825,0.9774718397997497,0.9909261576971214,15981,,empirical held-out regression; not official EA formula
Stefano legacy,19,second-year-update legacy,cm,outfield,base_rating,16057,12845,3212,34,0,0,pooled numeric FIFA15-23 training-fold IDs only; per-model imputation/centering from training rows only,2.0,0.25490653574741823,0.2929525034528739,0.9988963906124959,0.9859900373599004,1.0,15981,0.995267,empirical held-out regression; not official EA formula
Stefano legacy,19,second-year-update legacy,cm,outfield,signed_modifier_explicit_only,15981,12785,3196,34,0,0,pooled numeric FIFA15-23 training-fold IDs only; per-model imputation/centering from training rows only,2.0,0.0842246010071188,0.2552999621156102,0.045805339199892825,0.9774718397997497,0.9909261576971214,15981,,empirical held-out regression; not official EA formula
Stefano legacy,19,second-year-update legacy,rcm,outfield,base_rating,16057,12845,3212,34,0,0,pooled numeric FIFA15-23 training-fold IDs only; per-model imputation/centering from training rows only,2.0,0.25490653574741823,0.2929525034528739,0.9988963906124959,0.9859900373599004,1.0,15981,0.995267,empirical held-out regression; not official EA formula
Stefano legacy,19,second-year-update legacy,rcm,outfield,signed_modifier_explicit_only,15981,12785,3196,34,0,0,pooled numeric FIFA15-23 training-fold IDs only; per-model imputation/centering from training rows only,2.0,0.0842246010071188,0.2552999621156102,0.045805339199892825,0.9774718397997497,0.9909261576971214,15981,,empirical held-out regression; not official EA formula
Stefano legacy,19,second-year-update legacy,rm,outfield,base_rating,16057,12845,3212,34,0,0,pooled numeric FIFA15-23 training-fold IDs only; per-model imputation/centering from training rows only,2.0,0.2490996773471507,0.28807196733382057,0.9990264827187418,0.9878580323785803,1.0,15791,0.983434,empirical held-out regression; not official EA formula
Stefano legacy,19,second-year-update legacy,rm,outfield,signed_modifier_explicit_only,15791,12625,3166,34,0,0,pooled numeric FIFA15-23 training-fold IDs only; per-model imputation/centering from training rows only,2.0,0.08982831399422148,0.3039276978571564,0.02838017133076387,0.972520530638029,0.9861023373341756,15791,,empirical held-out regression; not official EA formula
Stefano legacy,19,second-year-update legacy,lwb,outfield,base_rating,16057,12845,3212,34,0,0,pooled numeric FIFA15-23 training-fold IDs only; per-model imputation/centering from training rows only,2.0,0.25159116310344515,0.2902769018863662,0.99894348771515,0.9887920298879203,1.0,15706,0.97814,empirical held-out regression; not official EA formula
Stefano legacy,19,second-year-update legacy,lwb,outfield,signed_modifier_explicit_only,15706,12573,3133,34,0,0,pooled numeric FIFA15-23 training-fold IDs only; per-model imputation/centering from training rows only,2.0,0.08953928074049324,0.26615869027753286,0.049653248812216555,0.976380466007022,0.990105330354293,15706,,empirical held-out regression; not official EA formula
Stefano legacy,19,second-year-update legacy,ldm,outfield,base_rating,16057,12845,3212,34,0,0,pooled numeric FIFA15-23 training-fold IDs only; per-model imputation/centering from training rows only,2.0,0.25587526548729783,0.2939351671068451,0.9991460828487964,0.9859900373599004,1.0,15877,0.98879,empirical held-out regression; not official EA formula
Stefano legacy,19,second-year-update legacy,ldm,outfield,signed_modifier_explicit_only,15877,12699,3178,34,0,0,pooled numeric FIFA15-23 training-fold IDs only; per-model imputation/centering from training rows only,2.0,0.09994396264575599,0.3092194400075626,0.034986122710449985,0.973568281938326,0.986784140969163,15877,,empirical held-out regression; not official EA formula
Stefano legacy,19,second-year-update legacy,cdm,outfield,base_rating,16057,12845,3212,34,0,0,pooled numeric FIFA15-23 training-fold IDs only; per-model imputation/centering from training rows only,2.0,0.25587526548729783,0.2939351671068451,0.9991460828487964,0.9859900373599004,1.0,15877,0.98879,empirical held-out regression; not official EA formula
Stefano legacy,19,second-year-update legacy,cdm,outfield,signed_modifier_explicit_only,15877,12699,3178,34,0,0,pooled numeric FIFA15-23 training-fold IDs only; per-model imputation/centering from training rows only,2.0,0.09994396264575599,0.3092194400075626,0.034986122710449985,0.973568281938326,0.986784140969163,15877,,empirical held-out regression; not official EA formula
Stefano legacy,19,second-year-update legacy,rdm,outfield,base_rating,16057,12845,3212,34,0,0,pooled numeric FIFA15-23 training-fold IDs only; per-model imputation/centering from training rows only,2.0,0.25587526548729783,0.2939351671068451,0.9991460828487964,0.9859900373599004,1.0,15877,0.98879,empirical held-out regression; not official EA formula
Stefano legacy,19,second-year-update legacy,rdm,outfield,signed_modifier_explicit_only,15877,12699,3178,34,0,0,pooled numeric FIFA15-23 training-fold IDs only; per-model imputation/centering from training rows only,2.0,0.09994396264575599,0.3092194400075626,0.034986122710449985,0.973568281938326,0.986784140969163,15877,,empirical held-out regression; not official EA formula
Stefano legacy,19,second-year-update legacy,rwb,outfield,base_rating,16057,12845,3212,34,0,0,pooled numeric FIFA15-23 training-fold IDs only; per-model imputation/centering from training rows only,2.0,0.25159116310344515,0.2902769018863662,0.99894348771515,0.9887920298879203,1.0,15706,0.97814,empirical held-out regression; not official EA formula
Stefano legacy,19,second-year-update legacy,rwb,outfield,signed_modifier_explicit_only,15706,12573,3133,34,0,0,pooled numeric FIFA15-23 training-fold IDs only; per-model imputation/centering from training rows only,2.0,0.08953928074049324,0.26615869027753286,0.049653248812216555,0.976380466007022,0.990105330354293,15706,,empirical held-out regression; not official EA formula
Stefano legacy,19,second-year-update legacy,lb,outfield,base_rating,16057,12845,3212,34,0,0,pooled numeric FIFA15-23 training-fold IDs only; per-model imputation/centering from training rows only,2.0,0.2510917964180046,0.291144484673086,0.9990581942278643,0.9822540473225405,1.0,15993,0.996014,empirical held-out regression; not official EA formula
Stefano legacy,19,second-year-update legacy,lb,outfield,signed_modifier_explicit_only,15993,12793,3200,34,0,0,pooled numeric FIFA15-23 training-fold IDs only; per-model imputation/centering from training rows only,2.0,0.08622260962621048,0.25106525870732604,0.057976907622967144,0.978125,0.991875,15993,,empirical held-out regression; not official EA formula
Stefano legacy,19,second-year-update legacy,lcb,outfield,base_rating,16057,12845,3212,34,0,0,pooled numeric FIFA15-23 training-fold IDs only; per-model imputation/centering from training rows only,2.0,0.2526652792520498,0.29042598875075004,0.9993766085455038,0.987546699875467,1.0,15839,0.986423,empirical held-out regression; not official EA formula
Stefano legacy,19,second-year-update legacy,lcb,outfield,signed_modifier_explicit_only,15839,12665,3174,34,0,0,pooled numeric FIFA15-23 training-fold IDs only; per-model imputation/centering from training rows only,2.0,0.13607842782430785,0.40936393120693954,0.023938295383205688,0.9656584751102709,0.9776307498424701,15839,,empirical held-out regression; not official EA formula
Stefano legacy,19,second-year-update legacy,cb,outfield,base_rating,16057,12845,3212,34,0,0,pooled numeric FIFA15-23 training-fold IDs only; per-model imputation/centering from training rows only,2.0,0.2526652792520498,0.29042598875075004,0.9993766085455038,0.987546699875467,1.0,15839,0.986423,empirical held-out regression; not official EA formula
Stefano legacy,19,second-year-update legacy,cb,outfield,signed_modifier_explicit_only,15839,12665,3174,34,0,0,pooled numeric FIFA15-23 training-fold IDs only; per-model imputation/centering from training rows only,2.0,0.13607842782430785,0.40936393120693954,0.023938295383205688,0.9656584751102709,0.9776307498424701,15839,,empirical held-out regression; not official EA formula
Stefano legacy,19,second-year-update legacy,rcb,outfield,base_rating,16057,12845,3212,34,0,0,pooled numeric FIFA15-23 training-fold IDs only; per-model imputation/centering from training rows only,2.0,0.2526652792520498,0.29042598875075004,0.9993766085455038,0.987546699875467,1.0,15839,0.986423,empirical held-out regression; not official EA formula
Stefano legacy,19,second-year-update legacy,rcb,outfield,signed_modifier_explicit_only,15839,12665,3174,34,0,0,pooled numeric FIFA15-23 training-fold IDs only; per-model imputation/centering from training rows only,2.0,0.13607842782430785,0.40936393120693954,0.023938295383205688,0.9656584751102709,0.9776307498424701,15839,,empirical held-out regression; not official EA formula
Stefano legacy,19,second-year-update legacy,rb,outfield,base_rating,16057,12845,3212,34,0,0,pooled numeric FIFA15-23 training-fold IDs only; per-model imputation/centering from training rows only,2.0,0.2510917964180046,0.291144484673086,0.9990581942278643,0.9822540473225405,1.0,15993,0.996014,empirical held-out regression; not official EA formula
Stefano legacy,19,second-year-update legacy,rb,outfield,signed_modifier_explicit_only,15993,12793,3200,34,0,0,pooled numeric FIFA15-23 training-fold IDs only; per-model imputation/centering from training rows only,2.0,0.08622260962621048,0.25106525870732604,0.057976907622967144,0.978125,0.991875,15993,,empirical held-out regression; not official EA formula
Stefano legacy,19,second-year-update legacy,gk,goalkeeper,base_rating,2029,1639,390,34,0,0,pooled numeric FIFA15-23 training-fold IDs only; per-model imputation/centering from training rows only,2.0,0.26245667513852694,0.3011229705255799,0.9984562760991915,0.9641025641025641,1.0,2029,1.0,empirical held-out regression; not official EA formula
Stefano legacy,19,second-year-update legacy,gk,goalkeeper,signed_modifier_explicit_only,2029,1639,390,34,0,0,pooled numeric FIFA15-23 training-fold IDs only; per-model imputation/centering from training rows only,2.0,0.048017290620774734,0.12518789774563402,0.11088672817835199,0.982051282051282,1.0,2029,,empirical held-out regression; not official EA formula
Stefano legacy,20,second-year-update legacy,ls,outfield,base_rating,16422,13105,3317,34,0,0,pooled numeric FIFA15-23 training-fold IDs only; per-model imputation/centering from training rows only,2.0,0.24905358264712882,0.28795257565763804,0.9989936135422711,0.9882423876997287,1.0,16343,0.995189,empirical held-out regression; not official EA formula
Stefano legacy,20,second-year-update legacy,ls,outfield,signed_modifier_explicit_only,16343,13043,3300,34,0,0,pooled numeric FIFA15-23 training-fold IDs only; per-model imputation/centering from training rows only,2.0,0.16085200083546602,0.3297944134069061,0.180412679748021,0.91,0.9878787878787879,16343,,empirical held-out regression; not official EA formula
Stefano legacy,20,second-year-update legacy,st,outfield,base_rating,16422,13105,3317,34,0,0,pooled numeric FIFA15-23 training-fold IDs only; per-model imputation/centering from training rows only,2.0,0.24905358264712882,0.28795257565763804,0.9989936135422711,0.9882423876997287,1.0,16343,0.995189,empirical held-out regression; not official EA formula
Stefano legacy,20,second-year-update legacy,st,outfield,signed_modifier_explicit_only,16343,13043,3300,34,0,0,pooled numeric FIFA15-23 training-fold IDs only; per-model imputation/centering from training rows only,2.0,0.16085200083546602,0.3297944134069061,0.180412679748021,0.91,0.9878787878787879,16343,,empirical held-out regression; not official EA formula
Stefano legacy,20,second-year-update legacy,rs,outfield,base_rating,16422,13105,3317,34,0,0,pooled numeric FIFA15-23 training-fold IDs only; per-model imputation/centering from training rows only,2.0,0.24905358264712882,0.28795257565763804,0.9989936135422711,0.9882423876997287,1.0,16343,0.995189,empirical held-out regression; not official EA formula
Stefano legacy,20,second-year-update legacy,rs,outfield,signed_modifier_explicit_only,16343,13043,3300,34,0,0,pooled numeric FIFA15-23 training-fold IDs only; per-model imputation/centering from training rows only,2.0,0.16085200083546602,0.3297944134069061,0.180412679748021,0.91,0.9878787878787879,16343,,empirical held-out regression; not official EA formula
Stefano legacy,20,second-year-update legacy,lw,outfield,base_rating,16422,13105,3317,34,0,0,pooled numeric FIFA15-23 training-fold IDs only; per-model imputation/centering from training rows only,2.0,0.25523530935536975,0.29304932995214206,0.999085219533275,0.9861320470304492,1.0,220,0.013397,empirical held-out regression; not official EA formula
Stefano legacy,20,second-year-update legacy,lw,outfield,signed_modifier_explicit_only,220,175,45,34,0,0,pooled numeric FIFA15-23 training-fold IDs only; per-model imputation/centering from training rows only,2.0,0.8551608714913104,1.0352737997133883,0.0071461679984826665,0.3333333333333333,0.6222222222222222,220,,empirical held-out regression; not official EA formula
Stefano legacy,20,second-year-update legacy,lf,outfield,base_rating,16422,13105,3317,34,0,0,pooled numeric FIFA15-23 training-fold IDs only; per-model imputation/centering from training rows only,2.0,0.24956427821889765,0.28918069095322485,0.9991100052625155,0.9888453421766656,1.0,147,0.008951,empirical held-out regression; not official EA formula
Stefano legacy,20,second-year-update legacy,lf,outfield,signed_modifier_explicit_only,147,115,32,34,0,0,pooled numeric FIFA15-23 training-fold IDs only; per-model imputation/centering from training rows only,2.0,0.569612462796933,0.7498877324457349,0.42874249013576515,0.59375,0.8125,147,,empirical held-out regression; not official EA formula
Stefano legacy,20,second-year-update legacy,cf,outfield,base_rating,16422,13105,3317,34,0,0,pooled numeric FIFA15-23 training-fold IDs only; per-model imputation/centering from training rows only,2.0,0.24956427821889765,0.28918069095322485,0.9991100052625155,0.9888453421766656,1.0,147,0.008951,empirical held-out regression; not official EA formula
Stefano legacy,20,second-year-update legacy,cf,outfield,signed_modifier_explicit_only,147,115,32,34,0,0,pooled numeric FIFA15-23 training-fold IDs only; per-model imputation/centering from training rows only,2.0,0.569612462796933,0.7498877324457349,0.42874249013576515,0.59375,0.8125,147,,empirical held-out regression; not official EA formula
Stefano legacy,20,second-year-update legacy,rf,outfield,base_rating,16422,13105,3317,34,0,0,pooled numeric FIFA15-23 training-fold IDs only; per-model imputation/centering from training rows only,2.0,0.24956427821889765,0.28918069095322485,0.9991100052625155,0.9888453421766656,1.0,147,0.008951,empirical held-out regression; not official EA formula
Stefano legacy,20,second-year-update legacy,rf,outfield,signed_modifier_explicit_only,147,115,32,34,0,0,pooled numeric FIFA15-23 training-fold IDs only; per-model imputation/centering from training rows only,2.0,0.569612462796933,0.7498877324457349,0.42874249013576515,0.59375,0.8125,147,,empirical held-out regression; not official EA formula
Stefano legacy,20,second-year-update legacy,rw,outfield,base_rating,16422,13105,3317,34,0,0,pooled numeric FIFA15-23 training-fold IDs only; per-model imputation/centering from training rows only,2.0,0.25523530935536975,0.29304932995214206,0.999085219533275,0.9861320470304492,1.0,220,0.013397,empirical held-out regression; not official EA formula
Stefano legacy,20,second-year-update legacy,rw,outfield,signed_modifier_explicit_only,220,175,45,34,0,0,pooled numeric FIFA15-23 training-fold IDs only; per-model imputation/centering from training rows only,2.0,0.8551608714913104,1.0352737997133883,0.0071461679984826665,0.3333333333333333,0.6222222222222222,220,,empirical held-out regression; not official EA formula
Stefano legacy,20,second-year-update legacy,lam,outfield,base_rating,16422,13105,3317,34,0,0,pooled numeric FIFA15-23 training-fold IDs only; per-model imputation/centering from training rows only,2.0,0.25560650810972185,0.29408230611574526,0.9990633137314465,0.9879409104612602,1.0,16160,0.984046,empirical held-out regression; not official EA formula
Stefano legacy,20,second-year-update legacy,lam,outfield,signed_modifier_explicit_only,16160,12900,3260,34,0,0,pooled numeric FIFA15-23 training-fold IDs only; per-model imputation/centering from training rows only,2.0,0.17936475796538875,0.40877963952160973,0.07767363080757084,0.9214723926380368,0.9788343558282209,16160,,empirical held-out regression; not official EA formula
Stefano legacy,20,second-year-update legacy,cam,outfield,base_rating,16422,13105,3317,34,0,0,pooled numeric FIFA15-23 training-fold IDs only; per-model imputation/centering from training rows only,2.0,0.25560650810972185,0.29408230611574526,0.9990633137314465,0.9879409104612602,1.0,16160,0.984046,empirical held-out regression; not official EA formula
Stefano legacy,20,second-year-update legacy,cam,outfield,signed_modifier_explicit_only,16160,12900,3260,34,0,0,pooled numeric FIFA15-23 training-fold IDs only; per-model imputation/centering from training rows only,2.0,0.17936475796538875,0.40877963952160973,0.07767363080757084,0.9214723926380368,0.9788343558282209,16160,,empirical held-out regression; not official EA formula
Stefano legacy,20,second-year-update legacy,ram,outfield,base_rating,16422,13105,3317,34,0,0,pooled numeric FIFA15-23 training-fold IDs only; per-model imputation/centering from training rows only,2.0,0.25560650810972185,0.29408230611574526,0.9990633137314465,0.9879409104612602,1.0,16160,0.984046,empirical held-out regression; not official EA formula
Stefano legacy,20,second-year-update legacy,ram,outfield,signed_modifier_explicit_only,16160,12900,3260,34,0,0,pooled numeric FIFA15-23 training-fold IDs only; per-model imputation/centering from training rows only,2.0,0.17936475796538875,0.40877963952160973,0.07767363080757084,0.9214723926380368,0.9788343558282209,16160,,empirical held-out regression; not official EA formula
Stefano legacy,20,second-year-update legacy,lm,outfield,base_rating,16422,13105,3317,34,0,0,pooled numeric FIFA15-23 training-fold IDs only; per-model imputation/centering from training rows only,2.0,0.25145961405691764,0.29012826106000167,0.9989765362828072,0.9888453421766656,1.0,16130,0.982219,empirical held-out regression; not official EA formula
Stefano legacy,20,second-year-update legacy,lm,outfield,signed_modifier_explicit_only,16130,12874,3256,34,0,0,pooled numeric FIFA15-23 training-fold IDs only; per-model imputation/centering from training rows only,2.0,0.20077581929516874,0.3987149625629094,0.07586389678411332,0.9014127764127764,0.980958230958231,16130,,empirical held-out regression; not official EA formula
Stefano legacy,20,second-year-update legacy,lcm,outfield,base_rating,16422,13105,3317,34,0,0,pooled numeric FIFA15-23 training-fold IDs only; per-model imputation/centering from training rows only,2.0,0.25386623876846276,0.2918931212586423,0.9988896552204688,0.9885438649381971,1.0,16347,0.995433,empirical held-out regression; not official EA formula
Stefano legacy,20,second-year-update legacy,lcm,outfield,signed_modifier_explicit_only,16347,13046,3301,34,0,0,pooled numeric FIFA15-23 training-fold IDs only; per-model imputation/centering from training rows only,2.0,0.13278778327673132,0.2916451984684057,0.0841316056500665,0.9366858527718873,0.9881853983641321,16347,,empirical held-out regression; not official EA formula
Stefano legacy,20,second-year-update legacy,cm,outfield,base_rating,16422,13105,3317,34,0,0,pooled numeric FIFA15-23 training-fold IDs only; per-model imputation/centering from training rows only,2.0,0.25386623876846276,0.2918931212586423,0.9988896552204688,0.9885438649381971,1.0,16347,0.995433,empirical held-out regression; not official EA formula
Stefano legacy,20,second-year-update legacy,cm,outfield,signed_modifier_explicit_only,16347,13046,3301,34,0,0,pooled numeric FIFA15-23 training-fold IDs only; per-model imputation/centering from training rows only,2.0,0.13278778327673132,0.2916451984684057,0.0841316056500665,0.9366858527718873,0.9881853983641321,16347,,empirical held-out regression; not official EA formula
Stefano legacy,20,second-year-update legacy,rcm,outfield,base_rating,16422,13105,3317,34,0,0,pooled numeric FIFA15-23 training-fold IDs only; per-model imputation/centering from training rows only,2.0,0.25386623876846276,0.2918931212586423,0.9988896552204688,0.9885438649381971,1.0,16347,0.995433,empirical held-out regression; not official EA formula
Stefano legacy,20,second-year-update legacy,rcm,outfield,signed_modifier_explicit_only,16347,13046,3301,34,0,0,pooled numeric FIFA15-23 training-fold IDs only; per-model imputation/centering from training rows only,2.0,0.13278778327673132,0.2916451984684057,0.0841316056500665,0.9366858527718873,0.9881853983641321,16347,,empirical held-out regression; not official EA formula
Stefano legacy,20,second-year-update legacy,rm,outfield,base_rating,16422,13105,3317,34,0,0,pooled numeric FIFA15-23 training-fold IDs only; per-model imputation/centering from training rows only,2.0,0.25145961405691764,0.29012826106000167,0.9989765362828072,0.9888453421766656,1.0,16130,0.982219,empirical held-out regression; not official EA formula
Stefano legacy,20,second-year-update legacy,rm,outfield,signed_modifier_explicit_only,16130,12874,3256,34,0,0,pooled numeric FIFA15-23 training-fold IDs only; per-model imputation/centering from training rows only,2.0,0.20077581929516874,0.3987149625629094,0.07586389678411332,0.9014127764127764,0.980958230958231,16130,,empirical held-out regression; not official EA formula
Stefano legacy,20,second-year-update legacy,lwb,outfield,base_rating,16422,13105,3317,34,0,0,pooled numeric FIFA15-23 training-fold IDs only; per-model imputation/centering from training rows only,2.0,0.24999324386193691,0.28938046755984415,0.9989932235250791,0.9876394332227917,1.0,16042,0.97686,empirical held-out regression; not official EA formula
Stefano legacy,20,second-year-update legacy,lwb,outfield,signed_modifier_explicit_only,16042,12808,3234,34,0,0,pooled numeric FIFA15-23 training-fold IDs only; per-model imputation/centering from training rows only,2.0,0.1454867784826842,0.2898246555106442,0.07887146748624507,0.9304267161410018,0.9916512059369202,16042,,empirical held-out regression; not official EA formula
Stefano legacy,20,second-year-update legacy,ldm,outfield,base_rating,16422,13105,3317,34,0,0,pooled numeric FIFA15-23 training-fold IDs only; per-model imputation/centering from training rows only,2.0,0.25545737454489864,0.2943977176545939,0.9991731826251706,0.9864335242689177,1.0,16241,0.988978,empirical held-out regression; not official EA formula
Stefano legacy,20,second-year-update legacy,ldm,outfield,signed_modifier_explicit_only,16241,12957,3284,34,0,0,pooled numeric FIFA15-23 training-fold IDs only; per-model imputation/centering from training rows only,2.0,0.16553387316788035,0.3421718542572743,0.06810954551437909,0.932095006090134,0.9844701583434835,16241,,empirical held-out regression; not official EA formula
Stefano legacy,20,second-year-update legacy,cdm,outfield,base_rating,16422,13105,3317,34,0,0,pooled numeric FIFA15-23 training-fold IDs only; per-model imputation/centering from training rows only,2.0,0.25545737454489864,0.2943977176545939,0.9991731826251706,0.9864335242689177,1.0,16241,0.988978,empirical held-out regression; not official EA formula
Stefano legacy,20,second-year-update legacy,cdm,outfield,signed_modifier_explicit_only,16241,12957,3284,34,0,0,pooled numeric FIFA15-23 training-fold IDs only; per-model imputation/centering from training rows only,2.0,0.16553387316788035,0.3421718542572743,0.06810954551437909,0.932095006090134,0.9844701583434835,16241,,empirical held-out regression; not official EA formula
Stefano legacy,20,second-year-update legacy,rdm,outfield,base_rating,16422,13105,3317,34,0,0,pooled numeric FIFA15-23 training-fold IDs only; per-model imputation/centering from training rows only,2.0,0.25545737454489864,0.2943977176545939,0.9991731826251706,0.9864335242689177,1.0,16241,0.988978,empirical held-out regression; not official EA formula
Stefano legacy,20,second-year-update legacy,rdm,outfield,signed_modifier_explicit_only,16241,12957,3284,34,0,0,pooled numeric FIFA15-23 training-fold IDs only; per-model imputation/centering from training rows only,2.0,0.16553387316788035,0.3421718542572743,0.06810954551437909,0.932095006090134,0.9844701583434835,16241,,empirical held-out regression; not official EA formula
Stefano legacy,20,second-year-update legacy,rwb,outfield,base_rating,16422,13105,3317,34,0,0,pooled numeric FIFA15-23 training-fold IDs only; per-model imputation/centering from training rows only,2.0,0.24999324386193691,0.28938046755984415,0.9989932235250791,0.9876394332227917,1.0,16042,0.97686,empirical held-out regression; not official EA formula
Stefano legacy,20,second-year-update legacy,rwb,outfield,signed_modifier_explicit_only,16042,12808,3234,34,0,0,pooled numeric FIFA15-23 training-fold IDs only; per-model imputation/centering from training rows only,2.0,0.1454867784826842,0.2898246555106442,0.07887146748624507,0.9304267161410018,0.9916512059369202,16042,,empirical held-out regression; not official EA formula
Stefano legacy,20,second-year-update legacy,lb,outfield,base_rating,16422,13105,3317,34,0,0,pooled numeric FIFA15-23 training-fold IDs only; per-model imputation/centering from training rows only,2.0,0.25159866570441364,0.29030626313035307,0.9991002576533846,0.9831172746457643,1.0,16363,0.996407,empirical held-out regression; not official EA formula
Stefano legacy,20,second-year-update legacy,lb,outfield,signed_modifier_explicit_only,16363,13060,3303,34,0,0,pooled numeric FIFA15-23 training-fold IDs only; per-model imputation/centering from training rows only,2.0,0.16067646155413487,0.2852339840801231,0.11355812709082136,0.9137148047229791,0.9921283681501665,16363,,empirical held-out regression; not official EA formula
Stefano legacy,20,second-year-update legacy,lcb,outfield,base_rating,16422,13105,3317,34,0,0,pooled numeric FIFA15-23 training-fold IDs only; per-model imputation/centering from training rows only,2.0,0.2534641983955307,0.2914574993922018,0.9993868634010042,0.9879409104612602,1.0,16184,0.985507,empirical held-out regression; not official EA formula
Stefano legacy,20,second-year-update legacy,lcb,outfield,signed_modifier_explicit_only,16184,12914,3270,34,0,0,pooled numeric FIFA15-23 training-fold IDs only; per-model imputation/centering from training rows only,2.0,0.2304036768728686,0.43554011194205494,0.13834471465531895,0.9015290519877676,0.9807339449541285,16184,,empirical held-out regression; not official EA formula
Stefano legacy,20,second-year-update legacy,cb,outfield,base_rating,16422,13105,3317,34,0,0,pooled numeric FIFA15-23 training-fold IDs only; per-model imputation/centering from training rows only,2.0,0.2534641983955307,0.2914574993922018,0.9993868634010042,0.9879409104612602,1.0,16184,0.985507,empirical held-out regression; not official EA formula
Stefano legacy,20,second-year-update legacy,cb,outfield,signed_modifier_explicit_only,16184,12914,3270,34,0,0,pooled numeric FIFA15-23 training-fold IDs only; per-model imputation/centering from training rows only,2.0,0.2304036768728686,0.43554011194205494,0.13834471465531895,0.9015290519877676,0.9807339449541285,16184,,empirical held-out regression; not official EA formula
Stefano legacy,20,second-year-update legacy,rcb,outfield,base_rating,16422,13105,3317,34,0,0,pooled numeric FIFA15-23 training-fold IDs only; per-model imputation/centering from training rows only,2.0,0.2534641983955307,0.2914574993922018,0.9993868634010042,0.9879409104612602,1.0,16184,0.985507,empirical held-out regression; not official EA formula
Stefano legacy,20,second-year-update legacy,rcb,outfield,signed_modifier_explicit_only,16184,12914,3270,34,0,0,pooled numeric FIFA15-23 training-fold IDs only; per-model imputation/centering from training rows only,2.0,0.2304036768728686,0.43554011194205494,0.13834471465531895,0.9015290519877676,0.9807339449541285,16184,,empirical held-out regression; not official EA formula
Stefano legacy,20,second-year-update legacy,rb,outfield,base_rating,16422,13105,3317,34,0,0,pooled numeric FIFA15-23 training-fold IDs only; per-model imputation/centering from training rows only,2.0,0.25159866570441364,0.29030626313035307,0.9991002576533846,0.9831172746457643,1.0,16363,0.996407,empirical held-out regression; not official EA formula
Stefano legacy,20,second-year-update legacy,rb,outfield,signed_modifier_explicit_only,16363,13060,3303,34,0,0,pooled numeric FIFA15-23 training-fold IDs only; per-model imputation/centering from training rows only,2.0,0.16067646155413487,0.2852339840801231,0.11355812709082136,0.9137148047229791,0.9921283681501665,16363,,empirical held-out regression; not official EA formula
Stefano legacy,20,second-year-update legacy,gk,goalkeeper,base_rating,2061,1665,396,34,0,0,pooled numeric FIFA15-23 training-fold IDs only; per-model imputation/centering from training rows only,2.0,0.25174995893046054,0.2928601879638063,0.9984996346111364,0.9621212121212122,1.0,2061,1.0,empirical held-out regression; not official EA formula
Stefano legacy,20,second-year-update legacy,gk,goalkeeper,signed_modifier_explicit_only,2061,1665,396,34,0,0,pooled numeric FIFA15-23 training-fold IDs only; per-model imputation/centering from training rows only,2.0,0.31937464524628706,0.3940818754792588,0.24072931994596058,0.8080808080808081,0.9924242424242424,2061,,empirical held-out regression; not official EA formula
Stefano legacy,21,second-year-update legacy,ls,outfield,base_rating,16810,13480,3330,34,0,0,pooled numeric FIFA15-23 training-fold IDs only; per-model imputation/centering from training rows only,2.0,0.2570019457961659,0.29493434568358456,0.9989178690934684,0.9897897897897898,1.0,15767,0.937954,empirical held-out regression; not official EA formula
Stefano legacy,21,second-year-update legacy,ls,outfield,signed_modifier_explicit_only,15767,12670,3097,34,0,0,pooled numeric FIFA15-23 training-fold IDs only; per-model imputation/centering from training rows only,2.0,0.10552077962892292,0.3082243232332677,0.041889463825440565,0.954149176622538,0.9886987407168227,15767,,empirical held-out regression; not official EA formula
Stefano legacy,21,second-year-update legacy,st,outfield,base_rating,16810,13480,3330,34,0,0,pooled numeric FIFA15-23 training-fold IDs only; per-model imputation/centering from training rows only,2.0,0.2570019457961659,0.29493434568358456,0.9989178690934684,0.9897897897897898,1.0,15767,0.937954,empirical held-out regression; not official EA formula
Stefano legacy,21,second-year-update legacy,st,outfield,signed_modifier_explicit_only,15767,12670,3097,34,0,0,pooled numeric FIFA15-23 training-fold IDs only; per-model imputation/centering from training rows only,2.0,0.10552077962892292,0.3082243232332677,0.041889463825440565,0.954149176622538,0.9886987407168227,15767,,empirical held-out regression; not official EA formula
Stefano legacy,21,second-year-update legacy,rs,outfield,base_rating,16810,13480,3330,34,0,0,pooled numeric FIFA15-23 training-fold IDs only; per-model imputation/centering from training rows only,2.0,0.2570019457961659,0.29493434568358456,0.9989178690934684,0.9897897897897898,1.0,15767,0.937954,empirical held-out regression; not official EA formula
Stefano legacy,21,second-year-update legacy,rs,outfield,signed_modifier_explicit_only,15767,12670,3097,34,0,0,pooled numeric FIFA15-23 training-fold IDs only; per-model imputation/centering from training rows only,2.0,0.10552077962892292,0.3082243232332677,0.041889463825440565,0.954149176622538,0.9886987407168227,15767,,empirical held-out regression; not official EA formula
Stefano legacy,21,second-year-update legacy,lw,outfield,base_rating,16810,13480,3330,34,0,0,pooled numeric FIFA15-23 training-fold IDs only; per-model imputation/centering from training rows only,2.0,0.25245453512030963,0.2924078875987528,0.9990517411216506,0.9897897897897898,1.0,307,0.018263,empirical held-out regression; not official EA formula
Stefano legacy,21,second-year-update legacy,lw,outfield,signed_modifier_explicit_only,307,253,54,34,0,0,pooled numeric FIFA15-23 training-fold IDs only; per-model imputation/centering from training rows only,2.0,0.7647763673703968,1.0333546108529539,-0.05159345767119561,0.4444444444444444,0.7962962962962963,307,,empirical held-out regression; not official EA formula
Stefano legacy,21,second-year-update legacy,lf,outfield,base_rating,16810,13480,3330,34,0,0,pooled numeric FIFA15-23 training-fold IDs only; per-model imputation/centering from training rows only,2.0,0.24987784416558945,0.2889108907296615,0.9990780777943323,0.990990990990991,1.0,227,0.013504,empirical held-out regression; not official EA formula
Stefano legacy,21,second-year-update legacy,lf,outfield,signed_modifier_explicit_only,227,181,46,34,0,0,pooled numeric FIFA15-23 training-fold IDs only; per-model imputation/centering from training rows only,2.0,0.5911328678945316,0.9368129005646606,-0.07716969661590056,0.6304347826086957,0.8695652173913043,227,,empirical held-out regression; not official EA formula
Stefano legacy,21,second-year-update legacy,cf,outfield,base_rating,16810,13480,3330,34,0,0,pooled numeric FIFA15-23 training-fold IDs only; per-model imputation/centering from training rows only,2.0,0.24987784416558945,0.2889108907296615,0.9990780777943323,0.990990990990991,1.0,227,0.013504,empirical held-out regression; not official EA formula
Stefano legacy,21,second-year-update legacy,cf,outfield,signed_modifier_explicit_only,227,181,46,34,0,0,pooled numeric FIFA15-23 training-fold IDs only; per-model imputation/centering from training rows only,2.0,0.5911328678945316,0.9368129005646606,-0.07716969661590056,0.6304347826086957,0.8695652173913043,227,,empirical held-out regression; not official EA formula
Stefano legacy,21,second-year-update legacy,rf,outfield,base_rating,16810,13480,3330,34,0,0,pooled numeric FIFA15-23 training-fold IDs only; per-model imputation/centering from training rows only,2.0,0.24987784416558945,0.2889108907296615,0.9990780777943323,0.990990990990991,1.0,227,0.013504,empirical held-out regression; not official EA formula
Stefano legacy,21,second-year-update legacy,rf,outfield,signed_modifier_explicit_only,227,181,46,34,0,0,pooled numeric FIFA15-23 training-fold IDs only; per-model imputation/centering from training rows only,2.0,0.5911328678945316,0.9368129005646606,-0.07716969661590056,0.6304347826086957,0.8695652173913043,227,,empirical held-out regression; not official EA formula
Stefano legacy,21,second-year-update legacy,rw,outfield,base_rating,16810,13480,3330,34,0,0,pooled numeric FIFA15-23 training-fold IDs only; per-model imputation/centering from training rows only,2.0,0.25245453512030963,0.2924078875987528,0.9990517411216506,0.9897897897897898,1.0,307,0.018263,empirical held-out regression; not official EA formula
Stefano legacy,21,second-year-update legacy,rw,outfield,signed_modifier_explicit_only,307,253,54,34,0,0,pooled numeric FIFA15-23 training-fold IDs only; per-model imputation/centering from training rows only,2.0,0.7647763673703968,1.0333546108529539,-0.05159345767119561,0.4444444444444444,0.7962962962962963,307,,empirical held-out regression; not official EA formula
Stefano legacy,21,second-year-update legacy,lam,outfield,base_rating,16810,13480,3330,34,0,0,pooled numeric FIFA15-23 training-fold IDs only; per-model imputation/centering from training rows only,2.0,0.24880250231254084,0.2883420439538468,0.9990601714790135,0.9894894894894894,1.0,16053,0.954967,empirical held-out regression; not official EA formula
Stefano legacy,21,second-year-update legacy,lam,outfield,signed_modifier_explicit_only,16053,12860,3193,34,0,0,pooled numeric FIFA15-23 training-fold IDs only; per-model imputation/centering from training rows only,2.0,0.2169010126312257,0.5178543807022323,0.0788043399973094,0.9260883181960539,0.9711869715001565,16053,,empirical held-out regression; not official EA formula
Stefano legacy,21,second-year-update legacy,cam,outfield,base_rating,16810,13480,3330,34,0,0,pooled numeric FIFA15-23 training-fold IDs only; per-model imputation/centering from training rows only,2.0,0.24880250231254084,0.2883420439538468,0.9990601714790135,0.9894894894894894,1.0,16053,0.954967,empirical held-out regression; not official EA formula
Stefano legacy,21,second-year-update legacy,cam,outfield,signed_modifier_explicit_only,16053,12860,3193,34,0,0,pooled numeric FIFA15-23 training-fold IDs only; per-model imputation/centering from training rows only,2.0,0.2169010126312257,0.5178543807022323,0.0788043399973094,0.9260883181960539,0.9711869715001565,16053,,empirical held-out regression; not official EA formula
Stefano legacy,21,second-year-update legacy,ram,outfield,base_rating,16810,13480,3330,34,0,0,pooled numeric FIFA15-23 training-fold IDs only; per-model imputation/centering from training rows only,2.0,0.24880250231254084,0.2883420439538468,0.9990601714790135,0.9894894894894894,1.0,16053,0.954967,empirical held-out regression; not official EA formula
Stefano legacy,21,second-year-update legacy,ram,outfield,signed_modifier_explicit_only,16053,12860,3193,34,0,0,pooled numeric FIFA15-23 training-fold IDs only; per-model imputation/centering from training rows only,2.0,0.2169010126312257,0.5178543807022323,0.0788043399973094,0.9260883181960539,0.9711869715001565,16053,,empirical held-out regression; not official EA formula
Stefano legacy,21,second-year-update legacy,lm,outfield,base_rating,16810,13480,3330,34,0,0,pooled numeric FIFA15-23 training-fold IDs only; per-model imputation/centering from training rows only,2.0,0.2530755302784861,0.2914443460066504,0.9989272142517573,0.9864864864864865,1.0,16373,0.974004,empirical held-out regression; not official EA formula
Stefano legacy,21,second-year-update legacy,lm,outfield,signed_modifier_explicit_only,16373,13128,3245,34,0,0,pooled numeric FIFA15-23 training-fold IDs only; per-model imputation/centering from training rows only,2.0,0.24971820185955046,0.4958612000547115,0.08768285811606269,0.8973805855161787,0.9741140215716487,16373,,empirical held-out regression; not official EA formula
Stefano legacy,21,second-year-update legacy,lcm,outfield,base_rating,16810,13480,3330,34,0,0,pooled numeric FIFA15-23 training-fold IDs only; per-model imputation/centering from training rows only,2.0,0.2528534805098576,0.291513165264515,0.9988642893910146,0.9855855855855856,1.0,16112,0.958477,empirical held-out regression; not official EA formula
Stefano legacy,21,second-year-update legacy,lcm,outfield,signed_modifier_explicit_only,16112,12918,3194,34,0,0,pooled numeric FIFA15-23 training-fold IDs only; per-model imputation/centering from training rows only,2.0,0.08173490524403738,0.24359161195947238,0.03512417097680132,0.9646211646837821,0.9912335629304947,16112,,empirical held-out regression; not official EA formula
Stefano legacy,21,second-year-update legacy,cm,outfield,base_rating,16810,13480,3330,34,0,0,pooled numeric FIFA15-23 training-fold IDs only; per-model imputation/centering from training rows only,2.0,0.2528534805098576,0.291513165264515,0.9988642893910146,0.9855855855855856,1.0,16112,0.958477,empirical held-out regression; not official EA formula
Stefano legacy,21,second-year-update legacy,cm,outfield,signed_modifier_explicit_only,16112,12918,3194,34,0,0,pooled numeric FIFA15-23 training-fold IDs only; per-model imputation/centering from training rows only,2.0,0.08173490524403738,0.24359161195947238,0.03512417097680132,0.9646211646837821,0.9912335629304947,16112,,empirical held-out regression; not official EA formula
Stefano legacy,21,second-year-update legacy,rcm,outfield,base_rating,16810,13480,3330,34,0,0,pooled numeric FIFA15-23 training-fold IDs only; per-model imputation/centering from training rows only,2.0,0.2528534805098576,0.291513165264515,0.9988642893910146,0.9855855855855856,1.0,16112,0.958477,empirical held-out regression; not official EA formula
Stefano legacy,21,second-year-update legacy,rcm,outfield,signed_modifier_explicit_only,16112,12918,3194,34,0,0,pooled numeric FIFA15-23 training-fold IDs only; per-model imputation/centering from training rows only,2.0,0.08173490524403738,0.24359161195947238,0.03512417097680132,0.9646211646837821,0.9912335629304947,16112,,empirical held-out regression; not official EA formula
Stefano legacy,21,second-year-update legacy,rm,outfield,base_rating,16810,13480,3330,34,0,0,pooled numeric FIFA15-23 training-fold IDs only; per-model imputation/centering from training rows only,2.0,0.2530755302784861,0.2914443460066504,0.9989272142517573,0.9864864864864865,1.0,16373,0.974004,empirical held-out regression; not official EA formula
Stefano legacy,21,second-year-update legacy,rm,outfield,signed_modifier_explicit_only,16373,13128,3245,34,0,0,pooled numeric FIFA15-23 training-fold IDs only; per-model imputation/centering from training rows only,2.0,0.24971820185955046,0.4958612000547115,0.08768285811606269,0.8973805855161787,0.9741140215716487,16373,,empirical held-out regression; not official EA formula
Stefano legacy,21,second-year-update legacy,lwb,outfield,base_rating,16810,13480,3330,34,0,0,pooled numeric FIFA15-23 training-fold IDs only; per-model imputation/centering from training rows only,2.0,0.251567620064436,0.29052662849878325,0.9989774957932862,0.9891891891891892,1.0,16659,0.991017,empirical held-out regression; not official EA formula
Stefano legacy,21,second-year-update legacy,lwb,outfield,signed_modifier_explicit_only,16659,13359,3300,34,0,0,pooled numeric FIFA15-23 training-fold IDs only; per-model imputation/centering from training rows only,2.0,0.12373052566235204,0.2872007014379676,0.04357592615320838,0.9463636363636364,0.990909090909091,16659,,empirical held-out regression; not official EA formula
Stefano legacy,21,second-year-update legacy,ldm,outfield,base_rating,16810,13480,3330,34,0,0,pooled numeric FIFA15-23 training-fold IDs only; per-model imputation/centering from training rows only,2.0,0.2508576766905611,0.2902162599665505,0.999196172518085,0.9840840840840841,1.0,16642,0.990006,empirical held-out regression; not official EA formula
Stefano legacy,21,second-year-update legacy,ldm,outfield,signed_modifier_explicit_only,16642,13342,3300,34,0,0,pooled numeric FIFA15-23 training-fold IDs only; per-model imputation/centering from training rows only,2.0,0.1902460457928224,0.3769818495089437,0.07058056815033753,0.9281818181818182,0.9812121212121212,16642,,empirical held-out regression; not official EA formula
Stefano legacy,21,second-year-update legacy,cdm,outfield,base_rating,16810,13480,3330,34,0,0,pooled numeric FIFA15-23 training-fold IDs only; per-model imputation/centering from training rows only,2.0,0.2508576766905611,0.2902162599665505,0.999196172518085,0.9840840840840841,1.0,16642,0.990006,empirical held-out regression; not official EA formula
Stefano legacy,21,second-year-update legacy,cdm,outfield,signed_modifier_explicit_only,16642,13342,3300,34,0,0,pooled numeric FIFA15-23 training-fold IDs only; per-model imputation/centering from training rows only,2.0,0.1902460457928224,0.3769818495089437,0.07058056815033753,0.9281818181818182,0.9812121212121212,16642,,empirical held-out regression; not official EA formula
Stefano legacy,21,second-year-update legacy,rdm,outfield,base_rating,16810,13480,3330,34,0,0,pooled numeric FIFA15-23 training-fold IDs only; per-model imputation/centering from training rows only,2.0,0.2508576766905611,0.2902162599665505,0.999196172518085,0.9840840840840841,1.0,16642,0.990006,empirical held-out regression; not official EA formula
Stefano legacy,21,second-year-update legacy,rdm,outfield,signed_modifier_explicit_only,16642,13342,3300,34,0,0,pooled numeric FIFA15-23 training-fold IDs only; per-model imputation/centering from training rows only,2.0,0.1902460457928224,0.3769818495089437,0.07058056815033753,0.9281818181818182,0.9812121212121212,16642,,empirical held-out regression; not official EA formula
Stefano legacy,21,second-year-update legacy,rwb,outfield,base_rating,16810,13480,3330,34,0,0,pooled numeric FIFA15-23 training-fold IDs only; per-model imputation/centering from training rows only,2.0,0.251567620064436,0.29052662849878325,0.9989774957932862,0.9891891891891892,1.0,16659,0.991017,empirical held-out regression; not official EA formula
Stefano legacy,21,second-year-update legacy,rwb,outfield,signed_modifier_explicit_only,16659,13359,3300,34,0,0,pooled numeric FIFA15-23 training-fold IDs only; per-model imputation/centering from training rows only,2.0,0.12373052566235204,0.2872007014379676,0.04357592615320838,0.9463636363636364,0.990909090909091,16659,,empirical held-out regression; not official EA formula
Stefano legacy,21,second-year-update legacy,lb,outfield,base_rating,16810,13480,3330,34,0,0,pooled numeric FIFA15-23 training-fold IDs only; per-model imputation/centering from training rows only,2.0,0.2533929560063073,0.2906598735030465,0.9990959132623607,0.9876876876876877,1.0,16724,0.994884,empirical held-out regression; not official EA formula
Stefano legacy,21,second-year-update legacy,lb,outfield,signed_modifier_explicit_only,16724,13405,3319,34,0,0,pooled numeric FIFA15-23 training-fold IDs only; per-model imputation/centering from training rows only,2.0,0.08134710023930244,0.25108753260398026,0.031002736452848567,0.9683639650497138,0.994576679722808,16724,,empirical held-out regression; not official EA formula
Stefano legacy,21,second-year-update legacy,lcb,outfield,base_rating,16810,13480,3330,34,0,0,pooled numeric FIFA15-23 training-fold IDs only; per-model imputation/centering from training rows only,2.0,0.2541249750390315,0.29225294411776503,0.9993896383356866,0.9882882882882883,1.0,15637,0.93022,empirical held-out regression; not official EA formula
Stefano legacy,21,second-year-update legacy,lcb,outfield,signed_modifier_explicit_only,15637,12522,3115,34,0,0,pooled numeric FIFA15-23 training-fold IDs only; per-model imputation/centering from training rows only,2.0,0.17199367792219408,0.4033195523185092,0.06210598640334808,0.9431781701444623,0.9810593900481541,15637,,empirical held-out regression; not official EA formula
Stefano legacy,21,second-year-update legacy,cb,outfield,base_rating,16810,13480,3330,34,0,0,pooled numeric FIFA15-23 training-fold IDs only; per-model imputation/centering from training rows only,2.0,0.2541249750390315,0.29225294411776503,0.9993896383356866,0.9882882882882883,1.0,15637,0.93022,empirical held-out regression; not official EA formula
Stefano legacy,21,second-year-update legacy,cb,outfield,signed_modifier_explicit_only,15637,12522,3115,34,0,0,pooled numeric FIFA15-23 training-fold IDs only; per-model imputation/centering from training rows only,2.0,0.17199367792219408,0.4033195523185092,0.06210598640334808,0.9431781701444623,0.9810593900481541,15637,,empirical held-out regression; not official EA formula
Stefano legacy,21,second-year-update legacy,rcb,outfield,base_rating,16810,13480,3330,34,0,0,pooled numeric FIFA15-23 training-fold IDs only; per-model imputation/centering from training rows only,2.0,0.2541249750390315,0.29225294411776503,0.9993896383356866,0.9882882882882883,1.0,15637,0.93022,empirical held-out regression; not official EA formula
Stefano legacy,21,second-year-update legacy,rcb,outfield,signed_modifier_explicit_only,15637,12522,3115,34,0,0,pooled numeric FIFA15-23 training-fold IDs only; per-model imputation/centering from training rows only,2.0,0.17199367792219408,0.4033195523185092,0.06210598640334808,0.9431781701444623,0.9810593900481541,15637,,empirical held-out regression; not official EA formula
Stefano legacy,21,second-year-update legacy,rb,outfield,base_rating,16810,13480,3330,34,0,0,pooled numeric FIFA15-23 training-fold IDs only; per-model imputation/centering from training rows only,2.0,0.2533929560063073,0.2906598735030465,0.9990959132623607,0.9876876876876877,1.0,16724,0.994884,empirical held-out regression; not official EA formula
Stefano legacy,21,second-year-update legacy,rb,outfield,signed_modifier_explicit_only,16724,13405,3319,34,0,0,pooled numeric FIFA15-23 training-fold IDs only; per-model imputation/centering from training rows only,2.0,0.08134710023930244,0.25108753260398026,0.031002736452848567,0.9683639650497138,0.994576679722808,16724,,empirical held-out regression; not official EA formula
Stefano legacy,21,second-year-update legacy,gk,goalkeeper,base_rating,2077,1682,395,34,0,0,pooled numeric FIFA15-23 training-fold IDs only; per-model imputation/centering from training rows only,2.0,0.25047460456830545,0.2912502050559032,0.9985442764796498,0.9772151898734177,1.0,2077,1.0,empirical held-out regression; not official EA formula
Stefano legacy,21,second-year-update legacy,gk,goalkeeper,signed_modifier_explicit_only,2077,1682,395,34,0,0,pooled numeric FIFA15-23 training-fold IDs only; per-model imputation/centering from training rows only,2.0,0.3365933532775835,0.4077803259839418,0.21356213930435386,0.7822784810126582,0.9924050632911392,2077,,empirical held-out regression; not official EA formula
Stefano legacy,22,second-year-update legacy,ls,outfield,base_rating,17107,13694,3413,34,0,0,pooled numeric FIFA15-23 training-fold IDs only; per-model imputation/centering from training rows only,2.0,0.2515648665551151,0.2905674771471562,0.9989737206779715,0.9832991503076473,1.0,16028,0.936926,empirical held-out regression; not official EA formula
Stefano legacy,22,second-year-update legacy,ls,outfield,signed_modifier_explicit_only,16028,12845,3183,34,0,0,pooled numeric FIFA15-23 training-fold IDs only; per-model imputation/centering from training rows only,2.0,0.10418860261669348,0.3066849190705453,0.06526624110165946,0.9522463085139805,0.9896324222431668,16028,,empirical held-out regression; not official EA formula
Stefano legacy,22,second-year-update legacy,st,outfield,base_rating,17107,13694,3413,34,0,0,pooled numeric FIFA15-23 training-fold IDs only; per-model imputation/centering from training rows only,2.0,0.2515648665551151,0.2905674771471562,0.9989737206779715,0.9832991503076473,1.0,16028,0.936926,empirical held-out regression; not official EA formula
Stefano legacy,22,second-year-update legacy,st,outfield,signed_modifier_explicit_only,16028,12845,3183,34,0,0,pooled numeric FIFA15-23 training-fold IDs only; per-model imputation/centering from training rows only,2.0,0.10418860261669348,0.3066849190705453,0.06526624110165946,0.9522463085139805,0.9896324222431668,16028,,empirical held-out regression; not official EA formula
Stefano legacy,22,second-year-update legacy,rs,outfield,base_rating,17107,13694,3413,34,0,0,pooled numeric FIFA15-23 training-fold IDs only; per-model imputation/centering from training rows only,2.0,0.2515648665551151,0.2905674771471562,0.9989737206779715,0.9832991503076473,1.0,16028,0.936926,empirical held-out regression; not official EA formula
Stefano legacy,22,second-year-update legacy,rs,outfield,signed_modifier_explicit_only,16028,12845,3183,34,0,0,pooled numeric FIFA15-23 training-fold IDs only; per-model imputation/centering from training rows only,2.0,0.10418860261669348,0.3066849190705453,0.06526624110165946,0.9522463085139805,0.9896324222431668,16028,,empirical held-out regression; not official EA formula
Stefano legacy,22,second-year-update legacy,lw,outfield,base_rating,17107,13694,3413,34,0,0,pooled numeric FIFA15-23 training-fold IDs only; per-model imputation/centering from training rows only,2.0,0.24966364764484644,0.28833665121555047,0.9990943585582829,0.9891590975681219,1.0,326,0.019057,empirical held-out regression; not official EA formula
Stefano legacy,22,second-year-update legacy,lw,outfield,signed_modifier_explicit_only,326,274,52,34,0,0,pooled numeric FIFA15-23 training-fold IDs only; per-model imputation/centering from training rows only,2.0,0.4846038985420508,0.6058794126292795,-0.11780516734256041,0.5961538461538461,0.9230769230769231,326,,empirical held-out regression; not official EA formula
Stefano legacy,22,second-year-update legacy,lf,outfield,base_rating,17107,13694,3413,34,0,0,pooled numeric FIFA15-23 training-fold IDs only; per-model imputation/centering from training rows only,2.0,0.24748635092811724,0.28654904385703145,0.9991112859515884,0.9900380896571931,1.0,202,0.011808,empirical held-out regression; not official EA formula
Stefano legacy,22,second-year-update legacy,lf,outfield,signed_modifier_explicit_only,202,173,29,34,0,0,pooled numeric FIFA15-23 training-fold IDs only; per-model imputation/centering from training rows only,2.0,0.4121272282401396,0.5317305473450643,-0.052133329018055674,0.7931034482758621,0.9310344827586207,202,,empirical held-out regression; not official EA formula
Stefano legacy,22,second-year-update legacy,cf,outfield,base_rating,17107,13694,3413,34,0,0,pooled numeric FIFA15-23 training-fold IDs only; per-model imputation/centering from training rows only,2.0,0.24748635092811724,0.28654904385703145,0.9991112859515884,0.9900380896571931,1.0,202,0.011808,empirical held-out regression; not official EA formula
Stefano legacy,22,second-year-update legacy,cf,outfield,signed_modifier_explicit_only,202,173,29,34,0,0,pooled numeric FIFA15-23 training-fold IDs only; per-model imputation/centering from training rows only,2.0,0.4121272282401396,0.5317305473450643,-0.052133329018055674,0.7931034482758621,0.9310344827586207,202,,empirical held-out regression; not official EA formula
Stefano legacy,22,second-year-update legacy,rf,outfield,base_rating,17107,13694,3413,34,0,0,pooled numeric FIFA15-23 training-fold IDs only; per-model imputation/centering from training rows only,2.0,0.24748635092811724,0.28654904385703145,0.9991112859515884,0.9900380896571931,1.0,202,0.011808,empirical held-out regression; not official EA formula
Stefano legacy,22,second-year-update legacy,rf,outfield,signed_modifier_explicit_only,202,173,29,34,0,0,pooled numeric FIFA15-23 training-fold IDs only; per-model imputation/centering from training rows only,2.0,0.4121272282401396,0.5317305473450643,-0.052133329018055674,0.7931034482758621,0.9310344827586207,202,,empirical held-out regression; not official EA formula
Stefano legacy,22,second-year-update legacy,rw,outfield,base_rating,17107,13694,3413,34,0,0,pooled numeric FIFA15-23 training-fold IDs only; per-model imputation/centering from training rows only,2.0,0.24966364764484644,0.28833665121555047,0.9990943585582829,0.9891590975681219,1.0,326,0.019057,empirical held-out regression; not official EA formula
Stefano legacy,22,second-year-update legacy,rw,outfield,signed_modifier_explicit_only,326,274,52,34,0,0,pooled numeric FIFA15-23 training-fold IDs only; per-model imputation/centering from training rows only,2.0,0.4846038985420508,0.6058794126292795,-0.11780516734256041,0.5961538461538461,0.9230769230769231,326,,empirical held-out regression; not official EA formula
Stefano legacy,22,second-year-update legacy,lam,outfield,base_rating,17107,13694,3413,34,0,0,pooled numeric FIFA15-23 training-fold IDs only; per-model imputation/centering from training rows only,2.0,0.25182323634037335,0.2906311567507759,0.9990618083262426,0.9812481687664811,1.0,16316,0.953762,empirical held-out regression; not official EA formula
Stefano legacy,22,second-year-update legacy,lam,outfield,signed_modifier_explicit_only,16316,13046,3270,34,0,0,pooled numeric FIFA15-23 training-fold IDs only; per-model imputation/centering from training rows only,2.0,0.2086233286363822,0.45253127801758575,0.0912962032880682,0.9174311926605505,0.972782874617737,16316,,empirical held-out regression; not official EA formula
Stefano legacy,22,second-year-update legacy,cam,outfield,base_rating,17107,13694,3413,34,0,0,pooled numeric FIFA15-23 training-fold IDs only; per-model imputation/centering from training rows only,2.0,0.25182323634037335,0.2906311567507759,0.9990618083262426,0.9812481687664811,1.0,16316,0.953762,empirical held-out regression; not official EA formula
Stefano legacy,22,second-year-update legacy,cam,outfield,signed_modifier_explicit_only,16316,13046,3270,34,0,0,pooled numeric FIFA15-23 training-fold IDs only; per-model imputation/centering from training rows only,2.0,0.2086233286363822,0.45253127801758575,0.0912962032880682,0.9174311926605505,0.972782874617737,16316,,empirical held-out regression; not official EA formula
Stefano legacy,22,second-year-update legacy,ram,outfield,base_rating,17107,13694,3413,34,0,0,pooled numeric FIFA15-23 training-fold IDs only; per-model imputation/centering from training rows only,2.0,0.25182323634037335,0.2906311567507759,0.9990618083262426,0.9812481687664811,1.0,16316,0.953762,empirical held-out regression; not official EA formula
Stefano legacy,22,second-year-update legacy,ram,outfield,signed_modifier_explicit_only,16316,13046,3270,34,0,0,pooled numeric FIFA15-23 training-fold IDs only; per-model imputation/centering from training rows only,2.0,0.2086233286363822,0.45253127801758575,0.0912962032880682,0.9174311926605505,0.972782874617737,16316,,empirical held-out regression; not official EA formula
Stefano legacy,22,second-year-update legacy,lm,outfield,base_rating,17107,13694,3413,34,0,0,pooled numeric FIFA15-23 training-fold IDs only; per-model imputation/centering from training rows only,2.0,0.25528931392581394,0.2934099230483417,0.9989154183641492,0.9832991503076473,1.0,16629,0.972058,empirical held-out regression; not official EA formula
Stefano legacy,22,second-year-update legacy,lm,outfield,signed_modifier_explicit_only,16629,13309,3320,34,0,0,pooled numeric FIFA15-23 training-fold IDs only; per-model imputation/centering from training rows only,2.0,0.2495182685257946,0.47292234344058715,0.09603473249967065,0.891867469879518,0.971987951807229,16629,,empirical held-out regression; not official EA formula
Stefano legacy,22,second-year-update legacy,lcm,outfield,base_rating,17107,13694,3413,34,0,0,pooled numeric FIFA15-23 training-fold IDs only; per-model imputation/centering from training rows only,2.0,0.2501536572519419,0.28911814759254023,0.998869146251263,0.9853501318488134,1.0,16371,0.956977,empirical held-out regression; not official EA formula
Stefano legacy,22,second-year-update legacy,lcm,outfield,signed_modifier_explicit_only,16371,13103,3268,34,0,0,pooled numeric FIFA15-23 training-fold IDs only; per-model imputation/centering from training rows only,2.0,0.08493137498676011,0.25830259425055296,0.04244683410830408,0.9629742962056304,0.9917380660954712,16371,,empirical held-out regression; not official EA formula
Stefano legacy,22,second-year-update legacy,cm,outfield,base_rating,17107,13694,3413,34,0,0,pooled numeric FIFA15-23 training-fold IDs only; per-model imputation/centering from training rows only,2.0,0.2501536572519419,0.28911814759254023,0.998869146251263,0.9853501318488134,1.0,16371,0.956977,empirical held-out regression; not official EA formula
Stefano legacy,22,second-year-update legacy,cm,outfield,signed_modifier_explicit_only,16371,13103,3268,34,0,0,pooled numeric FIFA15-23 training-fold IDs only; per-model imputation/centering from training rows only,2.0,0.08493137498676011,0.25830259425055296,0.04244683410830408,0.9629742962056304,0.9917380660954712,16371,,empirical held-out regression; not official EA formula
Stefano legacy,22,second-year-update legacy,rcm,outfield,base_rating,17107,13694,3413,34,0,0,pooled numeric FIFA15-23 training-fold IDs only; per-model imputation/centering from training rows only,2.0,0.2501536572519419,0.28911814759254023,0.998869146251263,0.9853501318488134,1.0,16371,0.956977,empirical held-out regression; not official EA formula
Stefano legacy,22,second-year-update legacy,rcm,outfield,signed_modifier_explicit_only,16371,13103,3268,34,0,0,pooled numeric FIFA15-23 training-fold IDs only; per-model imputation/centering from training rows only,2.0,0.08493137498676011,0.25830259425055296,0.04244683410830408,0.9629742962056304,0.9917380660954712,16371,,empirical held-out regression; not official EA formula
Stefano legacy,22,second-year-update legacy,rm,outfield,base_rating,17107,13694,3413,34,0,0,pooled numeric FIFA15-23 training-fold IDs only; per-model imputation/centering from training rows only,2.0,0.25528931392581394,0.2934099230483417,0.9989154183641492,0.9832991503076473,1.0,16629,0.972058,empirical held-out regression; not official EA formula
Stefano legacy,22,second-year-update legacy,rm,outfield,signed_modifier_explicit_only,16629,13309,3320,34,0,0,pooled numeric FIFA15-23 training-fold IDs only; per-model imputation/centering from training rows only,2.0,0.2495182685257946,0.47292234344058715,0.09603473249967065,0.891867469879518,0.971987951807229,16629,,empirical held-out regression; not official EA formula
Stefano legacy,22,second-year-update legacy,lwb,outfield,base_rating,17107,13694,3413,34,0,0,pooled numeric FIFA15-23 training-fold IDs only; per-model imputation/centering from training rows only,2.0,0.25350316547114116,0.2920020792741507,0.9988980421077728,0.985643129211837,1.0,16944,0.990472,empirical held-out regression; not official EA formula
Stefano legacy,22,second-year-update legacy,lwb,outfield,signed_modifier_explicit_only,16944,13568,3376,34,0,0,pooled numeric FIFA15-23 training-fold IDs only; per-model imputation/centering from training rows only,2.0,0.11911203705507373,0.2871928570673104,0.051210016355375254,0.9443127962085308,0.9911137440758294,16944,,empirical held-out regression; not official EA formula
Stefano legacy,22,second-year-update legacy,ldm,outfield,base_rating,17107,13694,3413,34,0,0,pooled numeric FIFA15-23 training-fold IDs only; per-model imputation/centering from training rows only,2.0,0.25337265791239927,0.29277928204760484,0.9991378206044155,0.9894520949311456,1.0,16936,0.990004,empirical held-out regression; not official EA formula
Stefano legacy,22,second-year-update legacy,ldm,outfield,signed_modifier_explicit_only,16936,13555,3381,34,0,0,pooled numeric FIFA15-23 training-fold IDs only; per-model imputation/centering from training rows only,2.0,0.19276273118133222,0.3908904545578513,0.09969195544150378,0.9263531499556344,0.9819580005915409,16936,,empirical held-out regression; not official EA formula
Stefano legacy,22,second-year-update legacy,cdm,outfield,base_rating,17107,13694,3413,34,0,0,pooled numeric FIFA15-23 training-fold IDs only; per-model imputation/centering from training rows only,2.0,0.25337265791239927,0.29277928204760484,0.9991378206044155,0.9894520949311456,1.0,16936,0.990004,empirical held-out regression; not official EA formula
Stefano legacy,22,second-year-update legacy,cdm,outfield,signed_modifier_explicit_only,16936,13555,3381,34,0,0,pooled numeric FIFA15-23 training-fold IDs only; per-model imputation/centering from training rows only,2.0,0.19276273118133222,0.3908904545578513,0.09969195544150378,0.9263531499556344,0.9819580005915409,16936,,empirical held-out regression; not official EA formula
Stefano legacy,22,second-year-update legacy,rdm,outfield,base_rating,17107,13694,3413,34,0,0,pooled numeric FIFA15-23 training-fold IDs only; per-model imputation/centering from training rows only,2.0,0.25337265791239927,0.29277928204760484,0.9991378206044155,0.9894520949311456,1.0,16936,0.990004,empirical held-out regression; not official EA formula
Stefano legacy,22,second-year-update legacy,rdm,outfield,signed_modifier_explicit_only,16936,13555,3381,34,0,0,pooled numeric FIFA15-23 training-fold IDs only; per-model imputation/centering from training rows only,2.0,0.19276273118133222,0.3908904545578513,0.09969195544150378,0.9263531499556344,0.9819580005915409,16936,,empirical held-out regression; not official EA formula
Stefano legacy,22,second-year-update legacy,rwb,outfield,base_rating,17107,13694,3413,34,0,0,pooled numeric FIFA15-23 training-fold IDs only; per-model imputation/centering from training rows only,2.0,0.25350316547114116,0.2920020792741507,0.9988980421077728,0.985643129211837,1.0,16944,0.990472,empirical held-out regression; not official EA formula
Stefano legacy,22,second-year-update legacy,rwb,outfield,signed_modifier_explicit_only,16944,13568,3376,34,0,0,pooled numeric FIFA15-23 training-fold IDs only; per-model imputation/centering from training rows only,2.0,0.11911203705507373,0.2871928570673104,0.051210016355375254,0.9443127962085308,0.9911137440758294,16944,,empirical held-out regression; not official EA formula
Stefano legacy,22,second-year-update legacy,lb,outfield,base_rating,17107,13694,3413,34,0,0,pooled numeric FIFA15-23 training-fold IDs only; per-model imputation/centering from training rows only,2.0,0.25847537701336293,0.29638113863021615,0.9989974400854921,0.9847641371227659,1.0,17015,0.994622,empirical held-out regression; not official EA formula
Stefano legacy,22,second-year-update legacy,lb,outfield,signed_modifier_explicit_only,17015,13625,3390,34,0,0,pooled numeric FIFA15-23 training-fold IDs only; per-model imputation/centering from training rows only,2.0,0.07224784371238599,0.21181737513847312,0.03724081407338897,0.9696165191740413,0.9935103244837759,17015,,empirical held-out regression; not official EA formula
Stefano legacy,22,second-year-update legacy,lcb,outfield,base_rating,17107,13694,3413,34,0,0,pooled numeric FIFA15-23 training-fold IDs only; per-model imputation/centering from training rows only,2.0,0.2504415949561096,0.289522153488451,0.9993730528332,0.9909170817462642,1.0,15909,0.92997,empirical held-out regression; not official EA formula
Stefano legacy,22,second-year-update legacy,lcb,outfield,signed_modifier_explicit_only,15909,12736,3173,34,0,0,pooled numeric FIFA15-23 training-fold IDs only; per-model imputation/centering from training rows only,2.0,0.17859487323882123,0.43831271556443696,0.0730698275824948,0.9391742830129215,0.9829814056098329,15909,,empirical held-out regression; not official EA formula
Stefano legacy,22,second-year-update legacy,cb,outfield,base_rating,17107,13694,3413,34,0,0,pooled numeric FIFA15-23 training-fold IDs only; per-model imputation/centering from training rows only,2.0,0.2504415949561096,0.289522153488451,0.9993730528332,0.9909170817462642,1.0,15909,0.92997,empirical held-out regression; not official EA formula
Stefano legacy,22,second-year-update legacy,cb,outfield,signed_modifier_explicit_only,15909,12736,3173,34,0,0,pooled numeric FIFA15-23 training-fold IDs only; per-model imputation/centering from training rows only,2.0,0.17859487323882123,0.43831271556443696,0.0730698275824948,0.9391742830129215,0.9829814056098329,15909,,empirical held-out regression; not official EA formula
Stefano legacy,22,second-year-update legacy,rcb,outfield,base_rating,17107,13694,3413,34,0,0,pooled numeric FIFA15-23 training-fold IDs only; per-model imputation/centering from training rows only,2.0,0.2504415949561096,0.289522153488451,0.9993730528332,0.9909170817462642,1.0,15909,0.92997,empirical held-out regression; not official EA formula
Stefano legacy,22,second-year-update legacy,rcb,outfield,signed_modifier_explicit_only,15909,12736,3173,34,0,0,pooled numeric FIFA15-23 training-fold IDs only; per-model imputation/centering from training rows only,2.0,0.17859487323882123,0.43831271556443696,0.0730698275824948,0.9391742830129215,0.9829814056098329,15909,,empirical held-out regression; not official EA formula
Stefano legacy,22,second-year-update legacy,rb,outfield,base_rating,17107,13694,3413,34,0,0,pooled numeric FIFA15-23 training-fold IDs only; per-model imputation/centering from training rows only,2.0,0.25847537701336293,0.29638113863021615,0.9989974400854921,0.9847641371227659,1.0,17015,0.994622,empirical held-out regression; not official EA formula
Stefano legacy,22,second-year-update legacy,rb,outfield,signed_modifier_explicit_only,17015,13625,3390,34,0,0,pooled numeric FIFA15-23 training-fold IDs only; per-model imputation/centering from training rows only,2.0,0.07224784371238599,0.21181737513847312,0.03724081407338897,0.9696165191740413,0.9935103244837759,17015,,empirical held-out regression; not official EA formula
Stefano legacy,22,second-year-update legacy,gk,goalkeeper,base_rating,2132,1711,421,34,0,0,pooled numeric FIFA15-23 training-fold IDs only; per-model imputation/centering from training rows only,2.0,0.25765643849904496,0.2980294821790976,0.9984004901011964,0.9596199524940617,1.0,2132,1.0,empirical held-out regression; not official EA formula
Stefano legacy,22,second-year-update legacy,gk,goalkeeper,signed_modifier_explicit_only,2132,1711,421,34,0,0,pooled numeric FIFA15-23 training-fold IDs only; per-model imputation/centering from training rows only,2.0,0.3129339182214305,0.3855872243991051,0.26073752656561733,0.7980997624703088,0.9928741092636579,2132,,empirical held-out regression; not official EA formula
Stefano legacy,23,second-year-update legacy,ls,outfield,base_rating,16467,13139,3328,34,0,0,pooled numeric FIFA15-23 training-fold IDs only; per-model imputation/centering from training rows only,2.0,0.2579359475522739,0.29623591605002936,0.9988961919073648,0.9846754807692307,1.0,15435,0.937329,empirical held-out regression; not official EA formula
Stefano legacy,23,second-year-update legacy,ls,outfield,signed_modifier_explicit_only,15435,12340,3095,34,0,0,pooled numeric FIFA15-23 training-fold IDs only; per-model imputation/centering from training rows only,2.0,0.09137215793773114,0.26857379275375415,0.04179884668083822,0.9621970920840065,0.9912762520193861,15435,,empirical held-out regression; not official EA formula
Stefano legacy,23,second-year-update legacy,st,outfield,base_rating,16467,13139,3328,34,0,0,pooled numeric FIFA15-23 training-fold IDs only; per-model imputation/centering from training rows only,2.0,0.2579359475522739,0.29623591605002936,0.9988961919073648,0.9846754807692307,1.0,15435,0.937329,empirical held-out regression; not official EA formula
Stefano legacy,23,second-year-update legacy,st,outfield,signed_modifier_explicit_only,15435,12340,3095,34,0,0,pooled numeric FIFA15-23 training-fold IDs only; per-model imputation/centering from training rows only,2.0,0.09137215793773114,0.26857379275375415,0.04179884668083822,0.9621970920840065,0.9912762520193861,15435,,empirical held-out regression; not official EA formula
Stefano legacy,23,second-year-update legacy,rs,outfield,base_rating,16467,13139,3328,34,0,0,pooled numeric FIFA15-23 training-fold IDs only; per-model imputation/centering from training rows only,2.0,0.2579359475522739,0.29623591605002936,0.9988961919073648,0.9846754807692307,1.0,15435,0.937329,empirical held-out regression; not official EA formula
Stefano legacy,23,second-year-update legacy,rs,outfield,signed_modifier_explicit_only,15435,12340,3095,34,0,0,pooled numeric FIFA15-23 training-fold IDs only; per-model imputation/centering from training rows only,2.0,0.09137215793773114,0.26857379275375415,0.04179884668083822,0.9621970920840065,0.9912762520193861,15435,,empirical held-out regression; not official EA formula
Stefano legacy,23,second-year-update legacy,lw,outfield,base_rating,16467,13139,3328,34,0,0,pooled numeric FIFA15-23 training-fold IDs only; per-model imputation/centering from training rows only,2.0,0.24924431049617635,0.2890494865258876,0.9990599198043342,0.9885817307692307,1.0,289,0.01755,empirical held-out regression; not official EA formula
Stefano legacy,23,second-year-update legacy,lw,outfield,signed_modifier_explicit_only,289,239,50,34,0,0,pooled numeric FIFA15-23 training-fold IDs only; per-model imputation/centering from training rows only,2.0,0.5267016252554014,0.7238218058319229,-0.03869549285841778,0.58,0.9,289,,empirical held-out regression; not official EA formula
Stefano legacy,23,second-year-update legacy,lf,outfield,base_rating,16467,13139,3328,34,0,0,pooled numeric FIFA15-23 training-fold IDs only; per-model imputation/centering from training rows only,2.0,0.253319141485334,0.29232234250399824,0.9990486875683634,0.9900841346153846,1.0,182,0.011052,empirical held-out regression; not official EA formula
Stefano legacy,23,second-year-update legacy,lf,outfield,signed_modifier_explicit_only,182,150,32,34,0,0,pooled numeric FIFA15-23 training-fold IDs only; per-model imputation/centering from training rows only,2.0,0.5236101773155295,0.6970516130572975,-0.15171781040777566,0.59375,0.875,182,,empirical held-out regression; not official EA formula
Stefano legacy,23,second-year-update legacy,cf,outfield,base_rating,16467,13139,3328,34,0,0,pooled numeric FIFA15-23 training-fold IDs only; per-model imputation/centering from training rows only,2.0,0.253319141485334,0.29232234250399824,0.9990486875683634,0.9900841346153846,1.0,182,0.011052,empirical held-out regression; not official EA formula
Stefano legacy,23,second-year-update legacy,cf,outfield,signed_modifier_explicit_only,182,150,32,34,0,0,pooled numeric FIFA15-23 training-fold IDs only; per-model imputation/centering from training rows only,2.0,0.5236101773155295,0.6970516130572975,-0.15171781040777566,0.59375,0.875,182,,empirical held-out regression; not official EA formula
Stefano legacy,23,second-year-update legacy,rf,outfield,base_rating,16467,13139,3328,34,0,0,pooled numeric FIFA15-23 training-fold IDs only; per-model imputation/centering from training rows only,2.0,0.253319141485334,0.29232234250399824,0.9990486875683634,0.9900841346153846,1.0,182,0.011052,empirical held-out regression; not official EA formula
Stefano legacy,23,second-year-update legacy,rf,outfield,signed_modifier_explicit_only,182,150,32,34,0,0,pooled numeric FIFA15-23 training-fold IDs only; per-model imputation/centering from training rows only,2.0,0.5236101773155295,0.6970516130572975,-0.15171781040777566,0.59375,0.875,182,,empirical held-out regression; not official EA formula
Stefano legacy,23,second-year-update legacy,rw,outfield,base_rating,16467,13139,3328,34,0,0,pooled numeric FIFA15-23 training-fold IDs only; per-model imputation/centering from training rows only,2.0,0.24924431049617635,0.2890494865258876,0.9990599198043342,0.9885817307692307,1.0,289,0.01755,empirical held-out regression; not official EA formula
Stefano legacy,23,second-year-update legacy,rw,outfield,signed_modifier_explicit_only,289,239,50,34,0,0,pooled numeric FIFA15-23 training-fold IDs only; per-model imputation/centering from training rows only,2.0,0.5267016252554014,0.7238218058319229,-0.03869549285841778,0.58,0.9,289,,empirical held-out regression; not official EA formula
Stefano legacy,23,second-year-update legacy,lam,outfield,base_rating,16467,13139,3328,34,0,0,pooled numeric FIFA15-23 training-fold IDs only; per-model imputation/centering from training rows only,2.0,0.2511978862438312,0.29009175341826715,0.9990363233310838,0.9888822115384616,1.0,15683,0.95239,empirical held-out regression; not official EA formula
Stefano legacy,23,second-year-update legacy,lam,outfield,signed_modifier_explicit_only,15683,12508,3175,34,0,0,pooled numeric FIFA15-23 training-fold IDs only; per-model imputation/centering from training rows only,2.0,0.20008803867486472,0.4387655692283196,0.08836510073488124,0.9253543307086615,0.9754330708661417,15683,,empirical held-out regression; not official EA formula
Stefano legacy,23,second-year-update legacy,cam,outfield,base_rating,16467,13139,3328,34,0,0,pooled numeric FIFA15-23 training-fold IDs only; per-model imputation/centering from training rows only,2.0,0.2511978862438312,0.29009175341826715,0.9990363233310838,0.9888822115384616,1.0,15683,0.95239,empirical held-out regression; not official EA formula
Stefano legacy,23,second-year-update legacy,cam,outfield,signed_modifier_explicit_only,15683,12508,3175,34,0,0,pooled numeric FIFA15-23 training-fold IDs only; per-model imputation/centering from training rows only,2.0,0.20008803867486472,0.4387655692283196,0.08836510073488124,0.9253543307086615,0.9754330708661417,15683,,empirical held-out regression; not official EA formula
Stefano legacy,23,second-year-update legacy,ram,outfield,base_rating,16467,13139,3328,34,0,0,pooled numeric FIFA15-23 training-fold IDs only; per-model imputation/centering from training rows only,2.0,0.2511978862438312,0.29009175341826715,0.9990363233310838,0.9888822115384616,1.0,15683,0.95239,empirical held-out regression; not official EA formula
Stefano legacy,23,second-year-update legacy,ram,outfield,signed_modifier_explicit_only,15683,12508,3175,34,0,0,pooled numeric FIFA15-23 training-fold IDs only; per-model imputation/centering from training rows only,2.0,0.20008803867486472,0.4387655692283196,0.08836510073488124,0.9253543307086615,0.9754330708661417,15683,,empirical held-out regression; not official EA formula
Stefano legacy,23,second-year-update legacy,lm,outfield,base_rating,16467,13139,3328,34,0,0,pooled numeric FIFA15-23 training-fold IDs only; per-model imputation/centering from training rows only,2.0,0.25770394308904176,0.29597370769006115,0.9988606602483878,0.9864783653846154,1.0,15955,0.968908,empirical held-out regression; not official EA formula
Stefano legacy,23,second-year-update legacy,lm,outfield,signed_modifier_explicit_only,15955,12725,3230,34,0,0,pooled numeric FIFA15-23 training-fold IDs only; per-model imputation/centering from training rows only,2.0,0.24267770465710498,0.45645718324017104,0.10075804575437253,0.8913312693498452,0.973374613003096,15955,,empirical held-out regression; not official EA formula
Stefano legacy,23,second-year-update legacy,lcm,outfield,base_rating,16467,13139,3328,34,0,0,pooled numeric FIFA15-23 training-fold IDs only; per-model imputation/centering from training rows only,2.0,0.25095278901542656,0.29035798372877253,0.998832022127417,0.9813701923076923,1.0,15734,0.955487,empirical held-out regression; not official EA formula
Stefano legacy,23,second-year-update legacy,lcm,outfield,signed_modifier_explicit_only,15734,12551,3183,34,0,0,pooled numeric FIFA15-23 training-fold IDs only; per-model imputation/centering from training rows only,2.0,0.09063997443543215,0.27732628083770655,0.04955203015126386,0.9575871819038643,0.9915174363807728,15734,,empirical held-out regression; not official EA formula
Stefano legacy,23,second-year-update legacy,cm,outfield,base_rating,16467,13139,3328,34,0,0,pooled numeric FIFA15-23 training-fold IDs only; per-model imputation/centering from training rows only,2.0,0.25095278901542656,0.29035798372877253,0.998832022127417,0.9813701923076923,1.0,15734,0.955487,empirical held-out regression; not official EA formula
Stefano legacy,23,second-year-update legacy,cm,outfield,signed_modifier_explicit_only,15734,12551,3183,34,0,0,pooled numeric FIFA15-23 training-fold IDs only; per-model imputation/centering from training rows only,2.0,0.09063997443543215,0.27732628083770655,0.04955203015126386,0.9575871819038643,0.9915174363807728,15734,,empirical held-out regression; not official EA formula
Stefano legacy,23,second-year-update legacy,rcm,outfield,base_rating,16467,13139,3328,34,0,0,pooled numeric FIFA15-23 training-fold IDs only; per-model imputation/centering from training rows only,2.0,0.25095278901542656,0.29035798372877253,0.998832022127417,0.9813701923076923,1.0,15734,0.955487,empirical held-out regression; not official EA formula
Stefano legacy,23,second-year-update legacy,rcm,outfield,signed_modifier_explicit_only,15734,12551,3183,34,0,0,pooled numeric FIFA15-23 training-fold IDs only; per-model imputation/centering from training rows only,2.0,0.09063997443543215,0.27732628083770655,0.04955203015126386,0.9575871819038643,0.9915174363807728,15734,,empirical held-out regression; not official EA formula
Stefano legacy,23,second-year-update legacy,rm,outfield,base_rating,16467,13139,3328,34,0,0,pooled numeric FIFA15-23 training-fold IDs only; per-model imputation/centering from training rows only,2.0,0.25770394308904176,0.29597370769006115,0.9988606602483878,0.9864783653846154,1.0,15955,0.968908,empirical held-out regression; not official EA formula
Stefano legacy,23,second-year-update legacy,rm,outfield,signed_modifier_explicit_only,15955,12725,3230,34,0,0,pooled numeric FIFA15-23 training-fold IDs only; per-model imputation/centering from training rows only,2.0,0.24267770465710498,0.45645718324017104,0.10075804575437253,0.8913312693498452,0.973374613003096,15955,,empirical held-out regression; not official EA formula
Stefano legacy,23,second-year-update legacy,lwb,outfield,base_rating,16467,13139,3328,34,0,0,pooled numeric FIFA15-23 training-fold IDs only; per-model imputation/centering from training rows only,2.0,0.2513099123864085,0.29095053733880333,0.9989083622222279,0.9852764423076923,1.0,16319,0.991012,empirical held-out regression; not official EA formula
Stefano legacy,23,second-year-update legacy,lwb,outfield,signed_modifier_explicit_only,16319,13026,3293,34,0,0,pooled numeric FIFA15-23 training-fold IDs only; per-model imputation/centering from training rows only,2.0,0.11759303403004191,0.27690599047822384,0.046607090452987276,0.9450349225630125,0.992711812936532,16319,,empirical held-out regression; not official EA formula
Stefano legacy,23,second-year-update legacy,ldm,outfield,base_rating,16467,13139,3328,34,0,0,pooled numeric FIFA15-23 training-fold IDs only; per-model imputation/centering from training rows only,2.0,0.24919092516190194,0.2887617010651218,0.9991558393974488,0.9888822115384616,1.0,16278,0.988522,empirical held-out regression; not official EA formula
Stefano legacy,23,second-year-update legacy,ldm,outfield,signed_modifier_explicit_only,16278,12988,3290,34,0,0,pooled numeric FIFA15-23 training-fold IDs only; per-model imputation/centering from training rows only,2.0,0.18730033480371105,0.3785459067214687,0.10746991467121547,0.9203647416413374,0.982370820668693,16278,,empirical held-out regression; not official EA formula
Stefano legacy,23,second-year-update legacy,cdm,outfield,base_rating,16467,13139,3328,34,0,0,pooled numeric FIFA15-23 training-fold IDs only; per-model imputation/centering from training rows only,2.0,0.24919092516190194,0.2887617010651218,0.9991558393974488,0.9888822115384616,1.0,16278,0.988522,empirical held-out regression; not official EA formula
Stefano legacy,23,second-year-update legacy,cdm,outfield,signed_modifier_explicit_only,16278,12988,3290,34,0,0,pooled numeric FIFA15-23 training-fold IDs only; per-model imputation/centering from training rows only,2.0,0.18730033480371105,0.3785459067214687,0.10746991467121547,0.9203647416413374,0.982370820668693,16278,,empirical held-out regression; not official EA formula
Stefano legacy,23,second-year-update legacy,rdm,outfield,base_rating,16467,13139,3328,34,0,0,pooled numeric FIFA15-23 training-fold IDs only; per-model imputation/centering from training rows only,2.0,0.24919092516190194,0.2887617010651218,0.9991558393974488,0.9888822115384616,1.0,16278,0.988522,empirical held-out regression; not official EA formula
Stefano legacy,23,second-year-update legacy,rdm,outfield,signed_modifier_explicit_only,16278,12988,3290,34,0,0,pooled numeric FIFA15-23 training-fold IDs only; per-model imputation/centering from training rows only,2.0,0.18730033480371105,0.3785459067214687,0.10746991467121547,0.9203647416413374,0.982370820668693,16278,,empirical held-out regression; not official EA formula
Stefano legacy,23,second-year-update legacy,rwb,outfield,base_rating,16467,13139,3328,34,0,0,pooled numeric FIFA15-23 training-fold IDs only; per-model imputation/centering from training rows only,2.0,0.2513099123864085,0.29095053733880333,0.9989083622222279,0.9852764423076923,1.0,16319,0.991012,empirical held-out regression; not official EA formula
Stefano legacy,23,second-year-update legacy,rwb,outfield,signed_modifier_explicit_only,16319,13026,3293,34,0,0,pooled numeric FIFA15-23 training-fold IDs only; per-model imputation/centering from training rows only,2.0,0.11759303403004191,0.27690599047822384,0.046607090452987276,0.9450349225630125,0.992711812936532,16319,,empirical held-out regression; not official EA formula
Stefano legacy,23,second-year-update legacy,lb,outfield,base_rating,16467,13139,3328,34,0,0,pooled numeric FIFA15-23 training-fold IDs only; per-model imputation/centering from training rows only,2.0,0.25733078504651974,0.29513624313994724,0.9990108372391825,0.984375,1.0,16388,0.995203,empirical held-out regression; not official EA formula
Stefano legacy,23,second-year-update legacy,lb,outfield,signed_modifier_explicit_only,16388,13077,3311,34,0,0,pooled numeric FIFA15-23 training-fold IDs only; per-model imputation/centering from training rows only,2.0,0.07743237473808974,0.23125632503211727,0.03623610984811443,0.9658713379643612,0.9933554817275747,16388,,empirical held-out regression; not official EA formula
Stefano legacy,23,second-year-update legacy,lcb,outfield,base_rating,16467,13139,3328,34,0,0,pooled numeric FIFA15-23 training-fold IDs only; per-model imputation/centering from training rows only,2.0,0.25422276251409376,0.29348007238665375,0.9993563458960261,0.9864783653846154,1.0,15245,0.925791,empirical held-out regression; not official EA formula
Stefano legacy,23,second-year-update legacy,lcb,outfield,signed_modifier_explicit_only,15245,12160,3085,34,0,0,pooled numeric FIFA15-23 training-fold IDs only; per-model imputation/centering from training rows only,2.0,0.16572378635654095,0.41307718744705246,0.06729232213621095,0.9429497568881685,0.9850891410048622,15245,,empirical held-out regression; not official EA formula
Stefano legacy,23,second-year-update legacy,cb,outfield,base_rating,16467,13139,3328,34,0,0,pooled numeric FIFA15-23 training-fold IDs only; per-model imputation/centering from training rows only,2.0,0.25422276251409376,0.29348007238665375,0.9993563458960261,0.9864783653846154,1.0,15245,0.925791,empirical held-out regression; not official EA formula
Stefano legacy,23,second-year-update legacy,cb,outfield,signed_modifier_explicit_only,15245,12160,3085,34,0,0,pooled numeric FIFA15-23 training-fold IDs only; per-model imputation/centering from training rows only,2.0,0.16572378635654095,0.41307718744705246,0.06729232213621095,0.9429497568881685,0.9850891410048622,15245,,empirical held-out regression; not official EA formula
Stefano legacy,23,second-year-update legacy,rcb,outfield,base_rating,16467,13139,3328,34,0,0,pooled numeric FIFA15-23 training-fold IDs only; per-model imputation/centering from training rows only,2.0,0.25422276251409376,0.29348007238665375,0.9993563458960261,0.9864783653846154,1.0,15245,0.925791,empirical held-out regression; not official EA formula
Stefano legacy,23,second-year-update legacy,rcb,outfield,signed_modifier_explicit_only,15245,12160,3085,34,0,0,pooled numeric FIFA15-23 training-fold IDs only; per-model imputation/centering from training rows only,2.0,0.16572378635654095,0.41307718744705246,0.06729232213621095,0.9429497568881685,0.9850891410048622,15245,,empirical held-out regression; not official EA formula
Stefano legacy,23,second-year-update legacy,rb,outfield,base_rating,16467,13139,3328,34,0,0,pooled numeric FIFA15-23 training-fold IDs only; per-model imputation/centering from training rows only,2.0,0.25733078504651974,0.29513624313994724,0.9990108372391825,0.984375,1.0,16388,0.995203,empirical held-out regression; not official EA formula
Stefano legacy,23,second-year-update legacy,rb,outfield,signed_modifier_explicit_only,16388,13077,3311,34,0,0,pooled numeric FIFA15-23 training-fold IDs only; per-model imputation/centering from training rows only,2.0,0.07743237473808974,0.23125632503211727,0.03623610984811443,0.9658713379643612,0.9933554817275747,16388,,empirical held-out regression; not official EA formula
Stefano legacy,23,second-year-update legacy,gk,goalkeeper,base_rating,2066,1661,405,34,0,0,pooled numeric FIFA15-23 training-fold IDs only; per-model imputation/centering from training rows only,2.0,0.26075331154485926,0.2995255110600094,0.9983678885551021,0.9703703703703703,1.0,2066,1.0,empirical held-out regression; not official EA formula
Stefano legacy,23,second-year-update legacy,gk,goalkeeper,signed_modifier_explicit_only,2066,1661,405,34,0,0,pooled numeric FIFA15-23 training-fold IDs only; per-model imputation/centering from training rows only,2.0,0.3034827848421521,0.3839417950643598,0.2519756586407076,0.8074074074074075,0.9950617283950617,2066,,empirical held-out regression; not official EA formula
