source,position_code,target_kind,edition_a,edition_b,snapshot_a,snapshot_b,common_feature_n,coefficient_cosine,coefficient_pearson,interpretation
Stefano legacy,ls,base_rating,15,16,second-year-update legacy,second-year-update legacy,33,0.9780967570681385,0.9704986101450459,standardized predictive coefficients; edition-specific correlations/semantics remain
Stefano legacy,ls,base_rating,15,17,second-year-update legacy,second-year-update legacy,33,0.9783201521222363,0.9708100154486317,standardized predictive coefficients; edition-specific correlations/semantics remain
Stefano legacy,ls,base_rating,15,18,second-year-update legacy,second-year-update legacy,33,0.9784798009261785,0.9710190638473782,standardized predictive coefficients; edition-specific correlations/semantics remain
Stefano legacy,ls,base_rating,15,19,second-year-update legacy,second-year-update legacy,33,0.978971878310637,0.9716858030079223,standardized predictive coefficients; edition-specific correlations/semantics remain
Stefano legacy,ls,base_rating,15,20,second-year-update legacy,second-year-update legacy,33,0.9784176806066255,0.9709296576662034,standardized predictive coefficients; edition-specific correlations/semantics remain
Stefano legacy,ls,base_rating,15,21,second-year-update legacy,second-year-update legacy,33,0.9788078089080159,0.9714568637460382,standardized predictive coefficients; edition-specific correlations/semantics remain
Stefano legacy,ls,base_rating,15,22,second-year-update legacy,second-year-update legacy,33,0.9788437843603814,0.9715102618751912,standardized predictive coefficients; edition-specific correlations/semantics remain
Stefano legacy,ls,base_rating,15,23,second-year-update legacy,second-year-update legacy,33,0.9782256957759526,0.9706714805102611,standardized predictive coefficients; edition-specific correlations/semantics remain
Stefano legacy,ls,base_rating,16,17,second-year-update legacy,second-year-update legacy,33,0.9999226783546131,0.999896937665549,standardized predictive coefficients; edition-specific correlations/semantics remain
Stefano legacy,ls,base_rating,16,18,second-year-update legacy,second-year-update legacy,33,0.9998750265268888,0.9998293212874219,standardized predictive coefficients; edition-specific correlations/semantics remain
Stefano legacy,ls,base_rating,16,19,second-year-update legacy,second-year-update legacy,33,0.9999289221447266,0.9999030239024633,standardized predictive coefficients; edition-specific correlations/semantics remain
Stefano legacy,ls,base_rating,16,20,second-year-update legacy,second-year-update legacy,33,0.9999156324679551,0.9998868704020416,standardized predictive coefficients; edition-specific correlations/semantics remain
Stefano legacy,ls,base_rating,16,21,second-year-update legacy,second-year-update legacy,33,0.9999152186374156,0.9998886706628606,standardized predictive coefficients; edition-specific correlations/semantics remain
Stefano legacy,ls,base_rating,16,22,second-year-update legacy,second-year-update legacy,33,0.9998696268283223,0.9998218287608059,standardized predictive coefficients; edition-specific correlations/semantics remain
Stefano legacy,ls,base_rating,16,23,second-year-update legacy,second-year-update legacy,33,0.9998958812722135,0.9998580736669588,standardized predictive coefficients; edition-specific correlations/semantics remain
Stefano legacy,ls,base_rating,17,18,second-year-update legacy,second-year-update legacy,34,0.9999200909508448,0.9998924982141976,standardized predictive coefficients; edition-specific correlations/semantics remain
Stefano legacy,ls,base_rating,17,19,second-year-update legacy,second-year-update legacy,34,0.9999516720101289,0.9999351479645759,standardized predictive coefficients; edition-specific correlations/semantics remain
Stefano legacy,ls,base_rating,17,20,second-year-update legacy,second-year-update legacy,34,0.9999208234761136,0.9999014148694342,standardized predictive coefficients; edition-specific correlations/semantics remain
Stefano legacy,ls,base_rating,17,21,second-year-update legacy,second-year-update legacy,34,0.9999401852969368,0.9999326186220507,standardized predictive coefficients; edition-specific correlations/semantics remain
Stefano legacy,ls,base_rating,17,22,second-year-update legacy,second-year-update legacy,34,0.9999494628220855,0.9999347271439026,standardized predictive coefficients; edition-specific correlations/semantics remain
Stefano legacy,ls,base_rating,17,23,second-year-update legacy,second-year-update legacy,34,0.9999268209866822,0.9999051623054692,standardized predictive coefficients; edition-specific correlations/semantics remain
Stefano legacy,ls,base_rating,18,19,second-year-update legacy,second-year-update legacy,34,0.9999003591625767,0.9998651494813549,standardized predictive coefficients; edition-specific correlations/semantics remain
Stefano legacy,ls,base_rating,18,20,second-year-update legacy,second-year-update legacy,34,0.9998899971918924,0.9998556310930012,standardized predictive coefficients; edition-specific correlations/semantics remain
Stefano legacy,ls,base_rating,18,21,second-year-update legacy,second-year-update legacy,34,0.9999022768406935,0.9998760019605935,standardized predictive coefficients; edition-specific correlations/semantics remain
Stefano legacy,ls,base_rating,18,22,second-year-update legacy,second-year-update legacy,34,0.999901150096326,0.999867164370212,standardized predictive coefficients; edition-specific correlations/semantics remain
Stefano legacy,ls,base_rating,18,23,second-year-update legacy,second-year-update legacy,34,0.9998852705303771,0.9998463082142163,standardized predictive coefficients; edition-specific correlations/semantics remain
Stefano legacy,ls,base_rating,19,20,second-year-update legacy,second-year-update legacy,34,0.9999306051668047,0.999910796006519,standardized predictive coefficients; edition-specific correlations/semantics remain
Stefano legacy,ls,base_rating,19,21,second-year-update legacy,second-year-update legacy,34,0.9999255815768124,0.9999078731249297,standardized predictive coefficients; edition-specific correlations/semantics remain
Stefano legacy,ls,base_rating,19,22,second-year-update legacy,second-year-update legacy,34,0.999936765108659,0.999915461759601,standardized predictive coefficients; edition-specific correlations/semantics remain
Stefano legacy,ls,base_rating,19,23,second-year-update legacy,second-year-update legacy,34,0.999918919471792,0.999891975143097,standardized predictive coefficients; edition-specific correlations/semantics remain
Stefano legacy,ls,base_rating,20,21,second-year-update legacy,second-year-update legacy,34,0.9999319675662025,0.9999088257282411,standardized predictive coefficients; edition-specific correlations/semantics remain
Stefano legacy,ls,base_rating,20,22,second-year-update legacy,second-year-update legacy,34,0.9999080280884536,0.9998771102439278,standardized predictive coefficients; edition-specific correlations/semantics remain
Stefano legacy,ls,base_rating,20,23,second-year-update legacy,second-year-update legacy,34,0.9999036220851422,0.9998706281012656,standardized predictive coefficients; edition-specific correlations/semantics remain
Stefano legacy,ls,base_rating,21,22,second-year-update legacy,second-year-update legacy,34,0.9999156741713339,0.9998898043993573,standardized predictive coefficients; edition-specific correlations/semantics remain
Stefano legacy,ls,base_rating,21,23,second-year-update legacy,second-year-update legacy,34,0.9998958220195179,0.999862060335878,standardized predictive coefficients; edition-specific correlations/semantics remain
Stefano legacy,ls,base_rating,22,23,second-year-update legacy,second-year-update legacy,34,0.9999052131303294,0.9998719939531316,standardized predictive coefficients; edition-specific correlations/semantics remain
Stefano legacy,ls,signed_modifier_explicit_only,15,16,second-year-update legacy,second-year-update legacy,33,0.6222945716248367,0.6085841426461047,standardized predictive coefficients; edition-specific correlations/semantics remain
Stefano legacy,ls,signed_modifier_explicit_only,15,17,second-year-update legacy,second-year-update legacy,33,0.24521357684405906,0.2930849311249324,standardized predictive coefficients; edition-specific correlations/semantics remain
Stefano legacy,ls,signed_modifier_explicit_only,15,18,second-year-update legacy,second-year-update legacy,33,0.10683017899294352,0.15668132245022562,standardized predictive coefficients; edition-specific correlations/semantics remain
Stefano legacy,ls,signed_modifier_explicit_only,15,19,second-year-update legacy,second-year-update legacy,33,0.14074741002795918,0.16100048526370134,standardized predictive coefficients; edition-specific correlations/semantics remain
Stefano legacy,ls,signed_modifier_explicit_only,15,20,second-year-update legacy,second-year-update legacy,33,0.14820121959066818,0.1951346561333849,standardized predictive coefficients; edition-specific correlations/semantics remain
Stefano legacy,ls,signed_modifier_explicit_only,15,21,second-year-update legacy,second-year-update legacy,33,0.342473873532985,0.39891376512805915,standardized predictive coefficients; edition-specific correlations/semantics remain
Stefano legacy,ls,signed_modifier_explicit_only,15,22,second-year-update legacy,second-year-update legacy,33,0.3200007515356776,0.37577462221797175,standardized predictive coefficients; edition-specific correlations/semantics remain
Stefano legacy,ls,signed_modifier_explicit_only,15,23,second-year-update legacy,second-year-update legacy,33,0.4326441951823996,0.4981667944766104,standardized predictive coefficients; edition-specific correlations/semantics remain
Stefano legacy,ls,signed_modifier_explicit_only,16,17,second-year-update legacy,second-year-update legacy,33,0.5019862123987747,0.545765769677121,standardized predictive coefficients; edition-specific correlations/semantics remain
Stefano legacy,ls,signed_modifier_explicit_only,16,18,second-year-update legacy,second-year-update legacy,33,0.5191133106856387,0.5715505509509284,standardized predictive coefficients; edition-specific correlations/semantics remain
Stefano legacy,ls,signed_modifier_explicit_only,16,19,second-year-update legacy,second-year-update legacy,33,0.49973778183308953,0.5208811725865866,standardized predictive coefficients; edition-specific correlations/semantics remain
Stefano legacy,ls,signed_modifier_explicit_only,16,20,second-year-update legacy,second-year-update legacy,33,0.34410751090987224,0.3859699616559793,standardized predictive coefficients; edition-specific correlations/semantics remain
Stefano legacy,ls,signed_modifier_explicit_only,16,21,second-year-update legacy,second-year-update legacy,33,0.34203352078904037,0.3849817014809204,standardized predictive coefficients; edition-specific correlations/semantics remain
Stefano legacy,ls,signed_modifier_explicit_only,16,22,second-year-update legacy,second-year-update legacy,33,0.48030934458694124,0.5279599311654873,standardized predictive coefficients; edition-specific correlations/semantics remain
Stefano legacy,ls,signed_modifier_explicit_only,16,23,second-year-update legacy,second-year-update legacy,33,0.4334765094142516,0.48369214111471537,standardized predictive coefficients; edition-specific correlations/semantics remain
Stefano legacy,ls,signed_modifier_explicit_only,17,18,second-year-update legacy,second-year-update legacy,34,0.8885773134959831,0.8862340838882421,standardized predictive coefficients; edition-specific correlations/semantics remain
Stefano legacy,ls,signed_modifier_explicit_only,17,19,second-year-update legacy,second-year-update legacy,34,0.6562249895219219,0.6598823321230639,standardized predictive coefficients; edition-specific correlations/semantics remain
Stefano legacy,ls,signed_modifier_explicit_only,17,20,second-year-update legacy,second-year-update legacy,34,0.48498258300231883,0.4728623528418906,standardized predictive coefficients; edition-specific correlations/semantics remain
Stefano legacy,ls,signed_modifier_explicit_only,17,21,second-year-update legacy,second-year-update legacy,34,0.5269542332510682,0.5178211064619866,standardized predictive coefficients; edition-specific correlations/semantics remain
Stefano legacy,ls,signed_modifier_explicit_only,17,22,second-year-update legacy,second-year-update legacy,34,0.6438279105553273,0.6360470628574625,standardized predictive coefficients; edition-specific correlations/semantics remain
Stefano legacy,ls,signed_modifier_explicit_only,17,23,second-year-update legacy,second-year-update legacy,34,0.7009428858964116,0.6940196225942513,standardized predictive coefficients; edition-specific correlations/semantics remain
Stefano legacy,ls,signed_modifier_explicit_only,18,19,second-year-update legacy,second-year-update legacy,34,0.6094868019361809,0.6129128209362369,standardized predictive coefficients; edition-specific correlations/semantics remain
Stefano legacy,ls,signed_modifier_explicit_only,18,20,second-year-update legacy,second-year-update legacy,34,0.41949037707151565,0.4053829356949648,standardized predictive coefficients; edition-specific correlations/semantics remain
Stefano legacy,ls,signed_modifier_explicit_only,18,21,second-year-update legacy,second-year-update legacy,34,0.39426301689516585,0.38225107771021394,standardized predictive coefficients; edition-specific correlations/semantics remain
Stefano legacy,ls,signed_modifier_explicit_only,18,22,second-year-update legacy,second-year-update legacy,34,0.5175406885984445,0.5066767679251803,standardized predictive coefficients; edition-specific correlations/semantics remain
Stefano legacy,ls,signed_modifier_explicit_only,18,23,second-year-update legacy,second-year-update legacy,34,0.5370581413891,0.525862802290783,standardized predictive coefficients; edition-specific correlations/semantics remain
Stefano legacy,ls,signed_modifier_explicit_only,19,20,second-year-update legacy,second-year-update legacy,34,0.6259879216327512,0.6309878107224222,standardized predictive coefficients; edition-specific correlations/semantics remain
Stefano legacy,ls,signed_modifier_explicit_only,19,21,second-year-update legacy,second-year-update legacy,34,0.5990658704812227,0.6016291135437326,standardized predictive coefficients; edition-specific correlations/semantics remain
Stefano legacy,ls,signed_modifier_explicit_only,19,22,second-year-update legacy,second-year-update legacy,34,0.6159637489494908,0.6198662006119279,standardized predictive coefficients; edition-specific correlations/semantics remain
Stefano legacy,ls,signed_modifier_explicit_only,19,23,second-year-update legacy,second-year-update legacy,34,0.5546495986934841,0.5586322600367075,standardized predictive coefficients; edition-specific correlations/semantics remain
Stefano legacy,ls,signed_modifier_explicit_only,20,21,second-year-update legacy,second-year-update legacy,34,0.8613896494386845,0.8586863311341231,standardized predictive coefficients; edition-specific correlations/semantics remain
Stefano legacy,ls,signed_modifier_explicit_only,20,22,second-year-update legacy,second-year-update legacy,34,0.842227340907473,0.8382879097761302,standardized predictive coefficients; edition-specific correlations/semantics remain
Stefano legacy,ls,signed_modifier_explicit_only,20,23,second-year-update legacy,second-year-update legacy,34,0.7324157049096529,0.7250655097579625,standardized predictive coefficients; edition-specific correlations/semantics remain
Stefano legacy,ls,signed_modifier_explicit_only,21,22,second-year-update legacy,second-year-update legacy,34,0.9306015935614761,0.9293157861494509,standardized predictive coefficients; edition-specific correlations/semantics remain
Stefano legacy,ls,signed_modifier_explicit_only,21,23,second-year-update legacy,second-year-update legacy,34,0.8589581464052152,0.8561968810635724,standardized predictive coefficients; edition-specific correlations/semantics remain
Stefano legacy,ls,signed_modifier_explicit_only,22,23,second-year-update legacy,second-year-update legacy,34,0.8946283964221043,0.8920258227692547,standardized predictive coefficients; edition-specific correlations/semantics remain
Stefano legacy,st,base_rating,15,16,second-year-update legacy,second-year-update legacy,33,0.9780967570681385,0.9704986101450459,standardized predictive coefficients; edition-specific correlations/semantics remain
Stefano legacy,st,base_rating,15,17,second-year-update legacy,second-year-update legacy,33,0.9783201521222363,0.9708100154486317,standardized predictive coefficients; edition-specific correlations/semantics remain
Stefano legacy,st,base_rating,15,18,second-year-update legacy,second-year-update legacy,33,0.9784798009261785,0.9710190638473782,standardized predictive coefficients; edition-specific correlations/semantics remain
Stefano legacy,st,base_rating,15,19,second-year-update legacy,second-year-update legacy,33,0.978971878310637,0.9716858030079223,standardized predictive coefficients; edition-specific correlations/semantics remain
Stefano legacy,st,base_rating,15,20,second-year-update legacy,second-year-update legacy,33,0.9784176806066255,0.9709296576662034,standardized predictive coefficients; edition-specific correlations/semantics remain
Stefano legacy,st,base_rating,15,21,second-year-update legacy,second-year-update legacy,33,0.9788078089080159,0.9714568637460382,standardized predictive coefficients; edition-specific correlations/semantics remain
Stefano legacy,st,base_rating,15,22,second-year-update legacy,second-year-update legacy,33,0.9788437843603814,0.9715102618751912,standardized predictive coefficients; edition-specific correlations/semantics remain
Stefano legacy,st,base_rating,15,23,second-year-update legacy,second-year-update legacy,33,0.9782256957759526,0.9706714805102611,standardized predictive coefficients; edition-specific correlations/semantics remain
Stefano legacy,st,base_rating,16,17,second-year-update legacy,second-year-update legacy,33,0.9999226783546131,0.999896937665549,standardized predictive coefficients; edition-specific correlations/semantics remain
Stefano legacy,st,base_rating,16,18,second-year-update legacy,second-year-update legacy,33,0.9998750265268888,0.9998293212874219,standardized predictive coefficients; edition-specific correlations/semantics remain
Stefano legacy,st,base_rating,16,19,second-year-update legacy,second-year-update legacy,33,0.9999289221447266,0.9999030239024633,standardized predictive coefficients; edition-specific correlations/semantics remain
Stefano legacy,st,base_rating,16,20,second-year-update legacy,second-year-update legacy,33,0.9999156324679551,0.9998868704020416,standardized predictive coefficients; edition-specific correlations/semantics remain
Stefano legacy,st,base_rating,16,21,second-year-update legacy,second-year-update legacy,33,0.9999152186374156,0.9998886706628606,standardized predictive coefficients; edition-specific correlations/semantics remain
Stefano legacy,st,base_rating,16,22,second-year-update legacy,second-year-update legacy,33,0.9998696268283223,0.9998218287608059,standardized predictive coefficients; edition-specific correlations/semantics remain
Stefano legacy,st,base_rating,16,23,second-year-update legacy,second-year-update legacy,33,0.9998958812722135,0.9998580736669588,standardized predictive coefficients; edition-specific correlations/semantics remain
Stefano legacy,st,base_rating,17,18,second-year-update legacy,second-year-update legacy,34,0.9999200909508448,0.9998924982141976,standardized predictive coefficients; edition-specific correlations/semantics remain
Stefano legacy,st,base_rating,17,19,second-year-update legacy,second-year-update legacy,34,0.9999516720101289,0.9999351479645759,standardized predictive coefficients; edition-specific correlations/semantics remain
Stefano legacy,st,base_rating,17,20,second-year-update legacy,second-year-update legacy,34,0.9999208234761136,0.9999014148694342,standardized predictive coefficients; edition-specific correlations/semantics remain
Stefano legacy,st,base_rating,17,21,second-year-update legacy,second-year-update legacy,34,0.9999401852969368,0.9999326186220507,standardized predictive coefficients; edition-specific correlations/semantics remain
Stefano legacy,st,base_rating,17,22,second-year-update legacy,second-year-update legacy,34,0.9999494628220855,0.9999347271439026,standardized predictive coefficients; edition-specific correlations/semantics remain
Stefano legacy,st,base_rating,17,23,second-year-update legacy,second-year-update legacy,34,0.9999268209866822,0.9999051623054692,standardized predictive coefficients; edition-specific correlations/semantics remain
Stefano legacy,st,base_rating,18,19,second-year-update legacy,second-year-update legacy,34,0.9999003591625767,0.9998651494813549,standardized predictive coefficients; edition-specific correlations/semantics remain
Stefano legacy,st,base_rating,18,20,second-year-update legacy,second-year-update legacy,34,0.9998899971918924,0.9998556310930012,standardized predictive coefficients; edition-specific correlations/semantics remain
Stefano legacy,st,base_rating,18,21,second-year-update legacy,second-year-update legacy,34,0.9999022768406935,0.9998760019605935,standardized predictive coefficients; edition-specific correlations/semantics remain
Stefano legacy,st,base_rating,18,22,second-year-update legacy,second-year-update legacy,34,0.999901150096326,0.999867164370212,standardized predictive coefficients; edition-specific correlations/semantics remain
Stefano legacy,st,base_rating,18,23,second-year-update legacy,second-year-update legacy,34,0.9998852705303771,0.9998463082142163,standardized predictive coefficients; edition-specific correlations/semantics remain
Stefano legacy,st,base_rating,19,20,second-year-update legacy,second-year-update legacy,34,0.9999306051668047,0.999910796006519,standardized predictive coefficients; edition-specific correlations/semantics remain
Stefano legacy,st,base_rating,19,21,second-year-update legacy,second-year-update legacy,34,0.9999255815768124,0.9999078731249297,standardized predictive coefficients; edition-specific correlations/semantics remain
Stefano legacy,st,base_rating,19,22,second-year-update legacy,second-year-update legacy,34,0.999936765108659,0.999915461759601,standardized predictive coefficients; edition-specific correlations/semantics remain
Stefano legacy,st,base_rating,19,23,second-year-update legacy,second-year-update legacy,34,0.999918919471792,0.999891975143097,standardized predictive coefficients; edition-specific correlations/semantics remain
Stefano legacy,st,base_rating,20,21,second-year-update legacy,second-year-update legacy,34,0.9999319675662025,0.9999088257282411,standardized predictive coefficients; edition-specific correlations/semantics remain
Stefano legacy,st,base_rating,20,22,second-year-update legacy,second-year-update legacy,34,0.9999080280884536,0.9998771102439278,standardized predictive coefficients; edition-specific correlations/semantics remain
Stefano legacy,st,base_rating,20,23,second-year-update legacy,second-year-update legacy,34,0.9999036220851422,0.9998706281012656,standardized predictive coefficients; edition-specific correlations/semantics remain
Stefano legacy,st,base_rating,21,22,second-year-update legacy,second-year-update legacy,34,0.9999156741713339,0.9998898043993573,standardized predictive coefficients; edition-specific correlations/semantics remain
Stefano legacy,st,base_rating,21,23,second-year-update legacy,second-year-update legacy,34,0.9998958220195179,0.999862060335878,standardized predictive coefficients; edition-specific correlations/semantics remain
Stefano legacy,st,base_rating,22,23,second-year-update legacy,second-year-update legacy,34,0.9999052131303294,0.9998719939531316,standardized predictive coefficients; edition-specific correlations/semantics remain
Stefano legacy,st,signed_modifier_explicit_only,15,16,second-year-update legacy,second-year-update legacy,33,0.6222945716248367,0.6085841426461047,standardized predictive coefficients; edition-specific correlations/semantics remain
Stefano legacy,st,signed_modifier_explicit_only,15,17,second-year-update legacy,second-year-update legacy,33,0.24521357684405906,0.2930849311249324,standardized predictive coefficients; edition-specific correlations/semantics remain
Stefano legacy,st,signed_modifier_explicit_only,15,18,second-year-update legacy,second-year-update legacy,33,0.10683017899294352,0.15668132245022562,standardized predictive coefficients; edition-specific correlations/semantics remain
Stefano legacy,st,signed_modifier_explicit_only,15,19,second-year-update legacy,second-year-update legacy,33,0.14074741002795918,0.16100048526370134,standardized predictive coefficients; edition-specific correlations/semantics remain
Stefano legacy,st,signed_modifier_explicit_only,15,20,second-year-update legacy,second-year-update legacy,33,0.14820121959066818,0.1951346561333849,standardized predictive coefficients; edition-specific correlations/semantics remain
Stefano legacy,st,signed_modifier_explicit_only,15,21,second-year-update legacy,second-year-update legacy,33,0.342473873532985,0.39891376512805915,standardized predictive coefficients; edition-specific correlations/semantics remain
Stefano legacy,st,signed_modifier_explicit_only,15,22,second-year-update legacy,second-year-update legacy,33,0.3200007515356776,0.37577462221797175,standardized predictive coefficients; edition-specific correlations/semantics remain
Stefano legacy,st,signed_modifier_explicit_only,15,23,second-year-update legacy,second-year-update legacy,33,0.4326441951823996,0.4981667944766104,standardized predictive coefficients; edition-specific correlations/semantics remain
Stefano legacy,st,signed_modifier_explicit_only,16,17,second-year-update legacy,second-year-update legacy,33,0.5019862123987747,0.545765769677121,standardized predictive coefficients; edition-specific correlations/semantics remain
Stefano legacy,st,signed_modifier_explicit_only,16,18,second-year-update legacy,second-year-update legacy,33,0.5191133106856387,0.5715505509509284,standardized predictive coefficients; edition-specific correlations/semantics remain
Stefano legacy,st,signed_modifier_explicit_only,16,19,second-year-update legacy,second-year-update legacy,33,0.49973778183308953,0.5208811725865866,standardized predictive coefficients; edition-specific correlations/semantics remain
Stefano legacy,st,signed_modifier_explicit_only,16,20,second-year-update legacy,second-year-update legacy,33,0.34410751090987224,0.3859699616559793,standardized predictive coefficients; edition-specific correlations/semantics remain
Stefano legacy,st,signed_modifier_explicit_only,16,21,second-year-update legacy,second-year-update legacy,33,0.34203352078904037,0.3849817014809204,standardized predictive coefficients; edition-specific correlations/semantics remain
Stefano legacy,st,signed_modifier_explicit_only,16,22,second-year-update legacy,second-year-update legacy,33,0.48030934458694124,0.5279599311654873,standardized predictive coefficients; edition-specific correlations/semantics remain
Stefano legacy,st,signed_modifier_explicit_only,16,23,second-year-update legacy,second-year-update legacy,33,0.4334765094142516,0.48369214111471537,standardized predictive coefficients; edition-specific correlations/semantics remain
Stefano legacy,st,signed_modifier_explicit_only,17,18,second-year-update legacy,second-year-update legacy,34,0.8885773134959831,0.8862340838882421,standardized predictive coefficients; edition-specific correlations/semantics remain
Stefano legacy,st,signed_modifier_explicit_only,17,19,second-year-update legacy,second-year-update legacy,34,0.6562249895219219,0.6598823321230639,standardized predictive coefficients; edition-specific correlations/semantics remain
Stefano legacy,st,signed_modifier_explicit_only,17,20,second-year-update legacy,second-year-update legacy,34,0.48498258300231883,0.4728623528418906,standardized predictive coefficients; edition-specific correlations/semantics remain
Stefano legacy,st,signed_modifier_explicit_only,17,21,second-year-update legacy,second-year-update legacy,34,0.5269542332510682,0.5178211064619866,standardized predictive coefficients; edition-specific correlations/semantics remain
Stefano legacy,st,signed_modifier_explicit_only,17,22,second-year-update legacy,second-year-update legacy,34,0.6438279105553273,0.6360470628574625,standardized predictive coefficients; edition-specific correlations/semantics remain
Stefano legacy,st,signed_modifier_explicit_only,17,23,second-year-update legacy,second-year-update legacy,34,0.7009428858964116,0.6940196225942513,standardized predictive coefficients; edition-specific correlations/semantics remain
Stefano legacy,st,signed_modifier_explicit_only,18,19,second-year-update legacy,second-year-update legacy,34,0.6094868019361809,0.6129128209362369,standardized predictive coefficients; edition-specific correlations/semantics remain
Stefano legacy,st,signed_modifier_explicit_only,18,20,second-year-update legacy,second-year-update legacy,34,0.41949037707151565,0.4053829356949648,standardized predictive coefficients; edition-specific correlations/semantics remain
Stefano legacy,st,signed_modifier_explicit_only,18,21,second-year-update legacy,second-year-update legacy,34,0.39426301689516585,0.38225107771021394,standardized predictive coefficients; edition-specific correlations/semantics remain
Stefano legacy,st,signed_modifier_explicit_only,18,22,second-year-update legacy,second-year-update legacy,34,0.5175406885984445,0.5066767679251803,standardized predictive coefficients; edition-specific correlations/semantics remain
Stefano legacy,st,signed_modifier_explicit_only,18,23,second-year-update legacy,second-year-update legacy,34,0.5370581413891,0.525862802290783,standardized predictive coefficients; edition-specific correlations/semantics remain
Stefano legacy,st,signed_modifier_explicit_only,19,20,second-year-update legacy,second-year-update legacy,34,0.6259879216327512,0.6309878107224222,standardized predictive coefficients; edition-specific correlations/semantics remain
Stefano legacy,st,signed_modifier_explicit_only,19,21,second-year-update legacy,second-year-update legacy,34,0.5990658704812227,0.6016291135437326,standardized predictive coefficients; edition-specific correlations/semantics remain
Stefano legacy,st,signed_modifier_explicit_only,19,22,second-year-update legacy,second-year-update legacy,34,0.6159637489494908,0.6198662006119279,standardized predictive coefficients; edition-specific correlations/semantics remain
Stefano legacy,st,signed_modifier_explicit_only,19,23,second-year-update legacy,second-year-update legacy,34,0.5546495986934841,0.5586322600367075,standardized predictive coefficients; edition-specific correlations/semantics remain
Stefano legacy,st,signed_modifier_explicit_only,20,21,second-year-update legacy,second-year-update legacy,34,0.8613896494386845,0.8586863311341231,standardized predictive coefficients; edition-specific correlations/semantics remain
Stefano legacy,st,signed_modifier_explicit_only,20,22,second-year-update legacy,second-year-update legacy,34,0.842227340907473,0.8382879097761302,standardized predictive coefficients; edition-specific correlations/semantics remain
Stefano legacy,st,signed_modifier_explicit_only,20,23,second-year-update legacy,second-year-update legacy,34,0.7324157049096529,0.7250655097579625,standardized predictive coefficients; edition-specific correlations/semantics remain
Stefano legacy,st,signed_modifier_explicit_only,21,22,second-year-update legacy,second-year-update legacy,34,0.9306015935614761,0.9293157861494509,standardized predictive coefficients; edition-specific correlations/semantics remain
Stefano legacy,st,signed_modifier_explicit_only,21,23,second-year-update legacy,second-year-update legacy,34,0.8589581464052152,0.8561968810635724,standardized predictive coefficients; edition-specific correlations/semantics remain
Stefano legacy,st,signed_modifier_explicit_only,22,23,second-year-update legacy,second-year-update legacy,34,0.8946283964221043,0.8920258227692547,standardized predictive coefficients; edition-specific correlations/semantics remain
Stefano legacy,rs,base_rating,15,16,second-year-update legacy,second-year-update legacy,33,0.9780967570681385,0.9704986101450459,standardized predictive coefficients; edition-specific correlations/semantics remain
Stefano legacy,rs,base_rating,15,17,second-year-update legacy,second-year-update legacy,33,0.9783201521222363,0.9708100154486317,standardized predictive coefficients; edition-specific correlations/semantics remain
Stefano legacy,rs,base_rating,15,18,second-year-update legacy,second-year-update legacy,33,0.9784798009261785,0.9710190638473782,standardized predictive coefficients; edition-specific correlations/semantics remain
Stefano legacy,rs,base_rating,15,19,second-year-update legacy,second-year-update legacy,33,0.978971878310637,0.9716858030079223,standardized predictive coefficients; edition-specific correlations/semantics remain
Stefano legacy,rs,base_rating,15,20,second-year-update legacy,second-year-update legacy,33,0.9784176806066255,0.9709296576662034,standardized predictive coefficients; edition-specific correlations/semantics remain
Stefano legacy,rs,base_rating,15,21,second-year-update legacy,second-year-update legacy,33,0.9788078089080159,0.9714568637460382,standardized predictive coefficients; edition-specific correlations/semantics remain
Stefano legacy,rs,base_rating,15,22,second-year-update legacy,second-year-update legacy,33,0.9788437843603814,0.9715102618751912,standardized predictive coefficients; edition-specific correlations/semantics remain
Stefano legacy,rs,base_rating,15,23,second-year-update legacy,second-year-update legacy,33,0.9782256957759526,0.9706714805102611,standardized predictive coefficients; edition-specific correlations/semantics remain
Stefano legacy,rs,base_rating,16,17,second-year-update legacy,second-year-update legacy,33,0.9999226783546131,0.999896937665549,standardized predictive coefficients; edition-specific correlations/semantics remain
Stefano legacy,rs,base_rating,16,18,second-year-update legacy,second-year-update legacy,33,0.9998750265268888,0.9998293212874219,standardized predictive coefficients; edition-specific correlations/semantics remain
Stefano legacy,rs,base_rating,16,19,second-year-update legacy,second-year-update legacy,33,0.9999289221447266,0.9999030239024633,standardized predictive coefficients; edition-specific correlations/semantics remain
Stefano legacy,rs,base_rating,16,20,second-year-update legacy,second-year-update legacy,33,0.9999156324679551,0.9998868704020416,standardized predictive coefficients; edition-specific correlations/semantics remain
Stefano legacy,rs,base_rating,16,21,second-year-update legacy,second-year-update legacy,33,0.9999152186374156,0.9998886706628606,standardized predictive coefficients; edition-specific correlations/semantics remain
Stefano legacy,rs,base_rating,16,22,second-year-update legacy,second-year-update legacy,33,0.9998696268283223,0.9998218287608059,standardized predictive coefficients; edition-specific correlations/semantics remain
Stefano legacy,rs,base_rating,16,23,second-year-update legacy,second-year-update legacy,33,0.9998958812722135,0.9998580736669588,standardized predictive coefficients; edition-specific correlations/semantics remain
Stefano legacy,rs,base_rating,17,18,second-year-update legacy,second-year-update legacy,34,0.9999200909508448,0.9998924982141976,standardized predictive coefficients; edition-specific correlations/semantics remain
Stefano legacy,rs,base_rating,17,19,second-year-update legacy,second-year-update legacy,34,0.9999516720101289,0.9999351479645759,standardized predictive coefficients; edition-specific correlations/semantics remain
Stefano legacy,rs,base_rating,17,20,second-year-update legacy,second-year-update legacy,34,0.9999208234761136,0.9999014148694342,standardized predictive coefficients; edition-specific correlations/semantics remain
Stefano legacy,rs,base_rating,17,21,second-year-update legacy,second-year-update legacy,34,0.9999401852969368,0.9999326186220507,standardized predictive coefficients; edition-specific correlations/semantics remain
Stefano legacy,rs,base_rating,17,22,second-year-update legacy,second-year-update legacy,34,0.9999494628220855,0.9999347271439026,standardized predictive coefficients; edition-specific correlations/semantics remain
Stefano legacy,rs,base_rating,17,23,second-year-update legacy,second-year-update legacy,34,0.9999268209866822,0.9999051623054692,standardized predictive coefficients; edition-specific correlations/semantics remain
Stefano legacy,rs,base_rating,18,19,second-year-update legacy,second-year-update legacy,34,0.9999003591625767,0.9998651494813549,standardized predictive coefficients; edition-specific correlations/semantics remain
Stefano legacy,rs,base_rating,18,20,second-year-update legacy,second-year-update legacy,34,0.9998899971918924,0.9998556310930012,standardized predictive coefficients; edition-specific correlations/semantics remain
Stefano legacy,rs,base_rating,18,21,second-year-update legacy,second-year-update legacy,34,0.9999022768406935,0.9998760019605935,standardized predictive coefficients; edition-specific correlations/semantics remain
Stefano legacy,rs,base_rating,18,22,second-year-update legacy,second-year-update legacy,34,0.999901150096326,0.999867164370212,standardized predictive coefficients; edition-specific correlations/semantics remain
Stefano legacy,rs,base_rating,18,23,second-year-update legacy,second-year-update legacy,34,0.9998852705303771,0.9998463082142163,standardized predictive coefficients; edition-specific correlations/semantics remain
Stefano legacy,rs,base_rating,19,20,second-year-update legacy,second-year-update legacy,34,0.9999306051668047,0.999910796006519,standardized predictive coefficients; edition-specific correlations/semantics remain
Stefano legacy,rs,base_rating,19,21,second-year-update legacy,second-year-update legacy,34,0.9999255815768124,0.9999078731249297,standardized predictive coefficients; edition-specific correlations/semantics remain
Stefano legacy,rs,base_rating,19,22,second-year-update legacy,second-year-update legacy,34,0.999936765108659,0.999915461759601,standardized predictive coefficients; edition-specific correlations/semantics remain
Stefano legacy,rs,base_rating,19,23,second-year-update legacy,second-year-update legacy,34,0.999918919471792,0.999891975143097,standardized predictive coefficients; edition-specific correlations/semantics remain
Stefano legacy,rs,base_rating,20,21,second-year-update legacy,second-year-update legacy,34,0.9999319675662025,0.9999088257282411,standardized predictive coefficients; edition-specific correlations/semantics remain
Stefano legacy,rs,base_rating,20,22,second-year-update legacy,second-year-update legacy,34,0.9999080280884536,0.9998771102439278,standardized predictive coefficients; edition-specific correlations/semantics remain
Stefano legacy,rs,base_rating,20,23,second-year-update legacy,second-year-update legacy,34,0.9999036220851422,0.9998706281012656,standardized predictive coefficients; edition-specific correlations/semantics remain
Stefano legacy,rs,base_rating,21,22,second-year-update legacy,second-year-update legacy,34,0.9999156741713339,0.9998898043993573,standardized predictive coefficients; edition-specific correlations/semantics remain
Stefano legacy,rs,base_rating,21,23,second-year-update legacy,second-year-update legacy,34,0.9998958220195179,0.999862060335878,standardized predictive coefficients; edition-specific correlations/semantics remain
Stefano legacy,rs,base_rating,22,23,second-year-update legacy,second-year-update legacy,34,0.9999052131303294,0.9998719939531316,standardized predictive coefficients; edition-specific correlations/semantics remain
Stefano legacy,rs,signed_modifier_explicit_only,15,16,second-year-update legacy,second-year-update legacy,33,0.6222945716248367,0.6085841426461047,standardized predictive coefficients; edition-specific correlations/semantics remain
Stefano legacy,rs,signed_modifier_explicit_only,15,17,second-year-update legacy,second-year-update legacy,33,0.24521357684405906,0.2930849311249324,standardized predictive coefficients; edition-specific correlations/semantics remain
Stefano legacy,rs,signed_modifier_explicit_only,15,18,second-year-update legacy,second-year-update legacy,33,0.10683017899294352,0.15668132245022562,standardized predictive coefficients; edition-specific correlations/semantics remain
Stefano legacy,rs,signed_modifier_explicit_only,15,19,second-year-update legacy,second-year-update legacy,33,0.14074741002795918,0.16100048526370134,standardized predictive coefficients; edition-specific correlations/semantics remain
Stefano legacy,rs,signed_modifier_explicit_only,15,20,second-year-update legacy,second-year-update legacy,33,0.14820121959066818,0.1951346561333849,standardized predictive coefficients; edition-specific correlations/semantics remain
Stefano legacy,rs,signed_modifier_explicit_only,15,21,second-year-update legacy,second-year-update legacy,33,0.342473873532985,0.39891376512805915,standardized predictive coefficients; edition-specific correlations/semantics remain
Stefano legacy,rs,signed_modifier_explicit_only,15,22,second-year-update legacy,second-year-update legacy,33,0.3200007515356776,0.37577462221797175,standardized predictive coefficients; edition-specific correlations/semantics remain
Stefano legacy,rs,signed_modifier_explicit_only,15,23,second-year-update legacy,second-year-update legacy,33,0.4326441951823996,0.4981667944766104,standardized predictive coefficients; edition-specific correlations/semantics remain
Stefano legacy,rs,signed_modifier_explicit_only,16,17,second-year-update legacy,second-year-update legacy,33,0.5019862123987747,0.545765769677121,standardized predictive coefficients; edition-specific correlations/semantics remain
Stefano legacy,rs,signed_modifier_explicit_only,16,18,second-year-update legacy,second-year-update legacy,33,0.5191133106856387,0.5715505509509284,standardized predictive coefficients; edition-specific correlations/semantics remain
Stefano legacy,rs,signed_modifier_explicit_only,16,19,second-year-update legacy,second-year-update legacy,33,0.49973778183308953,0.5208811725865866,standardized predictive coefficients; edition-specific correlations/semantics remain
Stefano legacy,rs,signed_modifier_explicit_only,16,20,second-year-update legacy,second-year-update legacy,33,0.34410751090987224,0.3859699616559793,standardized predictive coefficients; edition-specific correlations/semantics remain
Stefano legacy,rs,signed_modifier_explicit_only,16,21,second-year-update legacy,second-year-update legacy,33,0.34203352078904037,0.3849817014809204,standardized predictive coefficients; edition-specific correlations/semantics remain
Stefano legacy,rs,signed_modifier_explicit_only,16,22,second-year-update legacy,second-year-update legacy,33,0.48030934458694124,0.5279599311654873,standardized predictive coefficients; edition-specific correlations/semantics remain
Stefano legacy,rs,signed_modifier_explicit_only,16,23,second-year-update legacy,second-year-update legacy,33,0.4334765094142516,0.48369214111471537,standardized predictive coefficients; edition-specific correlations/semantics remain
Stefano legacy,rs,signed_modifier_explicit_only,17,18,second-year-update legacy,second-year-update legacy,34,0.8885773134959831,0.8862340838882421,standardized predictive coefficients; edition-specific correlations/semantics remain
Stefano legacy,rs,signed_modifier_explicit_only,17,19,second-year-update legacy,second-year-update legacy,34,0.6562249895219219,0.6598823321230639,standardized predictive coefficients; edition-specific correlations/semantics remain
Stefano legacy,rs,signed_modifier_explicit_only,17,20,second-year-update legacy,second-year-update legacy,34,0.48498258300231883,0.4728623528418906,standardized predictive coefficients; edition-specific correlations/semantics remain
Stefano legacy,rs,signed_modifier_explicit_only,17,21,second-year-update legacy,second-year-update legacy,34,0.5269542332510682,0.5178211064619866,standardized predictive coefficients; edition-specific correlations/semantics remain
Stefano legacy,rs,signed_modifier_explicit_only,17,22,second-year-update legacy,second-year-update legacy,34,0.6438279105553273,0.6360470628574625,standardized predictive coefficients; edition-specific correlations/semantics remain
Stefano legacy,rs,signed_modifier_explicit_only,17,23,second-year-update legacy,second-year-update legacy,34,0.7009428858964116,0.6940196225942513,standardized predictive coefficients; edition-specific correlations/semantics remain
Stefano legacy,rs,signed_modifier_explicit_only,18,19,second-year-update legacy,second-year-update legacy,34,0.6094868019361809,0.6129128209362369,standardized predictive coefficients; edition-specific correlations/semantics remain
Stefano legacy,rs,signed_modifier_explicit_only,18,20,second-year-update legacy,second-year-update legacy,34,0.41949037707151565,0.4053829356949648,standardized predictive coefficients; edition-specific correlations/semantics remain
Stefano legacy,rs,signed_modifier_explicit_only,18,21,second-year-update legacy,second-year-update legacy,34,0.39426301689516585,0.38225107771021394,standardized predictive coefficients; edition-specific correlations/semantics remain
Stefano legacy,rs,signed_modifier_explicit_only,18,22,second-year-update legacy,second-year-update legacy,34,0.5175406885984445,0.5066767679251803,standardized predictive coefficients; edition-specific correlations/semantics remain
Stefano legacy,rs,signed_modifier_explicit_only,18,23,second-year-update legacy,second-year-update legacy,34,0.5370581413891,0.525862802290783,standardized predictive coefficients; edition-specific correlations/semantics remain
Stefano legacy,rs,signed_modifier_explicit_only,19,20,second-year-update legacy,second-year-update legacy,34,0.6259879216327512,0.6309878107224222,standardized predictive coefficients; edition-specific correlations/semantics remain
Stefano legacy,rs,signed_modifier_explicit_only,19,21,second-year-update legacy,second-year-update legacy,34,0.5990658704812227,0.6016291135437326,standardized predictive coefficients; edition-specific correlations/semantics remain
Stefano legacy,rs,signed_modifier_explicit_only,19,22,second-year-update legacy,second-year-update legacy,34,0.6159637489494908,0.6198662006119279,standardized predictive coefficients; edition-specific correlations/semantics remain
Stefano legacy,rs,signed_modifier_explicit_only,19,23,second-year-update legacy,second-year-update legacy,34,0.5546495986934841,0.5586322600367075,standardized predictive coefficients; edition-specific correlations/semantics remain
Stefano legacy,rs,signed_modifier_explicit_only,20,21,second-year-update legacy,second-year-update legacy,34,0.8613896494386845,0.8586863311341231,standardized predictive coefficients; edition-specific correlations/semantics remain
Stefano legacy,rs,signed_modifier_explicit_only,20,22,second-year-update legacy,second-year-update legacy,34,0.842227340907473,0.8382879097761302,standardized predictive coefficients; edition-specific correlations/semantics remain
Stefano legacy,rs,signed_modifier_explicit_only,20,23,second-year-update legacy,second-year-update legacy,34,0.7324157049096529,0.7250655097579625,standardized predictive coefficients; edition-specific correlations/semantics remain
Stefano legacy,rs,signed_modifier_explicit_only,21,22,second-year-update legacy,second-year-update legacy,34,0.9306015935614761,0.9293157861494509,standardized predictive coefficients; edition-specific correlations/semantics remain
Stefano legacy,rs,signed_modifier_explicit_only,21,23,second-year-update legacy,second-year-update legacy,34,0.8589581464052152,0.8561968810635724,standardized predictive coefficients; edition-specific correlations/semantics remain
Stefano legacy,rs,signed_modifier_explicit_only,22,23,second-year-update legacy,second-year-update legacy,34,0.8946283964221043,0.8920258227692547,standardized predictive coefficients; edition-specific correlations/semantics remain
Stefano legacy,lw,base_rating,15,16,second-year-update legacy,second-year-update legacy,33,0.948624790487191,0.929431665130637,standardized predictive coefficients; edition-specific correlations/semantics remain
Stefano legacy,lw,base_rating,15,17,second-year-update legacy,second-year-update legacy,33,0.9490375706155264,0.9299872154569533,standardized predictive coefficients; edition-specific correlations/semantics remain
Stefano legacy,lw,base_rating,15,18,second-year-update legacy,second-year-update legacy,33,0.9497605450303732,0.9309948351377382,standardized predictive coefficients; edition-specific correlations/semantics remain
Stefano legacy,lw,base_rating,15,19,second-year-update legacy,second-year-update legacy,33,0.949887239649247,0.9311828948632033,standardized predictive coefficients; edition-specific correlations/semantics remain
Stefano legacy,lw,base_rating,15,20,second-year-update legacy,second-year-update legacy,33,0.9495892180603405,0.9307301694381254,standardized predictive coefficients; edition-specific correlations/semantics remain
Stefano legacy,lw,base_rating,15,21,second-year-update legacy,second-year-update legacy,33,0.9494445765395866,0.9305378885520837,standardized predictive coefficients; edition-specific correlations/semantics remain
Stefano legacy,lw,base_rating,15,22,second-year-update legacy,second-year-update legacy,33,0.9485884611993909,0.9293686685269729,standardized predictive coefficients; edition-specific correlations/semantics remain
Stefano legacy,lw,base_rating,15,23,second-year-update legacy,second-year-update legacy,33,0.948722331771523,0.9295490284518572,standardized predictive coefficients; edition-specific correlations/semantics remain
Stefano legacy,lw,base_rating,16,17,second-year-update legacy,second-year-update legacy,33,0.9999589509457634,0.9999431802127706,standardized predictive coefficients; edition-specific correlations/semantics remain
Stefano legacy,lw,base_rating,16,18,second-year-update legacy,second-year-update legacy,33,0.9999226585923818,0.9998920336960571,standardized predictive coefficients; edition-specific correlations/semantics remain
Stefano legacy,lw,base_rating,16,19,second-year-update legacy,second-year-update legacy,33,0.9999192956495969,0.9998876592766933,standardized predictive coefficients; edition-specific correlations/semantics remain
Stefano legacy,lw,base_rating,16,20,second-year-update legacy,second-year-update legacy,33,0.9999354734343313,0.9999130751370352,standardized predictive coefficients; edition-specific correlations/semantics remain
Stefano legacy,lw,base_rating,16,21,second-year-update legacy,second-year-update legacy,33,0.9999625456987987,0.999949487846574,standardized predictive coefficients; edition-specific correlations/semantics remain
Stefano legacy,lw,base_rating,16,22,second-year-update legacy,second-year-update legacy,33,0.999947527095544,0.9999271436188707,standardized predictive coefficients; edition-specific correlations/semantics remain
Stefano legacy,lw,base_rating,16,23,second-year-update legacy,second-year-update legacy,33,0.9999123233478235,0.9998783146144857,standardized predictive coefficients; edition-specific correlations/semantics remain
Stefano legacy,lw,base_rating,17,18,second-year-update legacy,second-year-update legacy,34,0.9998957486531286,0.9998561871156398,standardized predictive coefficients; edition-specific correlations/semantics remain
Stefano legacy,lw,base_rating,17,19,second-year-update legacy,second-year-update legacy,34,0.9998803601418268,0.9998373817541438,standardized predictive coefficients; edition-specific correlations/semantics remain
Stefano legacy,lw,base_rating,17,20,second-year-update legacy,second-year-update legacy,34,0.9999168151893238,0.9998855881017633,standardized predictive coefficients; edition-specific correlations/semantics remain
Stefano legacy,lw,base_rating,17,21,second-year-update legacy,second-year-update legacy,34,0.9999449998639445,0.9999239973246159,standardized predictive coefficients; edition-specific correlations/semantics remain
Stefano legacy,lw,base_rating,17,22,second-year-update legacy,second-year-update legacy,34,0.999916286167647,0.9998845120569932,standardized predictive coefficients; edition-specific correlations/semantics remain
Stefano legacy,lw,base_rating,17,23,second-year-update legacy,second-year-update legacy,34,0.9998804346923068,0.9998347585507472,standardized predictive coefficients; edition-specific correlations/semantics remain
Stefano legacy,lw,base_rating,18,19,second-year-update legacy,second-year-update legacy,34,0.9998589157519939,0.999806591234386,standardized predictive coefficients; edition-specific correlations/semantics remain
Stefano legacy,lw,base_rating,18,20,second-year-update legacy,second-year-update legacy,34,0.9999450402676429,0.9999255834643224,standardized predictive coefficients; edition-specific correlations/semantics remain
Stefano legacy,lw,base_rating,18,21,second-year-update legacy,second-year-update legacy,34,0.9999155558314246,0.9998836669111343,standardized predictive coefficients; edition-specific correlations/semantics remain
Stefano legacy,lw,base_rating,18,22,second-year-update legacy,second-year-update legacy,34,0.9998770951258479,0.9998302577450607,standardized predictive coefficients; edition-specific correlations/semantics remain
Stefano legacy,lw,base_rating,18,23,second-year-update legacy,second-year-update legacy,34,0.999905549421948,0.9998697405604811,standardized predictive coefficients; edition-specific correlations/semantics remain
Stefano legacy,lw,base_rating,19,20,second-year-update legacy,second-year-update legacy,34,0.9998923137792661,0.9998569110684817,standardized predictive coefficients; edition-specific correlations/semantics remain
Stefano legacy,lw,base_rating,19,21,second-year-update legacy,second-year-update legacy,34,0.9999329056825211,0.9999103042963864,standardized predictive coefficients; edition-specific correlations/semantics remain
Stefano legacy,lw,base_rating,19,22,second-year-update legacy,second-year-update legacy,34,0.9998971386260199,0.999859445644085,standardized predictive coefficients; edition-specific correlations/semantics remain
Stefano legacy,lw,base_rating,19,23,second-year-update legacy,second-year-update legacy,34,0.9998886425337629,0.9998488635216107,standardized predictive coefficients; edition-specific correlations/semantics remain
Stefano legacy,lw,base_rating,20,21,second-year-update legacy,second-year-update legacy,34,0.9999473411025408,0.9999276181537654,standardized predictive coefficients; edition-specific correlations/semantics remain
Stefano legacy,lw,base_rating,20,22,second-year-update legacy,second-year-update legacy,34,0.9999179170885272,0.9998879629316388,standardized predictive coefficients; edition-specific correlations/semantics remain
Stefano legacy,lw,base_rating,20,23,second-year-update legacy,second-year-update legacy,34,0.9998874655683881,0.9998449765414563,standardized predictive coefficients; edition-specific correlations/semantics remain
Stefano legacy,lw,base_rating,21,22,second-year-update legacy,second-year-update legacy,34,0.9999301668091822,0.9999037945604071,standardized predictive coefficients; edition-specific correlations/semantics remain
Stefano legacy,lw,base_rating,21,23,second-year-update legacy,second-year-update legacy,34,0.9999348773297935,0.9999100020399952,standardized predictive coefficients; edition-specific correlations/semantics remain
Stefano legacy,lw,base_rating,22,23,second-year-update legacy,second-year-update legacy,34,0.9998813022420622,0.9998361903181465,standardized predictive coefficients; edition-specific correlations/semantics remain
Stefano legacy,lw,signed_modifier_explicit_only,15,16,second-year-update legacy,second-year-update legacy,33,0.5466053218968447,0.5291764676678357,standardized predictive coefficients; edition-specific correlations/semantics remain
Stefano legacy,lw,signed_modifier_explicit_only,15,17,second-year-update legacy,second-year-update legacy,33,0.5714294590744092,0.5402372680999257,standardized predictive coefficients; edition-specific correlations/semantics remain
Stefano legacy,lw,signed_modifier_explicit_only,15,18,second-year-update legacy,second-year-update legacy,33,0.5710727801754615,0.5450984699242455,standardized predictive coefficients; edition-specific correlations/semantics remain
Stefano legacy,lw,signed_modifier_explicit_only,15,19,second-year-update legacy,second-year-update legacy,33,0.1623250448979869,0.08501787401521363,standardized predictive coefficients; edition-specific correlations/semantics remain
Stefano legacy,lw,signed_modifier_explicit_only,15,20,second-year-update legacy,second-year-update legacy,33,0.6958338331637473,0.674461277791414,standardized predictive coefficients; edition-specific correlations/semantics remain
Stefano legacy,lw,signed_modifier_explicit_only,15,21,second-year-update legacy,second-year-update legacy,33,-0.005514970612960865,-0.02662607519009668,standardized predictive coefficients; edition-specific correlations/semantics remain
Stefano legacy,lw,signed_modifier_explicit_only,15,22,second-year-update legacy,second-year-update legacy,33,0.13015023731714617,0.1430550995667854,standardized predictive coefficients; edition-specific correlations/semantics remain
Stefano legacy,lw,signed_modifier_explicit_only,15,23,second-year-update legacy,second-year-update legacy,33,-0.04798029573223063,-0.0628291329875022,standardized predictive coefficients; edition-specific correlations/semantics remain
Stefano legacy,lw,signed_modifier_explicit_only,16,17,second-year-update legacy,second-year-update legacy,33,0.7046661429684407,0.6951336361550321,standardized predictive coefficients; edition-specific correlations/semantics remain
Stefano legacy,lw,signed_modifier_explicit_only,16,18,second-year-update legacy,second-year-update legacy,33,0.48196176299320515,0.4630327351079425,standardized predictive coefficients; edition-specific correlations/semantics remain
Stefano legacy,lw,signed_modifier_explicit_only,16,19,second-year-update legacy,second-year-update legacy,33,0.2593294123702709,0.22029890232280547,standardized predictive coefficients; edition-specific correlations/semantics remain
Stefano legacy,lw,signed_modifier_explicit_only,16,20,second-year-update legacy,second-year-update legacy,33,0.511155394679109,0.4920012426787783,standardized predictive coefficients; edition-specific correlations/semantics remain
Stefano legacy,lw,signed_modifier_explicit_only,16,21,second-year-update legacy,second-year-update legacy,33,-0.0657392962245654,-0.0799551917553705,standardized predictive coefficients; edition-specific correlations/semantics remain
Stefano legacy,lw,signed_modifier_explicit_only,16,22,second-year-update legacy,second-year-update legacy,33,0.34062976645183746,0.35070601691658637,standardized predictive coefficients; edition-specific correlations/semantics remain
Stefano legacy,lw,signed_modifier_explicit_only,16,23,second-year-update legacy,second-year-update legacy,33,-0.010006154496955131,-0.018389188914060994,standardized predictive coefficients; edition-specific correlations/semantics remain
Stefano legacy,lw,signed_modifier_explicit_only,17,18,second-year-update legacy,second-year-update legacy,34,0.6242944545241639,0.5935223554532539,standardized predictive coefficients; edition-specific correlations/semantics remain
Stefano legacy,lw,signed_modifier_explicit_only,17,19,second-year-update legacy,second-year-update legacy,34,0.3949543844049571,0.34239970036791545,standardized predictive coefficients; edition-specific correlations/semantics remain
Stefano legacy,lw,signed_modifier_explicit_only,17,20,second-year-update legacy,second-year-update legacy,34,0.5117336926428788,0.47646161326112313,standardized predictive coefficients; edition-specific correlations/semantics remain
Stefano legacy,lw,signed_modifier_explicit_only,17,21,second-year-update legacy,second-year-update legacy,34,0.15184976035665687,0.1347162893215672,standardized predictive coefficients; edition-specific correlations/semantics remain
Stefano legacy,lw,signed_modifier_explicit_only,17,22,second-year-update legacy,second-year-update legacy,34,0.37798940345665555,0.3924241491639133,standardized predictive coefficients; edition-specific correlations/semantics remain
Stefano legacy,lw,signed_modifier_explicit_only,17,23,second-year-update legacy,second-year-update legacy,34,-0.027098881306363565,-0.04267561120378523,standardized predictive coefficients; edition-specific correlations/semantics remain
Stefano legacy,lw,signed_modifier_explicit_only,18,19,second-year-update legacy,second-year-update legacy,34,0.15223067149722902,0.07958533643972994,standardized predictive coefficients; edition-specific correlations/semantics remain
Stefano legacy,lw,signed_modifier_explicit_only,18,20,second-year-update legacy,second-year-update legacy,34,0.5793151553294469,0.5493574937891107,standardized predictive coefficients; edition-specific correlations/semantics remain
Stefano legacy,lw,signed_modifier_explicit_only,18,21,second-year-update legacy,second-year-update legacy,34,0.24326636656402767,0.23024122669064193,standardized predictive coefficients; edition-specific correlations/semantics remain
Stefano legacy,lw,signed_modifier_explicit_only,18,22,second-year-update legacy,second-year-update legacy,34,0.24120184834216055,0.24981727603734702,standardized predictive coefficients; edition-specific correlations/semantics remain
Stefano legacy,lw,signed_modifier_explicit_only,18,23,second-year-update legacy,second-year-update legacy,34,0.18298209843587945,0.17622927240206768,standardized predictive coefficients; edition-specific correlations/semantics remain
Stefano legacy,lw,signed_modifier_explicit_only,19,20,second-year-update legacy,second-year-update legacy,34,0.34966482949074346,0.30047631743171815,standardized predictive coefficients; edition-specific correlations/semantics remain
Stefano legacy,lw,signed_modifier_explicit_only,19,21,second-year-update legacy,second-year-update legacy,34,0.25002244908812904,0.237076481287895,standardized predictive coefficients; edition-specific correlations/semantics remain
Stefano legacy,lw,signed_modifier_explicit_only,19,22,second-year-update legacy,second-year-update legacy,34,0.021204556722736904,0.021150926745286555,standardized predictive coefficients; edition-specific correlations/semantics remain
Stefano legacy,lw,signed_modifier_explicit_only,19,23,second-year-update legacy,second-year-update legacy,34,-0.09915005749618143,-0.11879812492347033,standardized predictive coefficients; edition-specific correlations/semantics remain
Stefano legacy,lw,signed_modifier_explicit_only,20,21,second-year-update legacy,second-year-update legacy,34,0.09850402022945326,0.08102756143620017,standardized predictive coefficients; edition-specific correlations/semantics remain
Stefano legacy,lw,signed_modifier_explicit_only,20,22,second-year-update legacy,second-year-update legacy,34,0.04875539273566978,0.04945352198154963,standardized predictive coefficients; edition-specific correlations/semantics remain
Stefano legacy,lw,signed_modifier_explicit_only,20,23,second-year-update legacy,second-year-update legacy,34,0.004328419969298027,-0.008193286857004392,standardized predictive coefficients; edition-specific correlations/semantics remain
Stefano legacy,lw,signed_modifier_explicit_only,21,22,second-year-update legacy,second-year-update legacy,34,0.06127930019521889,0.061215547851965556,standardized predictive coefficients; edition-specific correlations/semantics remain
Stefano legacy,lw,signed_modifier_explicit_only,21,23,second-year-update legacy,second-year-update legacy,34,0.08550174901613922,0.08175522001165783,standardized predictive coefficients; edition-specific correlations/semantics remain
Stefano legacy,lw,signed_modifier_explicit_only,22,23,second-year-update legacy,second-year-update legacy,34,-0.21756953629347434,-0.21800919607038075,standardized predictive coefficients; edition-specific correlations/semantics remain
Stefano legacy,lf,base_rating,15,16,second-year-update legacy,second-year-update legacy,33,0.941678342743805,0.9191883011994095,standardized predictive coefficients; edition-specific correlations/semantics remain
Stefano legacy,lf,base_rating,15,17,second-year-update legacy,second-year-update legacy,33,0.9420976988779196,0.9196362508398009,standardized predictive coefficients; edition-specific correlations/semantics remain
Stefano legacy,lf,base_rating,15,18,second-year-update legacy,second-year-update legacy,33,0.9420338703127527,0.9195176673593574,standardized predictive coefficients; edition-specific correlations/semantics remain
Stefano legacy,lf,base_rating,15,19,second-year-update legacy,second-year-update legacy,33,0.9408745438029357,0.9179240279341606,standardized predictive coefficients; edition-specific correlations/semantics remain
Stefano legacy,lf,base_rating,15,20,second-year-update legacy,second-year-update legacy,33,0.942148232713267,0.9196091863474255,standardized predictive coefficients; edition-specific correlations/semantics remain
Stefano legacy,lf,base_rating,15,21,second-year-update legacy,second-year-update legacy,33,0.9417178394915451,0.9190691833961204,standardized predictive coefficients; edition-specific correlations/semantics remain
Stefano legacy,lf,base_rating,15,22,second-year-update legacy,second-year-update legacy,33,0.9418818520829436,0.9193071552169356,standardized predictive coefficients; edition-specific correlations/semantics remain
Stefano legacy,lf,base_rating,15,23,second-year-update legacy,second-year-update legacy,33,0.941695279312185,0.9190312257978519,standardized predictive coefficients; edition-specific correlations/semantics remain
Stefano legacy,lf,base_rating,16,17,second-year-update legacy,second-year-update legacy,33,0.9999040685639768,0.9998700510976685,standardized predictive coefficients; edition-specific correlations/semantics remain
Stefano legacy,lf,base_rating,16,18,second-year-update legacy,second-year-update legacy,33,0.9999082315351392,0.9998765220750935,standardized predictive coefficients; edition-specific correlations/semantics remain
Stefano legacy,lf,base_rating,16,19,second-year-update legacy,second-year-update legacy,33,0.9999226419383449,0.9998956006566408,standardized predictive coefficients; edition-specific correlations/semantics remain
Stefano legacy,lf,base_rating,16,20,second-year-update legacy,second-year-update legacy,33,0.9999185894190766,0.99989312644548,standardized predictive coefficients; edition-specific correlations/semantics remain
Stefano legacy,lf,base_rating,16,21,second-year-update legacy,second-year-update legacy,33,0.9999369993950492,0.9999161902487851,standardized predictive coefficients; edition-specific correlations/semantics remain
Stefano legacy,lf,base_rating,16,22,second-year-update legacy,second-year-update legacy,33,0.9998727132730421,0.9998277380934368,standardized predictive coefficients; edition-specific correlations/semantics remain
Stefano legacy,lf,base_rating,16,23,second-year-update legacy,second-year-update legacy,33,0.9999327039738483,0.9999104930471758,standardized predictive coefficients; edition-specific correlations/semantics remain
Stefano legacy,lf,base_rating,17,18,second-year-update legacy,second-year-update legacy,34,0.9999561587274396,0.9999404323732072,standardized predictive coefficients; edition-specific correlations/semantics remain
Stefano legacy,lf,base_rating,17,19,second-year-update legacy,second-year-update legacy,34,0.9999340464611766,0.9999104415082698,standardized predictive coefficients; edition-specific correlations/semantics remain
Stefano legacy,lf,base_rating,17,20,second-year-update legacy,second-year-update legacy,34,0.9999297609205322,0.9999048879990886,standardized predictive coefficients; edition-specific correlations/semantics remain
Stefano legacy,lf,base_rating,17,21,second-year-update legacy,second-year-update legacy,34,0.99992754602207,0.9999015759718209,standardized predictive coefficients; edition-specific correlations/semantics remain
Stefano legacy,lf,base_rating,17,22,second-year-update legacy,second-year-update legacy,34,0.9999066863336452,0.9998732199930247,standardized predictive coefficients; edition-specific correlations/semantics remain
Stefano legacy,lf,base_rating,17,23,second-year-update legacy,second-year-update legacy,34,0.9999391109350864,0.9999172853082003,standardized predictive coefficients; edition-specific correlations/semantics remain
Stefano legacy,lf,base_rating,18,19,second-year-update legacy,second-year-update legacy,34,0.9999336625777314,0.9999099466398226,standardized predictive coefficients; edition-specific correlations/semantics remain
Stefano legacy,lf,base_rating,18,20,second-year-update legacy,second-year-update legacy,34,0.9999230767315352,0.9998957224025173,standardized predictive coefficients; edition-specific correlations/semantics remain
Stefano legacy,lf,base_rating,18,21,second-year-update legacy,second-year-update legacy,34,0.999935077458712,0.9999118237815955,standardized predictive coefficients; edition-specific correlations/semantics remain
Stefano legacy,lf,base_rating,18,22,second-year-update legacy,second-year-update legacy,34,0.9998391488698491,0.9997814597939865,standardized predictive coefficients; edition-specific correlations/semantics remain
Stefano legacy,lf,base_rating,18,23,second-year-update legacy,second-year-update legacy,34,0.9999262444513548,0.9998998178497864,standardized predictive coefficients; edition-specific correlations/semantics remain
Stefano legacy,lf,base_rating,19,20,second-year-update legacy,second-year-update legacy,34,0.9999498128276809,0.999932446201716,standardized predictive coefficients; edition-specific correlations/semantics remain
Stefano legacy,lf,base_rating,19,21,second-year-update legacy,second-year-update legacy,34,0.9999565057977506,0.9999409240202398,standardized predictive coefficients; edition-specific correlations/semantics remain
Stefano legacy,lf,base_rating,19,22,second-year-update legacy,second-year-update legacy,34,0.9998653570099407,0.9998171108907189,standardized predictive coefficients; edition-specific correlations/semantics remain
Stefano legacy,lf,base_rating,19,23,second-year-update legacy,second-year-update legacy,34,0.9999447910422065,0.9999250118151726,standardized predictive coefficients; edition-specific correlations/semantics remain
Stefano legacy,lf,base_rating,20,21,second-year-update legacy,second-year-update legacy,34,0.9999519528839586,0.9999352168178003,standardized predictive coefficients; edition-specific correlations/semantics remain
Stefano legacy,lf,base_rating,20,22,second-year-update legacy,second-year-update legacy,34,0.999932721294383,0.9999089937202151,standardized predictive coefficients; edition-specific correlations/semantics remain
Stefano legacy,lf,base_rating,20,23,second-year-update legacy,second-year-update legacy,34,0.9999688451297515,0.999958161409642,standardized predictive coefficients; edition-specific correlations/semantics remain
Stefano legacy,lf,base_rating,21,22,second-year-update legacy,second-year-update legacy,34,0.9999052741290271,0.9998713118177752,standardized predictive coefficients; edition-specific correlations/semantics remain
Stefano legacy,lf,base_rating,21,23,second-year-update legacy,second-year-update legacy,34,0.9999593950091906,0.9999448373733942,standardized predictive coefficients; edition-specific correlations/semantics remain
Stefano legacy,lf,base_rating,22,23,second-year-update legacy,second-year-update legacy,34,0.9999213379575272,0.9998931336578718,standardized predictive coefficients; edition-specific correlations/semantics remain
Stefano legacy,lf,signed_modifier_explicit_only,15,16,second-year-update legacy,second-year-update legacy,33,0.631552925230972,0.6201627403445281,standardized predictive coefficients; edition-specific correlations/semantics remain
Stefano legacy,lf,signed_modifier_explicit_only,15,17,second-year-update legacy,second-year-update legacy,33,0.7156195891089878,0.7000727099366195,standardized predictive coefficients; edition-specific correlations/semantics remain
Stefano legacy,lf,signed_modifier_explicit_only,15,18,second-year-update legacy,second-year-update legacy,33,0.7438843034618715,0.7294893434366075,standardized predictive coefficients; edition-specific correlations/semantics remain
Stefano legacy,lf,signed_modifier_explicit_only,15,19,second-year-update legacy,second-year-update legacy,33,0.33083702493105527,0.2707191919897327,standardized predictive coefficients; edition-specific correlations/semantics remain
Stefano legacy,lf,signed_modifier_explicit_only,15,20,second-year-update legacy,second-year-update legacy,33,0.678352089617284,0.6651245952381327,standardized predictive coefficients; edition-specific correlations/semantics remain
Stefano legacy,lf,signed_modifier_explicit_only,15,21,second-year-update legacy,second-year-update legacy,33,-0.1014323688806698,-0.14604660860413335,standardized predictive coefficients; edition-specific correlations/semantics remain
Stefano legacy,lf,signed_modifier_explicit_only,15,22,second-year-update legacy,second-year-update legacy,33,0.3434119534688171,0.3178408874989168,standardized predictive coefficients; edition-specific correlations/semantics remain
Stefano legacy,lf,signed_modifier_explicit_only,15,23,second-year-update legacy,second-year-update legacy,33,0.04136098744736913,0.04625311098280504,standardized predictive coefficients; edition-specific correlations/semantics remain
Stefano legacy,lf,signed_modifier_explicit_only,16,17,second-year-update legacy,second-year-update legacy,33,0.7043267935552913,0.6957126517101276,standardized predictive coefficients; edition-specific correlations/semantics remain
Stefano legacy,lf,signed_modifier_explicit_only,16,18,second-year-update legacy,second-year-update legacy,33,0.7239335480074204,0.7160136718819554,standardized predictive coefficients; edition-specific correlations/semantics remain
Stefano legacy,lf,signed_modifier_explicit_only,16,19,second-year-update legacy,second-year-update legacy,33,0.28042258096115097,0.2473640514321922,standardized predictive coefficients; edition-specific correlations/semantics remain
Stefano legacy,lf,signed_modifier_explicit_only,16,20,second-year-update legacy,second-year-update legacy,33,0.45039919350535373,0.43511156997060446,standardized predictive coefficients; edition-specific correlations/semantics remain
Stefano legacy,lf,signed_modifier_explicit_only,16,21,second-year-update legacy,second-year-update legacy,33,-0.331358917345398,-0.3617040693246957,standardized predictive coefficients; edition-specific correlations/semantics remain
Stefano legacy,lf,signed_modifier_explicit_only,16,22,second-year-update legacy,second-year-update legacy,33,0.04449250812417095,0.02140701369864651,standardized predictive coefficients; edition-specific correlations/semantics remain
Stefano legacy,lf,signed_modifier_explicit_only,16,23,second-year-update legacy,second-year-update legacy,33,-0.16310744869947946,-0.16311960358879776,standardized predictive coefficients; edition-specific correlations/semantics remain
Stefano legacy,lf,signed_modifier_explicit_only,17,18,second-year-update legacy,second-year-update legacy,34,0.7711570250942088,0.7573923982031034,standardized predictive coefficients; edition-specific correlations/semantics remain
Stefano legacy,lf,signed_modifier_explicit_only,17,19,second-year-update legacy,second-year-update legacy,34,0.243557526133905,0.19696104974233988,standardized predictive coefficients; edition-specific correlations/semantics remain
Stefano legacy,lf,signed_modifier_explicit_only,17,20,second-year-update legacy,second-year-update legacy,34,0.5474067118211217,0.5276389208287618,standardized predictive coefficients; edition-specific correlations/semantics remain
Stefano legacy,lf,signed_modifier_explicit_only,17,21,second-year-update legacy,second-year-update legacy,34,-0.08097142490715376,-0.10388438067188405,standardized predictive coefficients; edition-specific correlations/semantics remain
Stefano legacy,lf,signed_modifier_explicit_only,17,22,second-year-update legacy,second-year-update legacy,34,0.30623961343965994,0.28316223688200887,standardized predictive coefficients; edition-specific correlations/semantics remain
Stefano legacy,lf,signed_modifier_explicit_only,17,23,second-year-update legacy,second-year-update legacy,34,-0.05047098981113184,-0.05098313415760002,standardized predictive coefficients; edition-specific correlations/semantics remain
Stefano legacy,lf,signed_modifier_explicit_only,18,19,second-year-update legacy,second-year-update legacy,34,0.3829949941447675,0.3394005363317756,standardized predictive coefficients; edition-specific correlations/semantics remain
Stefano legacy,lf,signed_modifier_explicit_only,18,20,second-year-update legacy,second-year-update legacy,34,0.6132079973341457,0.5950640406650173,standardized predictive coefficients; edition-specific correlations/semantics remain
Stefano legacy,lf,signed_modifier_explicit_only,18,21,second-year-update legacy,second-year-update legacy,34,-0.24396600626821238,-0.2768033812366391,standardized predictive coefficients; edition-specific correlations/semantics remain
Stefano legacy,lf,signed_modifier_explicit_only,18,22,second-year-update legacy,second-year-update legacy,34,0.34789584213067515,0.32425427854291533,standardized predictive coefficients; edition-specific correlations/semantics remain
Stefano legacy,lf,signed_modifier_explicit_only,18,23,second-year-update legacy,second-year-update legacy,34,-0.020292637866248776,-0.020042585942128814,standardized predictive coefficients; edition-specific correlations/semantics remain
Stefano legacy,lf,signed_modifier_explicit_only,19,20,second-year-update legacy,second-year-update legacy,34,0.26083408352703225,0.22385931670148024,standardized predictive coefficients; edition-specific correlations/semantics remain
Stefano legacy,lf,signed_modifier_explicit_only,19,21,second-year-update legacy,second-year-update legacy,34,0.22782764812586462,0.21331592944664515,standardized predictive coefficients; edition-specific correlations/semantics remain
Stefano legacy,lf,signed_modifier_explicit_only,19,22,second-year-update legacy,second-year-update legacy,34,0.26088342101081213,0.2332724012489343,standardized predictive coefficients; edition-specific correlations/semantics remain
Stefano legacy,lf,signed_modifier_explicit_only,19,23,second-year-update legacy,second-year-update legacy,34,-0.22160186738284968,-0.22832391144181535,standardized predictive coefficients; edition-specific correlations/semantics remain
Stefano legacy,lf,signed_modifier_explicit_only,20,21,second-year-update legacy,second-year-update legacy,34,-0.19165168978572641,-0.21274532156394438,standardized predictive coefficients; edition-specific correlations/semantics remain
Stefano legacy,lf,signed_modifier_explicit_only,20,22,second-year-update legacy,second-year-update legacy,34,0.2604368511469362,0.23947732977761318,standardized predictive coefficients; edition-specific correlations/semantics remain
Stefano legacy,lf,signed_modifier_explicit_only,20,23,second-year-update legacy,second-year-update legacy,34,-0.06155008978415936,-0.06198349579383265,standardized predictive coefficients; edition-specific correlations/semantics remain
Stefano legacy,lf,signed_modifier_explicit_only,21,22,second-year-update legacy,second-year-update legacy,34,0.27577160141002366,0.2667900402234031,standardized predictive coefficients; edition-specific correlations/semantics remain
Stefano legacy,lf,signed_modifier_explicit_only,21,23,second-year-update legacy,second-year-update legacy,34,-0.17675140899566583,-0.17711703691988975,standardized predictive coefficients; edition-specific correlations/semantics remain
Stefano legacy,lf,signed_modifier_explicit_only,22,23,second-year-update legacy,second-year-update legacy,34,0.0513736172936657,0.05248029724558743,standardized predictive coefficients; edition-specific correlations/semantics remain
Stefano legacy,cf,base_rating,15,16,second-year-update legacy,second-year-update legacy,33,0.941678342743805,0.9191883011994095,standardized predictive coefficients; edition-specific correlations/semantics remain
Stefano legacy,cf,base_rating,15,17,second-year-update legacy,second-year-update legacy,33,0.9420976988779196,0.9196362508398009,standardized predictive coefficients; edition-specific correlations/semantics remain
Stefano legacy,cf,base_rating,15,18,second-year-update legacy,second-year-update legacy,33,0.9420338703127527,0.9195176673593574,standardized predictive coefficients; edition-specific correlations/semantics remain
Stefano legacy,cf,base_rating,15,19,second-year-update legacy,second-year-update legacy,33,0.9408745438029357,0.9179240279341606,standardized predictive coefficients; edition-specific correlations/semantics remain
Stefano legacy,cf,base_rating,15,20,second-year-update legacy,second-year-update legacy,33,0.942148232713267,0.9196091863474255,standardized predictive coefficients; edition-specific correlations/semantics remain
Stefano legacy,cf,base_rating,15,21,second-year-update legacy,second-year-update legacy,33,0.9417178394915451,0.9190691833961204,standardized predictive coefficients; edition-specific correlations/semantics remain
Stefano legacy,cf,base_rating,15,22,second-year-update legacy,second-year-update legacy,33,0.9418818520829436,0.9193071552169356,standardized predictive coefficients; edition-specific correlations/semantics remain
Stefano legacy,cf,base_rating,15,23,second-year-update legacy,second-year-update legacy,33,0.941695279312185,0.9190312257978519,standardized predictive coefficients; edition-specific correlations/semantics remain
Stefano legacy,cf,base_rating,16,17,second-year-update legacy,second-year-update legacy,33,0.9999040685639768,0.9998700510976685,standardized predictive coefficients; edition-specific correlations/semantics remain
Stefano legacy,cf,base_rating,16,18,second-year-update legacy,second-year-update legacy,33,0.9999082315351392,0.9998765220750935,standardized predictive coefficients; edition-specific correlations/semantics remain
Stefano legacy,cf,base_rating,16,19,second-year-update legacy,second-year-update legacy,33,0.9999226419383449,0.9998956006566408,standardized predictive coefficients; edition-specific correlations/semantics remain
Stefano legacy,cf,base_rating,16,20,second-year-update legacy,second-year-update legacy,33,0.9999185894190766,0.99989312644548,standardized predictive coefficients; edition-specific correlations/semantics remain
Stefano legacy,cf,base_rating,16,21,second-year-update legacy,second-year-update legacy,33,0.9999369993950492,0.9999161902487851,standardized predictive coefficients; edition-specific correlations/semantics remain
Stefano legacy,cf,base_rating,16,22,second-year-update legacy,second-year-update legacy,33,0.9998727132730421,0.9998277380934368,standardized predictive coefficients; edition-specific correlations/semantics remain
Stefano legacy,cf,base_rating,16,23,second-year-update legacy,second-year-update legacy,33,0.9999327039738483,0.9999104930471758,standardized predictive coefficients; edition-specific correlations/semantics remain
Stefano legacy,cf,base_rating,17,18,second-year-update legacy,second-year-update legacy,34,0.9999561587274396,0.9999404323732072,standardized predictive coefficients; edition-specific correlations/semantics remain
Stefano legacy,cf,base_rating,17,19,second-year-update legacy,second-year-update legacy,34,0.9999340464611766,0.9999104415082698,standardized predictive coefficients; edition-specific correlations/semantics remain
Stefano legacy,cf,base_rating,17,20,second-year-update legacy,second-year-update legacy,34,0.9999297609205322,0.9999048879990886,standardized predictive coefficients; edition-specific correlations/semantics remain
Stefano legacy,cf,base_rating,17,21,second-year-update legacy,second-year-update legacy,34,0.99992754602207,0.9999015759718209,standardized predictive coefficients; edition-specific correlations/semantics remain
Stefano legacy,cf,base_rating,17,22,second-year-update legacy,second-year-update legacy,34,0.9999066863336452,0.9998732199930247,standardized predictive coefficients; edition-specific correlations/semantics remain
Stefano legacy,cf,base_rating,17,23,second-year-update legacy,second-year-update legacy,34,0.9999391109350864,0.9999172853082003,standardized predictive coefficients; edition-specific correlations/semantics remain
Stefano legacy,cf,base_rating,18,19,second-year-update legacy,second-year-update legacy,34,0.9999336625777314,0.9999099466398226,standardized predictive coefficients; edition-specific correlations/semantics remain
Stefano legacy,cf,base_rating,18,20,second-year-update legacy,second-year-update legacy,34,0.9999230767315352,0.9998957224025173,standardized predictive coefficients; edition-specific correlations/semantics remain
Stefano legacy,cf,base_rating,18,21,second-year-update legacy,second-year-update legacy,34,0.999935077458712,0.9999118237815955,standardized predictive coefficients; edition-specific correlations/semantics remain
Stefano legacy,cf,base_rating,18,22,second-year-update legacy,second-year-update legacy,34,0.9998391488698491,0.9997814597939865,standardized predictive coefficients; edition-specific correlations/semantics remain
Stefano legacy,cf,base_rating,18,23,second-year-update legacy,second-year-update legacy,34,0.9999262444513548,0.9998998178497864,standardized predictive coefficients; edition-specific correlations/semantics remain
Stefano legacy,cf,base_rating,19,20,second-year-update legacy,second-year-update legacy,34,0.9999498128276809,0.999932446201716,standardized predictive coefficients; edition-specific correlations/semantics remain
Stefano legacy,cf,base_rating,19,21,second-year-update legacy,second-year-update legacy,34,0.9999565057977506,0.9999409240202398,standardized predictive coefficients; edition-specific correlations/semantics remain
Stefano legacy,cf,base_rating,19,22,second-year-update legacy,second-year-update legacy,34,0.9998653570099407,0.9998171108907189,standardized predictive coefficients; edition-specific correlations/semantics remain
Stefano legacy,cf,base_rating,19,23,second-year-update legacy,second-year-update legacy,34,0.9999447910422065,0.9999250118151726,standardized predictive coefficients; edition-specific correlations/semantics remain
Stefano legacy,cf,base_rating,20,21,second-year-update legacy,second-year-update legacy,34,0.9999519528839586,0.9999352168178003,standardized predictive coefficients; edition-specific correlations/semantics remain
Stefano legacy,cf,base_rating,20,22,second-year-update legacy,second-year-update legacy,34,0.999932721294383,0.9999089937202151,standardized predictive coefficients; edition-specific correlations/semantics remain
Stefano legacy,cf,base_rating,20,23,second-year-update legacy,second-year-update legacy,34,0.9999688451297515,0.999958161409642,standardized predictive coefficients; edition-specific correlations/semantics remain
Stefano legacy,cf,base_rating,21,22,second-year-update legacy,second-year-update legacy,34,0.9999052741290271,0.9998713118177752,standardized predictive coefficients; edition-specific correlations/semantics remain
Stefano legacy,cf,base_rating,21,23,second-year-update legacy,second-year-update legacy,34,0.9999593950091906,0.9999448373733942,standardized predictive coefficients; edition-specific correlations/semantics remain
Stefano legacy,cf,base_rating,22,23,second-year-update legacy,second-year-update legacy,34,0.9999213379575272,0.9998931336578718,standardized predictive coefficients; edition-specific correlations/semantics remain
Stefano legacy,cf,signed_modifier_explicit_only,15,16,second-year-update legacy,second-year-update legacy,33,0.631552925230972,0.6201627403445281,standardized predictive coefficients; edition-specific correlations/semantics remain
Stefano legacy,cf,signed_modifier_explicit_only,15,17,second-year-update legacy,second-year-update legacy,33,0.7156195891089878,0.7000727099366195,standardized predictive coefficients; edition-specific correlations/semantics remain
Stefano legacy,cf,signed_modifier_explicit_only,15,18,second-year-update legacy,second-year-update legacy,33,0.7438843034618715,0.7294893434366075,standardized predictive coefficients; edition-specific correlations/semantics remain
Stefano legacy,cf,signed_modifier_explicit_only,15,19,second-year-update legacy,second-year-update legacy,33,0.33083702493105527,0.2707191919897327,standardized predictive coefficients; edition-specific correlations/semantics remain
Stefano legacy,cf,signed_modifier_explicit_only,15,20,second-year-update legacy,second-year-update legacy,33,0.678352089617284,0.6651245952381327,standardized predictive coefficients; edition-specific correlations/semantics remain
Stefano legacy,cf,signed_modifier_explicit_only,15,21,second-year-update legacy,second-year-update legacy,33,-0.1014323688806698,-0.14604660860413335,standardized predictive coefficients; edition-specific correlations/semantics remain
Stefano legacy,cf,signed_modifier_explicit_only,15,22,second-year-update legacy,second-year-update legacy,33,0.3434119534688171,0.3178408874989168,standardized predictive coefficients; edition-specific correlations/semantics remain
Stefano legacy,cf,signed_modifier_explicit_only,15,23,second-year-update legacy,second-year-update legacy,33,0.04136098744736913,0.04625311098280504,standardized predictive coefficients; edition-specific correlations/semantics remain
Stefano legacy,cf,signed_modifier_explicit_only,16,17,second-year-update legacy,second-year-update legacy,33,0.7043267935552913,0.6957126517101276,standardized predictive coefficients; edition-specific correlations/semantics remain
Stefano legacy,cf,signed_modifier_explicit_only,16,18,second-year-update legacy,second-year-update legacy,33,0.7239335480074204,0.7160136718819554,standardized predictive coefficients; edition-specific correlations/semantics remain
Stefano legacy,cf,signed_modifier_explicit_only,16,19,second-year-update legacy,second-year-update legacy,33,0.28042258096115097,0.2473640514321922,standardized predictive coefficients; edition-specific correlations/semantics remain
Stefano legacy,cf,signed_modifier_explicit_only,16,20,second-year-update legacy,second-year-update legacy,33,0.45039919350535373,0.43511156997060446,standardized predictive coefficients; edition-specific correlations/semantics remain
Stefano legacy,cf,signed_modifier_explicit_only,16,21,second-year-update legacy,second-year-update legacy,33,-0.331358917345398,-0.3617040693246957,standardized predictive coefficients; edition-specific correlations/semantics remain
Stefano legacy,cf,signed_modifier_explicit_only,16,22,second-year-update legacy,second-year-update legacy,33,0.04449250812417095,0.02140701369864651,standardized predictive coefficients; edition-specific correlations/semantics remain
Stefano legacy,cf,signed_modifier_explicit_only,16,23,second-year-update legacy,second-year-update legacy,33,-0.16310744869947946,-0.16311960358879776,standardized predictive coefficients; edition-specific correlations/semantics remain
Stefano legacy,cf,signed_modifier_explicit_only,17,18,second-year-update legacy,second-year-update legacy,34,0.7711570250942088,0.7573923982031034,standardized predictive coefficients; edition-specific correlations/semantics remain
Stefano legacy,cf,signed_modifier_explicit_only,17,19,second-year-update legacy,second-year-update legacy,34,0.243557526133905,0.19696104974233988,standardized predictive coefficients; edition-specific correlations/semantics remain
Stefano legacy,cf,signed_modifier_explicit_only,17,20,second-year-update legacy,second-year-update legacy,34,0.5474067118211217,0.5276389208287618,standardized predictive coefficients; edition-specific correlations/semantics remain
Stefano legacy,cf,signed_modifier_explicit_only,17,21,second-year-update legacy,second-year-update legacy,34,-0.08097142490715376,-0.10388438067188405,standardized predictive coefficients; edition-specific correlations/semantics remain
Stefano legacy,cf,signed_modifier_explicit_only,17,22,second-year-update legacy,second-year-update legacy,34,0.30623961343965994,0.28316223688200887,standardized predictive coefficients; edition-specific correlations/semantics remain
Stefano legacy,cf,signed_modifier_explicit_only,17,23,second-year-update legacy,second-year-update legacy,34,-0.05047098981113184,-0.05098313415760002,standardized predictive coefficients; edition-specific correlations/semantics remain
Stefano legacy,cf,signed_modifier_explicit_only,18,19,second-year-update legacy,second-year-update legacy,34,0.3829949941447675,0.3394005363317756,standardized predictive coefficients; edition-specific correlations/semantics remain
Stefano legacy,cf,signed_modifier_explicit_only,18,20,second-year-update legacy,second-year-update legacy,34,0.6132079973341457,0.5950640406650173,standardized predictive coefficients; edition-specific correlations/semantics remain
Stefano legacy,cf,signed_modifier_explicit_only,18,21,second-year-update legacy,second-year-update legacy,34,-0.24396600626821238,-0.2768033812366391,standardized predictive coefficients; edition-specific correlations/semantics remain
Stefano legacy,cf,signed_modifier_explicit_only,18,22,second-year-update legacy,second-year-update legacy,34,0.34789584213067515,0.32425427854291533,standardized predictive coefficients; edition-specific correlations/semantics remain
Stefano legacy,cf,signed_modifier_explicit_only,18,23,second-year-update legacy,second-year-update legacy,34,-0.020292637866248776,-0.020042585942128814,standardized predictive coefficients; edition-specific correlations/semantics remain
Stefano legacy,cf,signed_modifier_explicit_only,19,20,second-year-update legacy,second-year-update legacy,34,0.26083408352703225,0.22385931670148024,standardized predictive coefficients; edition-specific correlations/semantics remain
Stefano legacy,cf,signed_modifier_explicit_only,19,21,second-year-update legacy,second-year-update legacy,34,0.22782764812586462,0.21331592944664515,standardized predictive coefficients; edition-specific correlations/semantics remain
Stefano legacy,cf,signed_modifier_explicit_only,19,22,second-year-update legacy,second-year-update legacy,34,0.26088342101081213,0.2332724012489343,standardized predictive coefficients; edition-specific correlations/semantics remain
Stefano legacy,cf,signed_modifier_explicit_only,19,23,second-year-update legacy,second-year-update legacy,34,-0.22160186738284968,-0.22832391144181535,standardized predictive coefficients; edition-specific correlations/semantics remain
Stefano legacy,cf,signed_modifier_explicit_only,20,21,second-year-update legacy,second-year-update legacy,34,-0.19165168978572641,-0.21274532156394438,standardized predictive coefficients; edition-specific correlations/semantics remain
Stefano legacy,cf,signed_modifier_explicit_only,20,22,second-year-update legacy,second-year-update legacy,34,0.2604368511469362,0.23947732977761318,standardized predictive coefficients; edition-specific correlations/semantics remain
Stefano legacy,cf,signed_modifier_explicit_only,20,23,second-year-update legacy,second-year-update legacy,34,-0.06155008978415936,-0.06198349579383265,standardized predictive coefficients; edition-specific correlations/semantics remain
Stefano legacy,cf,signed_modifier_explicit_only,21,22,second-year-update legacy,second-year-update legacy,34,0.27577160141002366,0.2667900402234031,standardized predictive coefficients; edition-specific correlations/semantics remain
Stefano legacy,cf,signed_modifier_explicit_only,21,23,second-year-update legacy,second-year-update legacy,34,-0.17675140899566583,-0.17711703691988975,standardized predictive coefficients; edition-specific correlations/semantics remain
Stefano legacy,cf,signed_modifier_explicit_only,22,23,second-year-update legacy,second-year-update legacy,34,0.0513736172936657,0.05248029724558743,standardized predictive coefficients; edition-specific correlations/semantics remain
Stefano legacy,rf,base_rating,15,16,second-year-update legacy,second-year-update legacy,33,0.941678342743805,0.9191883011994095,standardized predictive coefficients; edition-specific correlations/semantics remain
Stefano legacy,rf,base_rating,15,17,second-year-update legacy,second-year-update legacy,33,0.9420976988779196,0.9196362508398009,standardized predictive coefficients; edition-specific correlations/semantics remain
Stefano legacy,rf,base_rating,15,18,second-year-update legacy,second-year-update legacy,33,0.9420338703127527,0.9195176673593574,standardized predictive coefficients; edition-specific correlations/semantics remain
Stefano legacy,rf,base_rating,15,19,second-year-update legacy,second-year-update legacy,33,0.9408745438029357,0.9179240279341606,standardized predictive coefficients; edition-specific correlations/semantics remain
Stefano legacy,rf,base_rating,15,20,second-year-update legacy,second-year-update legacy,33,0.942148232713267,0.9196091863474255,standardized predictive coefficients; edition-specific correlations/semantics remain
Stefano legacy,rf,base_rating,15,21,second-year-update legacy,second-year-update legacy,33,0.9417178394915451,0.9190691833961204,standardized predictive coefficients; edition-specific correlations/semantics remain
Stefano legacy,rf,base_rating,15,22,second-year-update legacy,second-year-update legacy,33,0.9418818520829436,0.9193071552169356,standardized predictive coefficients; edition-specific correlations/semantics remain
Stefano legacy,rf,base_rating,15,23,second-year-update legacy,second-year-update legacy,33,0.941695279312185,0.9190312257978519,standardized predictive coefficients; edition-specific correlations/semantics remain
Stefano legacy,rf,base_rating,16,17,second-year-update legacy,second-year-update legacy,33,0.9999040685639768,0.9998700510976685,standardized predictive coefficients; edition-specific correlations/semantics remain
Stefano legacy,rf,base_rating,16,18,second-year-update legacy,second-year-update legacy,33,0.9999082315351392,0.9998765220750935,standardized predictive coefficients; edition-specific correlations/semantics remain
Stefano legacy,rf,base_rating,16,19,second-year-update legacy,second-year-update legacy,33,0.9999226419383449,0.9998956006566408,standardized predictive coefficients; edition-specific correlations/semantics remain
Stefano legacy,rf,base_rating,16,20,second-year-update legacy,second-year-update legacy,33,0.9999185894190766,0.99989312644548,standardized predictive coefficients; edition-specific correlations/semantics remain
Stefano legacy,rf,base_rating,16,21,second-year-update legacy,second-year-update legacy,33,0.9999369993950492,0.9999161902487851,standardized predictive coefficients; edition-specific correlations/semantics remain
Stefano legacy,rf,base_rating,16,22,second-year-update legacy,second-year-update legacy,33,0.9998727132730421,0.9998277380934368,standardized predictive coefficients; edition-specific correlations/semantics remain
Stefano legacy,rf,base_rating,16,23,second-year-update legacy,second-year-update legacy,33,0.9999327039738483,0.9999104930471758,standardized predictive coefficients; edition-specific correlations/semantics remain
Stefano legacy,rf,base_rating,17,18,second-year-update legacy,second-year-update legacy,34,0.9999561587274396,0.9999404323732072,standardized predictive coefficients; edition-specific correlations/semantics remain
Stefano legacy,rf,base_rating,17,19,second-year-update legacy,second-year-update legacy,34,0.9999340464611766,0.9999104415082698,standardized predictive coefficients; edition-specific correlations/semantics remain
Stefano legacy,rf,base_rating,17,20,second-year-update legacy,second-year-update legacy,34,0.9999297609205322,0.9999048879990886,standardized predictive coefficients; edition-specific correlations/semantics remain
Stefano legacy,rf,base_rating,17,21,second-year-update legacy,second-year-update legacy,34,0.99992754602207,0.9999015759718209,standardized predictive coefficients; edition-specific correlations/semantics remain
Stefano legacy,rf,base_rating,17,22,second-year-update legacy,second-year-update legacy,34,0.9999066863336452,0.9998732199930247,standardized predictive coefficients; edition-specific correlations/semantics remain
Stefano legacy,rf,base_rating,17,23,second-year-update legacy,second-year-update legacy,34,0.9999391109350864,0.9999172853082003,standardized predictive coefficients; edition-specific correlations/semantics remain
Stefano legacy,rf,base_rating,18,19,second-year-update legacy,second-year-update legacy,34,0.9999336625777314,0.9999099466398226,standardized predictive coefficients; edition-specific correlations/semantics remain
Stefano legacy,rf,base_rating,18,20,second-year-update legacy,second-year-update legacy,34,0.9999230767315352,0.9998957224025173,standardized predictive coefficients; edition-specific correlations/semantics remain
Stefano legacy,rf,base_rating,18,21,second-year-update legacy,second-year-update legacy,34,0.999935077458712,0.9999118237815955,standardized predictive coefficients; edition-specific correlations/semantics remain
Stefano legacy,rf,base_rating,18,22,second-year-update legacy,second-year-update legacy,34,0.9998391488698491,0.9997814597939865,standardized predictive coefficients; edition-specific correlations/semantics remain
Stefano legacy,rf,base_rating,18,23,second-year-update legacy,second-year-update legacy,34,0.9999262444513548,0.9998998178497864,standardized predictive coefficients; edition-specific correlations/semantics remain
Stefano legacy,rf,base_rating,19,20,second-year-update legacy,second-year-update legacy,34,0.9999498128276809,0.999932446201716,standardized predictive coefficients; edition-specific correlations/semantics remain
Stefano legacy,rf,base_rating,19,21,second-year-update legacy,second-year-update legacy,34,0.9999565057977506,0.9999409240202398,standardized predictive coefficients; edition-specific correlations/semantics remain
Stefano legacy,rf,base_rating,19,22,second-year-update legacy,second-year-update legacy,34,0.9998653570099407,0.9998171108907189,standardized predictive coefficients; edition-specific correlations/semantics remain
Stefano legacy,rf,base_rating,19,23,second-year-update legacy,second-year-update legacy,34,0.9999447910422065,0.9999250118151726,standardized predictive coefficients; edition-specific correlations/semantics remain
Stefano legacy,rf,base_rating,20,21,second-year-update legacy,second-year-update legacy,34,0.9999519528839586,0.9999352168178003,standardized predictive coefficients; edition-specific correlations/semantics remain
Stefano legacy,rf,base_rating,20,22,second-year-update legacy,second-year-update legacy,34,0.999932721294383,0.9999089937202151,standardized predictive coefficients; edition-specific correlations/semantics remain
Stefano legacy,rf,base_rating,20,23,second-year-update legacy,second-year-update legacy,34,0.9999688451297515,0.999958161409642,standardized predictive coefficients; edition-specific correlations/semantics remain
Stefano legacy,rf,base_rating,21,22,second-year-update legacy,second-year-update legacy,34,0.9999052741290271,0.9998713118177752,standardized predictive coefficients; edition-specific correlations/semantics remain
Stefano legacy,rf,base_rating,21,23,second-year-update legacy,second-year-update legacy,34,0.9999593950091906,0.9999448373733942,standardized predictive coefficients; edition-specific correlations/semantics remain
Stefano legacy,rf,base_rating,22,23,second-year-update legacy,second-year-update legacy,34,0.9999213379575272,0.9998931336578718,standardized predictive coefficients; edition-specific correlations/semantics remain
Stefano legacy,rf,signed_modifier_explicit_only,15,16,second-year-update legacy,second-year-update legacy,33,0.631552925230972,0.6201627403445281,standardized predictive coefficients; edition-specific correlations/semantics remain
Stefano legacy,rf,signed_modifier_explicit_only,15,17,second-year-update legacy,second-year-update legacy,33,0.7156195891089878,0.7000727099366195,standardized predictive coefficients; edition-specific correlations/semantics remain
Stefano legacy,rf,signed_modifier_explicit_only,15,18,second-year-update legacy,second-year-update legacy,33,0.7438843034618715,0.7294893434366075,standardized predictive coefficients; edition-specific correlations/semantics remain
Stefano legacy,rf,signed_modifier_explicit_only,15,19,second-year-update legacy,second-year-update legacy,33,0.33083702493105527,0.2707191919897327,standardized predictive coefficients; edition-specific correlations/semantics remain
Stefano legacy,rf,signed_modifier_explicit_only,15,20,second-year-update legacy,second-year-update legacy,33,0.678352089617284,0.6651245952381327,standardized predictive coefficients; edition-specific correlations/semantics remain
Stefano legacy,rf,signed_modifier_explicit_only,15,21,second-year-update legacy,second-year-update legacy,33,-0.1014323688806698,-0.14604660860413335,standardized predictive coefficients; edition-specific correlations/semantics remain
Stefano legacy,rf,signed_modifier_explicit_only,15,22,second-year-update legacy,second-year-update legacy,33,0.3434119534688171,0.3178408874989168,standardized predictive coefficients; edition-specific correlations/semantics remain
Stefano legacy,rf,signed_modifier_explicit_only,15,23,second-year-update legacy,second-year-update legacy,33,0.04136098744736913,0.04625311098280504,standardized predictive coefficients; edition-specific correlations/semantics remain
Stefano legacy,rf,signed_modifier_explicit_only,16,17,second-year-update legacy,second-year-update legacy,33,0.7043267935552913,0.6957126517101276,standardized predictive coefficients; edition-specific correlations/semantics remain
Stefano legacy,rf,signed_modifier_explicit_only,16,18,second-year-update legacy,second-year-update legacy,33,0.7239335480074204,0.7160136718819554,standardized predictive coefficients; edition-specific correlations/semantics remain
Stefano legacy,rf,signed_modifier_explicit_only,16,19,second-year-update legacy,second-year-update legacy,33,0.28042258096115097,0.2473640514321922,standardized predictive coefficients; edition-specific correlations/semantics remain
Stefano legacy,rf,signed_modifier_explicit_only,16,20,second-year-update legacy,second-year-update legacy,33,0.45039919350535373,0.43511156997060446,standardized predictive coefficients; edition-specific correlations/semantics remain
Stefano legacy,rf,signed_modifier_explicit_only,16,21,second-year-update legacy,second-year-update legacy,33,-0.331358917345398,-0.3617040693246957,standardized predictive coefficients; edition-specific correlations/semantics remain
Stefano legacy,rf,signed_modifier_explicit_only,16,22,second-year-update legacy,second-year-update legacy,33,0.04449250812417095,0.02140701369864651,standardized predictive coefficients; edition-specific correlations/semantics remain
Stefano legacy,rf,signed_modifier_explicit_only,16,23,second-year-update legacy,second-year-update legacy,33,-0.16310744869947946,-0.16311960358879776,standardized predictive coefficients; edition-specific correlations/semantics remain
Stefano legacy,rf,signed_modifier_explicit_only,17,18,second-year-update legacy,second-year-update legacy,34,0.7711570250942088,0.7573923982031034,standardized predictive coefficients; edition-specific correlations/semantics remain
Stefano legacy,rf,signed_modifier_explicit_only,17,19,second-year-update legacy,second-year-update legacy,34,0.243557526133905,0.19696104974233988,standardized predictive coefficients; edition-specific correlations/semantics remain
Stefano legacy,rf,signed_modifier_explicit_only,17,20,second-year-update legacy,second-year-update legacy,34,0.5474067118211217,0.5276389208287618,standardized predictive coefficients; edition-specific correlations/semantics remain
Stefano legacy,rf,signed_modifier_explicit_only,17,21,second-year-update legacy,second-year-update legacy,34,-0.08097142490715376,-0.10388438067188405,standardized predictive coefficients; edition-specific correlations/semantics remain
Stefano legacy,rf,signed_modifier_explicit_only,17,22,second-year-update legacy,second-year-update legacy,34,0.30623961343965994,0.28316223688200887,standardized predictive coefficients; edition-specific correlations/semantics remain
Stefano legacy,rf,signed_modifier_explicit_only,17,23,second-year-update legacy,second-year-update legacy,34,-0.05047098981113184,-0.05098313415760002,standardized predictive coefficients; edition-specific correlations/semantics remain
Stefano legacy,rf,signed_modifier_explicit_only,18,19,second-year-update legacy,second-year-update legacy,34,0.3829949941447675,0.3394005363317756,standardized predictive coefficients; edition-specific correlations/semantics remain
Stefano legacy,rf,signed_modifier_explicit_only,18,20,second-year-update legacy,second-year-update legacy,34,0.6132079973341457,0.5950640406650173,standardized predictive coefficients; edition-specific correlations/semantics remain
Stefano legacy,rf,signed_modifier_explicit_only,18,21,second-year-update legacy,second-year-update legacy,34,-0.24396600626821238,-0.2768033812366391,standardized predictive coefficients; edition-specific correlations/semantics remain
Stefano legacy,rf,signed_modifier_explicit_only,18,22,second-year-update legacy,second-year-update legacy,34,0.34789584213067515,0.32425427854291533,standardized predictive coefficients; edition-specific correlations/semantics remain
Stefano legacy,rf,signed_modifier_explicit_only,18,23,second-year-update legacy,second-year-update legacy,34,-0.020292637866248776,-0.020042585942128814,standardized predictive coefficients; edition-specific correlations/semantics remain
Stefano legacy,rf,signed_modifier_explicit_only,19,20,second-year-update legacy,second-year-update legacy,34,0.26083408352703225,0.22385931670148024,standardized predictive coefficients; edition-specific correlations/semantics remain
Stefano legacy,rf,signed_modifier_explicit_only,19,21,second-year-update legacy,second-year-update legacy,34,0.22782764812586462,0.21331592944664515,standardized predictive coefficients; edition-specific correlations/semantics remain
Stefano legacy,rf,signed_modifier_explicit_only,19,22,second-year-update legacy,second-year-update legacy,34,0.26088342101081213,0.2332724012489343,standardized predictive coefficients; edition-specific correlations/semantics remain
Stefano legacy,rf,signed_modifier_explicit_only,19,23,second-year-update legacy,second-year-update legacy,34,-0.22160186738284968,-0.22832391144181535,standardized predictive coefficients; edition-specific correlations/semantics remain
Stefano legacy,rf,signed_modifier_explicit_only,20,21,second-year-update legacy,second-year-update legacy,34,-0.19165168978572641,-0.21274532156394438,standardized predictive coefficients; edition-specific correlations/semantics remain
Stefano legacy,rf,signed_modifier_explicit_only,20,22,second-year-update legacy,second-year-update legacy,34,0.2604368511469362,0.23947732977761318,standardized predictive coefficients; edition-specific correlations/semantics remain
Stefano legacy,rf,signed_modifier_explicit_only,20,23,second-year-update legacy,second-year-update legacy,34,-0.06155008978415936,-0.06198349579383265,standardized predictive coefficients; edition-specific correlations/semantics remain
Stefano legacy,rf,signed_modifier_explicit_only,21,22,second-year-update legacy,second-year-update legacy,34,0.27577160141002366,0.2667900402234031,standardized predictive coefficients; edition-specific correlations/semantics remain
Stefano legacy,rf,signed_modifier_explicit_only,21,23,second-year-update legacy,second-year-update legacy,34,-0.17675140899566583,-0.17711703691988975,standardized predictive coefficients; edition-specific correlations/semantics remain
Stefano legacy,rf,signed_modifier_explicit_only,22,23,second-year-update legacy,second-year-update legacy,34,0.0513736172936657,0.05248029724558743,standardized predictive coefficients; edition-specific correlations/semantics remain
Stefano legacy,rw,base_rating,15,16,second-year-update legacy,second-year-update legacy,33,0.948624790487191,0.929431665130637,standardized predictive coefficients; edition-specific correlations/semantics remain
Stefano legacy,rw,base_rating,15,17,second-year-update legacy,second-year-update legacy,33,0.9490375706155264,0.9299872154569533,standardized predictive coefficients; edition-specific correlations/semantics remain
Stefano legacy,rw,base_rating,15,18,second-year-update legacy,second-year-update legacy,33,0.9497605450303732,0.9309948351377382,standardized predictive coefficients; edition-specific correlations/semantics remain
Stefano legacy,rw,base_rating,15,19,second-year-update legacy,second-year-update legacy,33,0.949887239649247,0.9311828948632033,standardized predictive coefficients; edition-specific correlations/semantics remain
Stefano legacy,rw,base_rating,15,20,second-year-update legacy,second-year-update legacy,33,0.9495892180603405,0.9307301694381254,standardized predictive coefficients; edition-specific correlations/semantics remain
Stefano legacy,rw,base_rating,15,21,second-year-update legacy,second-year-update legacy,33,0.9494445765395866,0.9305378885520837,standardized predictive coefficients; edition-specific correlations/semantics remain
Stefano legacy,rw,base_rating,15,22,second-year-update legacy,second-year-update legacy,33,0.9485884611993909,0.9293686685269729,standardized predictive coefficients; edition-specific correlations/semantics remain
Stefano legacy,rw,base_rating,15,23,second-year-update legacy,second-year-update legacy,33,0.948722331771523,0.9295490284518572,standardized predictive coefficients; edition-specific correlations/semantics remain
Stefano legacy,rw,base_rating,16,17,second-year-update legacy,second-year-update legacy,33,0.9999589509457634,0.9999431802127706,standardized predictive coefficients; edition-specific correlations/semantics remain
Stefano legacy,rw,base_rating,16,18,second-year-update legacy,second-year-update legacy,33,0.9999226585923818,0.9998920336960571,standardized predictive coefficients; edition-specific correlations/semantics remain
Stefano legacy,rw,base_rating,16,19,second-year-update legacy,second-year-update legacy,33,0.9999192956495969,0.9998876592766933,standardized predictive coefficients; edition-specific correlations/semantics remain
Stefano legacy,rw,base_rating,16,20,second-year-update legacy,second-year-update legacy,33,0.9999354734343313,0.9999130751370352,standardized predictive coefficients; edition-specific correlations/semantics remain
Stefano legacy,rw,base_rating,16,21,second-year-update legacy,second-year-update legacy,33,0.9999625456987987,0.999949487846574,standardized predictive coefficients; edition-specific correlations/semantics remain
Stefano legacy,rw,base_rating,16,22,second-year-update legacy,second-year-update legacy,33,0.999947527095544,0.9999271436188707,standardized predictive coefficients; edition-specific correlations/semantics remain
Stefano legacy,rw,base_rating,16,23,second-year-update legacy,second-year-update legacy,33,0.9999123233478235,0.9998783146144857,standardized predictive coefficients; edition-specific correlations/semantics remain
Stefano legacy,rw,base_rating,17,18,second-year-update legacy,second-year-update legacy,34,0.9998957486531286,0.9998561871156398,standardized predictive coefficients; edition-specific correlations/semantics remain
Stefano legacy,rw,base_rating,17,19,second-year-update legacy,second-year-update legacy,34,0.9998803601418268,0.9998373817541438,standardized predictive coefficients; edition-specific correlations/semantics remain
Stefano legacy,rw,base_rating,17,20,second-year-update legacy,second-year-update legacy,34,0.9999168151893238,0.9998855881017633,standardized predictive coefficients; edition-specific correlations/semantics remain
Stefano legacy,rw,base_rating,17,21,second-year-update legacy,second-year-update legacy,34,0.9999449998639445,0.9999239973246159,standardized predictive coefficients; edition-specific correlations/semantics remain
Stefano legacy,rw,base_rating,17,22,second-year-update legacy,second-year-update legacy,34,0.999916286167647,0.9998845120569932,standardized predictive coefficients; edition-specific correlations/semantics remain
Stefano legacy,rw,base_rating,17,23,second-year-update legacy,second-year-update legacy,34,0.9998804346923068,0.9998347585507472,standardized predictive coefficients; edition-specific correlations/semantics remain
Stefano legacy,rw,base_rating,18,19,second-year-update legacy,second-year-update legacy,34,0.9998589157519939,0.999806591234386,standardized predictive coefficients; edition-specific correlations/semantics remain
Stefano legacy,rw,base_rating,18,20,second-year-update legacy,second-year-update legacy,34,0.9999450402676429,0.9999255834643224,standardized predictive coefficients; edition-specific correlations/semantics remain
Stefano legacy,rw,base_rating,18,21,second-year-update legacy,second-year-update legacy,34,0.9999155558314246,0.9998836669111343,standardized predictive coefficients; edition-specific correlations/semantics remain
Stefano legacy,rw,base_rating,18,22,second-year-update legacy,second-year-update legacy,34,0.9998770951258479,0.9998302577450607,standardized predictive coefficients; edition-specific correlations/semantics remain
Stefano legacy,rw,base_rating,18,23,second-year-update legacy,second-year-update legacy,34,0.999905549421948,0.9998697405604811,standardized predictive coefficients; edition-specific correlations/semantics remain
Stefano legacy,rw,base_rating,19,20,second-year-update legacy,second-year-update legacy,34,0.9998923137792661,0.9998569110684817,standardized predictive coefficients; edition-specific correlations/semantics remain
Stefano legacy,rw,base_rating,19,21,second-year-update legacy,second-year-update legacy,34,0.9999329056825211,0.9999103042963864,standardized predictive coefficients; edition-specific correlations/semantics remain
Stefano legacy,rw,base_rating,19,22,second-year-update legacy,second-year-update legacy,34,0.9998971386260199,0.999859445644085,standardized predictive coefficients; edition-specific correlations/semantics remain
Stefano legacy,rw,base_rating,19,23,second-year-update legacy,second-year-update legacy,34,0.9998886425337629,0.9998488635216107,standardized predictive coefficients; edition-specific correlations/semantics remain
Stefano legacy,rw,base_rating,20,21,second-year-update legacy,second-year-update legacy,34,0.9999473411025408,0.9999276181537654,standardized predictive coefficients; edition-specific correlations/semantics remain
Stefano legacy,rw,base_rating,20,22,second-year-update legacy,second-year-update legacy,34,0.9999179170885272,0.9998879629316388,standardized predictive coefficients; edition-specific correlations/semantics remain
Stefano legacy,rw,base_rating,20,23,second-year-update legacy,second-year-update legacy,34,0.9998874655683881,0.9998449765414563,standardized predictive coefficients; edition-specific correlations/semantics remain
Stefano legacy,rw,base_rating,21,22,second-year-update legacy,second-year-update legacy,34,0.9999301668091822,0.9999037945604071,standardized predictive coefficients; edition-specific correlations/semantics remain
Stefano legacy,rw,base_rating,21,23,second-year-update legacy,second-year-update legacy,34,0.9999348773297935,0.9999100020399952,standardized predictive coefficients; edition-specific correlations/semantics remain
Stefano legacy,rw,base_rating,22,23,second-year-update legacy,second-year-update legacy,34,0.9998813022420622,0.9998361903181465,standardized predictive coefficients; edition-specific correlations/semantics remain
Stefano legacy,rw,signed_modifier_explicit_only,15,16,second-year-update legacy,second-year-update legacy,33,0.5466053218968447,0.5291764676678357,standardized predictive coefficients; edition-specific correlations/semantics remain
Stefano legacy,rw,signed_modifier_explicit_only,15,17,second-year-update legacy,second-year-update legacy,33,0.5714294590744092,0.5402372680999257,standardized predictive coefficients; edition-specific correlations/semantics remain
Stefano legacy,rw,signed_modifier_explicit_only,15,18,second-year-update legacy,second-year-update legacy,33,0.5710727801754615,0.5450984699242455,standardized predictive coefficients; edition-specific correlations/semantics remain
Stefano legacy,rw,signed_modifier_explicit_only,15,19,second-year-update legacy,second-year-update legacy,33,0.1623250448979869,0.08501787401521363,standardized predictive coefficients; edition-specific correlations/semantics remain
Stefano legacy,rw,signed_modifier_explicit_only,15,20,second-year-update legacy,second-year-update legacy,33,0.6958338331637473,0.674461277791414,standardized predictive coefficients; edition-specific correlations/semantics remain
Stefano legacy,rw,signed_modifier_explicit_only,15,21,second-year-update legacy,second-year-update legacy,33,-0.005514970612960865,-0.02662607519009668,standardized predictive coefficients; edition-specific correlations/semantics remain
Stefano legacy,rw,signed_modifier_explicit_only,15,22,second-year-update legacy,second-year-update legacy,33,0.13015023731714617,0.1430550995667854,standardized predictive coefficients; edition-specific correlations/semantics remain
Stefano legacy,rw,signed_modifier_explicit_only,15,23,second-year-update legacy,second-year-update legacy,33,-0.04798029573223063,-0.0628291329875022,standardized predictive coefficients; edition-specific correlations/semantics remain
Stefano legacy,rw,signed_modifier_explicit_only,16,17,second-year-update legacy,second-year-update legacy,33,0.7046661429684407,0.6951336361550321,standardized predictive coefficients; edition-specific correlations/semantics remain
Stefano legacy,rw,signed_modifier_explicit_only,16,18,second-year-update legacy,second-year-update legacy,33,0.48196176299320515,0.4630327351079425,standardized predictive coefficients; edition-specific correlations/semantics remain
Stefano legacy,rw,signed_modifier_explicit_only,16,19,second-year-update legacy,second-year-update legacy,33,0.2593294123702709,0.22029890232280547,standardized predictive coefficients; edition-specific correlations/semantics remain
Stefano legacy,rw,signed_modifier_explicit_only,16,20,second-year-update legacy,second-year-update legacy,33,0.511155394679109,0.4920012426787783,standardized predictive coefficients; edition-specific correlations/semantics remain
Stefano legacy,rw,signed_modifier_explicit_only,16,21,second-year-update legacy,second-year-update legacy,33,-0.0657392962245654,-0.0799551917553705,standardized predictive coefficients; edition-specific correlations/semantics remain
Stefano legacy,rw,signed_modifier_explicit_only,16,22,second-year-update legacy,second-year-update legacy,33,0.34062976645183746,0.35070601691658637,standardized predictive coefficients; edition-specific correlations/semantics remain
Stefano legacy,rw,signed_modifier_explicit_only,16,23,second-year-update legacy,second-year-update legacy,33,-0.010006154496955131,-0.018389188914060994,standardized predictive coefficients; edition-specific correlations/semantics remain
Stefano legacy,rw,signed_modifier_explicit_only,17,18,second-year-update legacy,second-year-update legacy,34,0.6242944545241639,0.5935223554532539,standardized predictive coefficients; edition-specific correlations/semantics remain
Stefano legacy,rw,signed_modifier_explicit_only,17,19,second-year-update legacy,second-year-update legacy,34,0.3949543844049571,0.34239970036791545,standardized predictive coefficients; edition-specific correlations/semantics remain
Stefano legacy,rw,signed_modifier_explicit_only,17,20,second-year-update legacy,second-year-update legacy,34,0.5117336926428788,0.47646161326112313,standardized predictive coefficients; edition-specific correlations/semantics remain
Stefano legacy,rw,signed_modifier_explicit_only,17,21,second-year-update legacy,second-year-update legacy,34,0.15184976035665687,0.1347162893215672,standardized predictive coefficients; edition-specific correlations/semantics remain
Stefano legacy,rw,signed_modifier_explicit_only,17,22,second-year-update legacy,second-year-update legacy,34,0.37798940345665555,0.3924241491639133,standardized predictive coefficients; edition-specific correlations/semantics remain
Stefano legacy,rw,signed_modifier_explicit_only,17,23,second-year-update legacy,second-year-update legacy,34,-0.027098881306363565,-0.04267561120378523,standardized predictive coefficients; edition-specific correlations/semantics remain
Stefano legacy,rw,signed_modifier_explicit_only,18,19,second-year-update legacy,second-year-update legacy,34,0.15223067149722902,0.07958533643972994,standardized predictive coefficients; edition-specific correlations/semantics remain
Stefano legacy,rw,signed_modifier_explicit_only,18,20,second-year-update legacy,second-year-update legacy,34,0.5793151553294469,0.5493574937891107,standardized predictive coefficients; edition-specific correlations/semantics remain
Stefano legacy,rw,signed_modifier_explicit_only,18,21,second-year-update legacy,second-year-update legacy,34,0.24326636656402767,0.23024122669064193,standardized predictive coefficients; edition-specific correlations/semantics remain
Stefano legacy,rw,signed_modifier_explicit_only,18,22,second-year-update legacy,second-year-update legacy,34,0.24120184834216055,0.24981727603734702,standardized predictive coefficients; edition-specific correlations/semantics remain
Stefano legacy,rw,signed_modifier_explicit_only,18,23,second-year-update legacy,second-year-update legacy,34,0.18298209843587945,0.17622927240206768,standardized predictive coefficients; edition-specific correlations/semantics remain
Stefano legacy,rw,signed_modifier_explicit_only,19,20,second-year-update legacy,second-year-update legacy,34,0.34966482949074346,0.30047631743171815,standardized predictive coefficients; edition-specific correlations/semantics remain
Stefano legacy,rw,signed_modifier_explicit_only,19,21,second-year-update legacy,second-year-update legacy,34,0.25002244908812904,0.237076481287895,standardized predictive coefficients; edition-specific correlations/semantics remain
Stefano legacy,rw,signed_modifier_explicit_only,19,22,second-year-update legacy,second-year-update legacy,34,0.021204556722736904,0.021150926745286555,standardized predictive coefficients; edition-specific correlations/semantics remain
Stefano legacy,rw,signed_modifier_explicit_only,19,23,second-year-update legacy,second-year-update legacy,34,-0.09915005749618143,-0.11879812492347033,standardized predictive coefficients; edition-specific correlations/semantics remain
Stefano legacy,rw,signed_modifier_explicit_only,20,21,second-year-update legacy,second-year-update legacy,34,0.09850402022945326,0.08102756143620017,standardized predictive coefficients; edition-specific correlations/semantics remain
Stefano legacy,rw,signed_modifier_explicit_only,20,22,second-year-update legacy,second-year-update legacy,34,0.04875539273566978,0.04945352198154963,standardized predictive coefficients; edition-specific correlations/semantics remain
Stefano legacy,rw,signed_modifier_explicit_only,20,23,second-year-update legacy,second-year-update legacy,34,0.004328419969298027,-0.008193286857004392,standardized predictive coefficients; edition-specific correlations/semantics remain
Stefano legacy,rw,signed_modifier_explicit_only,21,22,second-year-update legacy,second-year-update legacy,34,0.06127930019521889,0.061215547851965556,standardized predictive coefficients; edition-specific correlations/semantics remain
Stefano legacy,rw,signed_modifier_explicit_only,21,23,second-year-update legacy,second-year-update legacy,34,0.08550174901613922,0.08175522001165783,standardized predictive coefficients; edition-specific correlations/semantics remain
Stefano legacy,rw,signed_modifier_explicit_only,22,23,second-year-update legacy,second-year-update legacy,34,-0.21756953629347434,-0.21800919607038075,standardized predictive coefficients; edition-specific correlations/semantics remain
Stefano legacy,lam,base_rating,15,16,second-year-update legacy,second-year-update legacy,33,0.964279270458447,0.9511036301812344,standardized predictive coefficients; edition-specific correlations/semantics remain
Stefano legacy,lam,base_rating,15,17,second-year-update legacy,second-year-update legacy,33,0.9649363884147539,0.9521026291054343,standardized predictive coefficients; edition-specific correlations/semantics remain
Stefano legacy,lam,base_rating,15,18,second-year-update legacy,second-year-update legacy,33,0.965303863955985,0.9525887136797415,standardized predictive coefficients; edition-specific correlations/semantics remain
Stefano legacy,lam,base_rating,15,19,second-year-update legacy,second-year-update legacy,33,0.9651544636506847,0.9523858230418343,standardized predictive coefficients; edition-specific correlations/semantics remain
Stefano legacy,lam,base_rating,15,20,second-year-update legacy,second-year-update legacy,33,0.964746112865259,0.9517913304975355,standardized predictive coefficients; edition-specific correlations/semantics remain
Stefano legacy,lam,base_rating,15,21,second-year-update legacy,second-year-update legacy,33,0.9646826563105256,0.9516781143685942,standardized predictive coefficients; edition-specific correlations/semantics remain
Stefano legacy,lam,base_rating,15,22,second-year-update legacy,second-year-update legacy,33,0.9649088240014767,0.952041685261335,standardized predictive coefficients; edition-specific correlations/semantics remain
Stefano legacy,lam,base_rating,15,23,second-year-update legacy,second-year-update legacy,33,0.9647470649052037,0.9518516369785935,standardized predictive coefficients; edition-specific correlations/semantics remain
Stefano legacy,lam,base_rating,16,17,second-year-update legacy,second-year-update legacy,33,0.9999142379970584,0.9998943246207989,standardized predictive coefficients; edition-specific correlations/semantics remain
Stefano legacy,lam,base_rating,16,18,second-year-update legacy,second-year-update legacy,33,0.9998570149378759,0.9998125208601719,standardized predictive coefficients; edition-specific correlations/semantics remain
Stefano legacy,lam,base_rating,16,19,second-year-update legacy,second-year-update legacy,33,0.9998871876660586,0.9998541578268905,standardized predictive coefficients; edition-specific correlations/semantics remain
Stefano legacy,lam,base_rating,16,20,second-year-update legacy,second-year-update legacy,33,0.9999000191809897,0.9998658818308422,standardized predictive coefficients; edition-specific correlations/semantics remain
Stefano legacy,lam,base_rating,16,21,second-year-update legacy,second-year-update legacy,33,0.9998988252947129,0.9998617015022595,standardized predictive coefficients; edition-specific correlations/semantics remain
Stefano legacy,lam,base_rating,16,22,second-year-update legacy,second-year-update legacy,33,0.9998398182949605,0.9997875814036707,standardized predictive coefficients; edition-specific correlations/semantics remain
Stefano legacy,lam,base_rating,16,23,second-year-update legacy,second-year-update legacy,33,0.9998249252663254,0.9997735902146802,standardized predictive coefficients; edition-specific correlations/semantics remain
Stefano legacy,lam,base_rating,17,18,second-year-update legacy,second-year-update legacy,34,0.9999252881683841,0.9998989804205658,standardized predictive coefficients; edition-specific correlations/semantics remain
Stefano legacy,lam,base_rating,17,19,second-year-update legacy,second-year-update legacy,34,0.9999204584931823,0.9998923511578036,standardized predictive coefficients; edition-specific correlations/semantics remain
Stefano legacy,lam,base_rating,17,20,second-year-update legacy,second-year-update legacy,34,0.9999297705974627,0.9999064219462526,standardized predictive coefficients; edition-specific correlations/semantics remain
Stefano legacy,lam,base_rating,17,21,second-year-update legacy,second-year-update legacy,34,0.9999194784887956,0.9998952684038055,standardized predictive coefficients; edition-specific correlations/semantics remain
Stefano legacy,lam,base_rating,17,22,second-year-update legacy,second-year-update legacy,34,0.9999235565893985,0.999896746661605,standardized predictive coefficients; edition-specific correlations/semantics remain
Stefano legacy,lam,base_rating,17,23,second-year-update legacy,second-year-update legacy,34,0.9998684330084735,0.9998222792348751,standardized predictive coefficients; edition-specific correlations/semantics remain
Stefano legacy,lam,base_rating,18,19,second-year-update legacy,second-year-update legacy,34,0.9998995264734564,0.9998641116783088,standardized predictive coefficients; edition-specific correlations/semantics remain
Stefano legacy,lam,base_rating,18,20,second-year-update legacy,second-year-update legacy,34,0.9998871646134821,0.9998479298278388,standardized predictive coefficients; edition-specific correlations/semantics remain
Stefano legacy,lam,base_rating,18,21,second-year-update legacy,second-year-update legacy,34,0.9998707937587218,0.9998279079088869,standardized predictive coefficients; edition-specific correlations/semantics remain
Stefano legacy,lam,base_rating,18,22,second-year-update legacy,second-year-update legacy,34,0.9998871523189007,0.999847203884887,standardized predictive coefficients; edition-specific correlations/semantics remain
Stefano legacy,lam,base_rating,18,23,second-year-update legacy,second-year-update legacy,34,0.9998787025378637,0.9998366092501837,standardized predictive coefficients; edition-specific correlations/semantics remain
Stefano legacy,lam,base_rating,19,20,second-year-update legacy,second-year-update legacy,34,0.9999454244834914,0.999927643167662,standardized predictive coefficients; edition-specific correlations/semantics remain
Stefano legacy,lam,base_rating,19,21,second-year-update legacy,second-year-update legacy,34,0.9999463140227718,0.9999316697799355,standardized predictive coefficients; edition-specific correlations/semantics remain
Stefano legacy,lam,base_rating,19,22,second-year-update legacy,second-year-update legacy,34,0.9999173429781021,0.9998883412564405,standardized predictive coefficients; edition-specific correlations/semantics remain
Stefano legacy,lam,base_rating,19,23,second-year-update legacy,second-year-update legacy,34,0.9999248566279477,0.9998986065117023,standardized predictive coefficients; edition-specific correlations/semantics remain
Stefano legacy,lam,base_rating,20,21,second-year-update legacy,second-year-update legacy,34,0.9999465296447345,0.9999281871166762,standardized predictive coefficients; edition-specific correlations/semantics remain
Stefano legacy,lam,base_rating,20,22,second-year-update legacy,second-year-update legacy,34,0.9999024371074772,0.9998683680880383,standardized predictive coefficients; edition-specific correlations/semantics remain
Stefano legacy,lam,base_rating,20,23,second-year-update legacy,second-year-update legacy,34,0.9998848899088638,0.9998472563552357,standardized predictive coefficients; edition-specific correlations/semantics remain
Stefano legacy,lam,base_rating,21,22,second-year-update legacy,second-year-update legacy,34,0.9998892728652363,0.999852456625523,standardized predictive coefficients; edition-specific correlations/semantics remain
Stefano legacy,lam,base_rating,21,23,second-year-update legacy,second-year-update legacy,34,0.9998560990452472,0.9998118953380695,standardized predictive coefficients; edition-specific correlations/semantics remain
Stefano legacy,lam,base_rating,22,23,second-year-update legacy,second-year-update legacy,34,0.999901717975775,0.9998680123671285,standardized predictive coefficients; edition-specific correlations/semantics remain
Stefano legacy,lam,signed_modifier_explicit_only,15,16,second-year-update legacy,second-year-update legacy,33,0.7250786941657558,0.7164877469895798,standardized predictive coefficients; edition-specific correlations/semantics remain
Stefano legacy,lam,signed_modifier_explicit_only,15,17,second-year-update legacy,second-year-update legacy,33,0.5193554115220794,0.5673086721462941,standardized predictive coefficients; edition-specific correlations/semantics remain
Stefano legacy,lam,signed_modifier_explicit_only,15,18,second-year-update legacy,second-year-update legacy,33,0.6037510141620975,0.6379168358708952,standardized predictive coefficients; edition-specific correlations/semantics remain
Stefano legacy,lam,signed_modifier_explicit_only,15,19,second-year-update legacy,second-year-update legacy,33,0.46267972838621524,0.47456471207895456,standardized predictive coefficients; edition-specific correlations/semantics remain
Stefano legacy,lam,signed_modifier_explicit_only,15,20,second-year-update legacy,second-year-update legacy,33,0.22236806666647724,0.2425895744059123,standardized predictive coefficients; edition-specific correlations/semantics remain
Stefano legacy,lam,signed_modifier_explicit_only,15,21,second-year-update legacy,second-year-update legacy,33,0.3579557806698515,0.3991103637212143,standardized predictive coefficients; edition-specific correlations/semantics remain
Stefano legacy,lam,signed_modifier_explicit_only,15,22,second-year-update legacy,second-year-update legacy,33,0.3379851555792052,0.37820680236441845,standardized predictive coefficients; edition-specific correlations/semantics remain
Stefano legacy,lam,signed_modifier_explicit_only,15,23,second-year-update legacy,second-year-update legacy,33,0.22205524795665532,0.2826648785726622,standardized predictive coefficients; edition-specific correlations/semantics remain
Stefano legacy,lam,signed_modifier_explicit_only,16,17,second-year-update legacy,second-year-update legacy,33,0.6356567815231237,0.6577924751583027,standardized predictive coefficients; edition-specific correlations/semantics remain
Stefano legacy,lam,signed_modifier_explicit_only,16,18,second-year-update legacy,second-year-update legacy,33,0.723848751184871,0.7368135391407584,standardized predictive coefficients; edition-specific correlations/semantics remain
Stefano legacy,lam,signed_modifier_explicit_only,16,19,second-year-update legacy,second-year-update legacy,33,0.5216566946066353,0.5234365676344683,standardized predictive coefficients; edition-specific correlations/semantics remain
Stefano legacy,lam,signed_modifier_explicit_only,16,20,second-year-update legacy,second-year-update legacy,33,0.2470393689964224,0.25571708255647574,standardized predictive coefficients; edition-specific correlations/semantics remain
Stefano legacy,lam,signed_modifier_explicit_only,16,21,second-year-update legacy,second-year-update legacy,33,0.4135702400533161,0.4328965947118219,standardized predictive coefficients; edition-specific correlations/semantics remain
Stefano legacy,lam,signed_modifier_explicit_only,16,22,second-year-update legacy,second-year-update legacy,33,0.43664096366110905,0.456476486098951,standardized predictive coefficients; edition-specific correlations/semantics remain
Stefano legacy,lam,signed_modifier_explicit_only,16,23,second-year-update legacy,second-year-update legacy,33,0.36211997043414823,0.3971027071421905,standardized predictive coefficients; edition-specific correlations/semantics remain
Stefano legacy,lam,signed_modifier_explicit_only,17,18,second-year-update legacy,second-year-update legacy,34,0.8855505750040151,0.8876686274025632,standardized predictive coefficients; edition-specific correlations/semantics remain
Stefano legacy,lam,signed_modifier_explicit_only,17,19,second-year-update legacy,second-year-update legacy,34,0.5389630941365304,0.5426874745998866,standardized predictive coefficients; edition-specific correlations/semantics remain
Stefano legacy,lam,signed_modifier_explicit_only,17,20,second-year-update legacy,second-year-update legacy,34,0.372382092004338,0.37178995324253433,standardized predictive coefficients; edition-specific correlations/semantics remain
Stefano legacy,lam,signed_modifier_explicit_only,17,21,second-year-update legacy,second-year-update legacy,34,0.5356228293714299,0.5339845507377053,standardized predictive coefficients; edition-specific correlations/semantics remain
Stefano legacy,lam,signed_modifier_explicit_only,17,22,second-year-update legacy,second-year-update legacy,34,0.5247210338876955,0.5229394406463068,standardized predictive coefficients; edition-specific correlations/semantics remain
Stefano legacy,lam,signed_modifier_explicit_only,17,23,second-year-update legacy,second-year-update legacy,34,0.5228138484675663,0.5213845121786507,standardized predictive coefficients; edition-specific correlations/semantics remain
Stefano legacy,lam,signed_modifier_explicit_only,18,19,second-year-update legacy,second-year-update legacy,34,0.4580510785260302,0.45789549013132247,standardized predictive coefficients; edition-specific correlations/semantics remain
Stefano legacy,lam,signed_modifier_explicit_only,18,20,second-year-update legacy,second-year-update legacy,34,0.3330295399228596,0.33349794533438615,standardized predictive coefficients; edition-specific correlations/semantics remain
Stefano legacy,lam,signed_modifier_explicit_only,18,21,second-year-update legacy,second-year-update legacy,34,0.5630148550575891,0.5655283032084119,standardized predictive coefficients; edition-specific correlations/semantics remain
Stefano legacy,lam,signed_modifier_explicit_only,18,22,second-year-update legacy,second-year-update legacy,34,0.5063008394548589,0.5090496125371827,standardized predictive coefficients; edition-specific correlations/semantics remain
Stefano legacy,lam,signed_modifier_explicit_only,18,23,second-year-update legacy,second-year-update legacy,34,0.48646051687182446,0.4938121182098021,standardized predictive coefficients; edition-specific correlations/semantics remain
Stefano legacy,lam,signed_modifier_explicit_only,19,20,second-year-update legacy,second-year-update legacy,34,0.6806731365446134,0.6826131654629468,standardized predictive coefficients; edition-specific correlations/semantics remain
Stefano legacy,lam,signed_modifier_explicit_only,19,21,second-year-update legacy,second-year-update legacy,34,0.698567340717927,0.7042531643786987,standardized predictive coefficients; edition-specific correlations/semantics remain
Stefano legacy,lam,signed_modifier_explicit_only,19,22,second-year-update legacy,second-year-update legacy,34,0.7541454665788853,0.7607676066115395,standardized predictive coefficients; edition-specific correlations/semantics remain
Stefano legacy,lam,signed_modifier_explicit_only,19,23,second-year-update legacy,second-year-update legacy,34,0.668942563645781,0.6833404030759243,standardized predictive coefficients; edition-specific correlations/semantics remain
Stefano legacy,lam,signed_modifier_explicit_only,20,21,second-year-update legacy,second-year-update legacy,34,0.8643450935109862,0.8650994814357945,standardized predictive coefficients; edition-specific correlations/semantics remain
Stefano legacy,lam,signed_modifier_explicit_only,20,22,second-year-update legacy,second-year-update legacy,34,0.8510225588845569,0.8520318785429617,standardized predictive coefficients; edition-specific correlations/semantics remain
Stefano legacy,lam,signed_modifier_explicit_only,20,23,second-year-update legacy,second-year-update legacy,34,0.782498858840692,0.7876040290224653,standardized predictive coefficients; edition-specific correlations/semantics remain
Stefano legacy,lam,signed_modifier_explicit_only,21,22,second-year-update legacy,second-year-update legacy,34,0.9490549806004686,0.9488014319913126,standardized predictive coefficients; edition-specific correlations/semantics remain
Stefano legacy,lam,signed_modifier_explicit_only,21,23,second-year-update legacy,second-year-update legacy,34,0.9017073775042804,0.9032075054465536,standardized predictive coefficients; edition-specific correlations/semantics remain
Stefano legacy,lam,signed_modifier_explicit_only,22,23,second-year-update legacy,second-year-update legacy,34,0.9461760508585793,0.9477095733420545,standardized predictive coefficients; edition-specific correlations/semantics remain
Stefano legacy,cam,base_rating,15,16,second-year-update legacy,second-year-update legacy,33,0.964279270458447,0.9511036301812344,standardized predictive coefficients; edition-specific correlations/semantics remain
Stefano legacy,cam,base_rating,15,17,second-year-update legacy,second-year-update legacy,33,0.9649363884147539,0.9521026291054343,standardized predictive coefficients; edition-specific correlations/semantics remain
Stefano legacy,cam,base_rating,15,18,second-year-update legacy,second-year-update legacy,33,0.965303863955985,0.9525887136797415,standardized predictive coefficients; edition-specific correlations/semantics remain
Stefano legacy,cam,base_rating,15,19,second-year-update legacy,second-year-update legacy,33,0.9651544636506847,0.9523858230418343,standardized predictive coefficients; edition-specific correlations/semantics remain
Stefano legacy,cam,base_rating,15,20,second-year-update legacy,second-year-update legacy,33,0.964746112865259,0.9517913304975355,standardized predictive coefficients; edition-specific correlations/semantics remain
Stefano legacy,cam,base_rating,15,21,second-year-update legacy,second-year-update legacy,33,0.9646826563105256,0.9516781143685942,standardized predictive coefficients; edition-specific correlations/semantics remain
Stefano legacy,cam,base_rating,15,22,second-year-update legacy,second-year-update legacy,33,0.9649088240014767,0.952041685261335,standardized predictive coefficients; edition-specific correlations/semantics remain
Stefano legacy,cam,base_rating,15,23,second-year-update legacy,second-year-update legacy,33,0.9647470649052037,0.9518516369785935,standardized predictive coefficients; edition-specific correlations/semantics remain
Stefano legacy,cam,base_rating,16,17,second-year-update legacy,second-year-update legacy,33,0.9999142379970584,0.9998943246207989,standardized predictive coefficients; edition-specific correlations/semantics remain
Stefano legacy,cam,base_rating,16,18,second-year-update legacy,second-year-update legacy,33,0.9998570149378759,0.9998125208601719,standardized predictive coefficients; edition-specific correlations/semantics remain
Stefano legacy,cam,base_rating,16,19,second-year-update legacy,second-year-update legacy,33,0.9998871876660586,0.9998541578268905,standardized predictive coefficients; edition-specific correlations/semantics remain
Stefano legacy,cam,base_rating,16,20,second-year-update legacy,second-year-update legacy,33,0.9999000191809897,0.9998658818308422,standardized predictive coefficients; edition-specific correlations/semantics remain
Stefano legacy,cam,base_rating,16,21,second-year-update legacy,second-year-update legacy,33,0.9998988252947129,0.9998617015022595,standardized predictive coefficients; edition-specific correlations/semantics remain
Stefano legacy,cam,base_rating,16,22,second-year-update legacy,second-year-update legacy,33,0.9998398182949605,0.9997875814036707,standardized predictive coefficients; edition-specific correlations/semantics remain
Stefano legacy,cam,base_rating,16,23,second-year-update legacy,second-year-update legacy,33,0.9998249252663254,0.9997735902146802,standardized predictive coefficients; edition-specific correlations/semantics remain
Stefano legacy,cam,base_rating,17,18,second-year-update legacy,second-year-update legacy,34,0.9999252881683841,0.9998989804205658,standardized predictive coefficients; edition-specific correlations/semantics remain
Stefano legacy,cam,base_rating,17,19,second-year-update legacy,second-year-update legacy,34,0.9999204584931823,0.9998923511578036,standardized predictive coefficients; edition-specific correlations/semantics remain
Stefano legacy,cam,base_rating,17,20,second-year-update legacy,second-year-update legacy,34,0.9999297705974627,0.9999064219462526,standardized predictive coefficients; edition-specific correlations/semantics remain
Stefano legacy,cam,base_rating,17,21,second-year-update legacy,second-year-update legacy,34,0.9999194784887956,0.9998952684038055,standardized predictive coefficients; edition-specific correlations/semantics remain
Stefano legacy,cam,base_rating,17,22,second-year-update legacy,second-year-update legacy,34,0.9999235565893985,0.999896746661605,standardized predictive coefficients; edition-specific correlations/semantics remain
Stefano legacy,cam,base_rating,17,23,second-year-update legacy,second-year-update legacy,34,0.9998684330084735,0.9998222792348751,standardized predictive coefficients; edition-specific correlations/semantics remain
Stefano legacy,cam,base_rating,18,19,second-year-update legacy,second-year-update legacy,34,0.9998995264734564,0.9998641116783088,standardized predictive coefficients; edition-specific correlations/semantics remain
Stefano legacy,cam,base_rating,18,20,second-year-update legacy,second-year-update legacy,34,0.9998871646134821,0.9998479298278388,standardized predictive coefficients; edition-specific correlations/semantics remain
Stefano legacy,cam,base_rating,18,21,second-year-update legacy,second-year-update legacy,34,0.9998707937587218,0.9998279079088869,standardized predictive coefficients; edition-specific correlations/semantics remain
Stefano legacy,cam,base_rating,18,22,second-year-update legacy,second-year-update legacy,34,0.9998871523189007,0.999847203884887,standardized predictive coefficients; edition-specific correlations/semantics remain
Stefano legacy,cam,base_rating,18,23,second-year-update legacy,second-year-update legacy,34,0.9998787025378637,0.9998366092501837,standardized predictive coefficients; edition-specific correlations/semantics remain
Stefano legacy,cam,base_rating,19,20,second-year-update legacy,second-year-update legacy,34,0.9999454244834914,0.999927643167662,standardized predictive coefficients; edition-specific correlations/semantics remain
Stefano legacy,cam,base_rating,19,21,second-year-update legacy,second-year-update legacy,34,0.9999463140227718,0.9999316697799355,standardized predictive coefficients; edition-specific correlations/semantics remain
Stefano legacy,cam,base_rating,19,22,second-year-update legacy,second-year-update legacy,34,0.9999173429781021,0.9998883412564405,standardized predictive coefficients; edition-specific correlations/semantics remain
Stefano legacy,cam,base_rating,19,23,second-year-update legacy,second-year-update legacy,34,0.9999248566279477,0.9998986065117023,standardized predictive coefficients; edition-specific correlations/semantics remain
Stefano legacy,cam,base_rating,20,21,second-year-update legacy,second-year-update legacy,34,0.9999465296447345,0.9999281871166762,standardized predictive coefficients; edition-specific correlations/semantics remain
Stefano legacy,cam,base_rating,20,22,second-year-update legacy,second-year-update legacy,34,0.9999024371074772,0.9998683680880383,standardized predictive coefficients; edition-specific correlations/semantics remain
Stefano legacy,cam,base_rating,20,23,second-year-update legacy,second-year-update legacy,34,0.9998848899088638,0.9998472563552357,standardized predictive coefficients; edition-specific correlations/semantics remain
Stefano legacy,cam,base_rating,21,22,second-year-update legacy,second-year-update legacy,34,0.9998892728652363,0.999852456625523,standardized predictive coefficients; edition-specific correlations/semantics remain
Stefano legacy,cam,base_rating,21,23,second-year-update legacy,second-year-update legacy,34,0.9998560990452472,0.9998118953380695,standardized predictive coefficients; edition-specific correlations/semantics remain
Stefano legacy,cam,base_rating,22,23,second-year-update legacy,second-year-update legacy,34,0.999901717975775,0.9998680123671285,standardized predictive coefficients; edition-specific correlations/semantics remain
Stefano legacy,cam,signed_modifier_explicit_only,15,16,second-year-update legacy,second-year-update legacy,33,0.7250786941657558,0.7164877469895798,standardized predictive coefficients; edition-specific correlations/semantics remain
Stefano legacy,cam,signed_modifier_explicit_only,15,17,second-year-update legacy,second-year-update legacy,33,0.5193554115220794,0.5673086721462941,standardized predictive coefficients; edition-specific correlations/semantics remain
Stefano legacy,cam,signed_modifier_explicit_only,15,18,second-year-update legacy,second-year-update legacy,33,0.6037510141620975,0.6379168358708952,standardized predictive coefficients; edition-specific correlations/semantics remain
Stefano legacy,cam,signed_modifier_explicit_only,15,19,second-year-update legacy,second-year-update legacy,33,0.46267972838621524,0.47456471207895456,standardized predictive coefficients; edition-specific correlations/semantics remain
Stefano legacy,cam,signed_modifier_explicit_only,15,20,second-year-update legacy,second-year-update legacy,33,0.22236806666647724,0.2425895744059123,standardized predictive coefficients; edition-specific correlations/semantics remain
Stefano legacy,cam,signed_modifier_explicit_only,15,21,second-year-update legacy,second-year-update legacy,33,0.3579557806698515,0.3991103637212143,standardized predictive coefficients; edition-specific correlations/semantics remain
Stefano legacy,cam,signed_modifier_explicit_only,15,22,second-year-update legacy,second-year-update legacy,33,0.3379851555792052,0.37820680236441845,standardized predictive coefficients; edition-specific correlations/semantics remain
Stefano legacy,cam,signed_modifier_explicit_only,15,23,second-year-update legacy,second-year-update legacy,33,0.22205524795665532,0.2826648785726622,standardized predictive coefficients; edition-specific correlations/semantics remain
Stefano legacy,cam,signed_modifier_explicit_only,16,17,second-year-update legacy,second-year-update legacy,33,0.6356567815231237,0.6577924751583027,standardized predictive coefficients; edition-specific correlations/semantics remain
Stefano legacy,cam,signed_modifier_explicit_only,16,18,second-year-update legacy,second-year-update legacy,33,0.723848751184871,0.7368135391407584,standardized predictive coefficients; edition-specific correlations/semantics remain
Stefano legacy,cam,signed_modifier_explicit_only,16,19,second-year-update legacy,second-year-update legacy,33,0.5216566946066353,0.5234365676344683,standardized predictive coefficients; edition-specific correlations/semantics remain
Stefano legacy,cam,signed_modifier_explicit_only,16,20,second-year-update legacy,second-year-update legacy,33,0.2470393689964224,0.25571708255647574,standardized predictive coefficients; edition-specific correlations/semantics remain
Stefano legacy,cam,signed_modifier_explicit_only,16,21,second-year-update legacy,second-year-update legacy,33,0.4135702400533161,0.4328965947118219,standardized predictive coefficients; edition-specific correlations/semantics remain
Stefano legacy,cam,signed_modifier_explicit_only,16,22,second-year-update legacy,second-year-update legacy,33,0.43664096366110905,0.456476486098951,standardized predictive coefficients; edition-specific correlations/semantics remain
Stefano legacy,cam,signed_modifier_explicit_only,16,23,second-year-update legacy,second-year-update legacy,33,0.36211997043414823,0.3971027071421905,standardized predictive coefficients; edition-specific correlations/semantics remain
Stefano legacy,cam,signed_modifier_explicit_only,17,18,second-year-update legacy,second-year-update legacy,34,0.8855505750040151,0.8876686274025632,standardized predictive coefficients; edition-specific correlations/semantics remain
Stefano legacy,cam,signed_modifier_explicit_only,17,19,second-year-update legacy,second-year-update legacy,34,0.5389630941365304,0.5426874745998866,standardized predictive coefficients; edition-specific correlations/semantics remain
Stefano legacy,cam,signed_modifier_explicit_only,17,20,second-year-update legacy,second-year-update legacy,34,0.372382092004338,0.37178995324253433,standardized predictive coefficients; edition-specific correlations/semantics remain
Stefano legacy,cam,signed_modifier_explicit_only,17,21,second-year-update legacy,second-year-update legacy,34,0.5356228293714299,0.5339845507377053,standardized predictive coefficients; edition-specific correlations/semantics remain
Stefano legacy,cam,signed_modifier_explicit_only,17,22,second-year-update legacy,second-year-update legacy,34,0.5247210338876955,0.5229394406463068,standardized predictive coefficients; edition-specific correlations/semantics remain
Stefano legacy,cam,signed_modifier_explicit_only,17,23,second-year-update legacy,second-year-update legacy,34,0.5228138484675663,0.5213845121786507,standardized predictive coefficients; edition-specific correlations/semantics remain
Stefano legacy,cam,signed_modifier_explicit_only,18,19,second-year-update legacy,second-year-update legacy,34,0.4580510785260302,0.45789549013132247,standardized predictive coefficients; edition-specific correlations/semantics remain
Stefano legacy,cam,signed_modifier_explicit_only,18,20,second-year-update legacy,second-year-update legacy,34,0.3330295399228596,0.33349794533438615,standardized predictive coefficients; edition-specific correlations/semantics remain
Stefano legacy,cam,signed_modifier_explicit_only,18,21,second-year-update legacy,second-year-update legacy,34,0.5630148550575891,0.5655283032084119,standardized predictive coefficients; edition-specific correlations/semantics remain
Stefano legacy,cam,signed_modifier_explicit_only,18,22,second-year-update legacy,second-year-update legacy,34,0.5063008394548589,0.5090496125371827,standardized predictive coefficients; edition-specific correlations/semantics remain
Stefano legacy,cam,signed_modifier_explicit_only,18,23,second-year-update legacy,second-year-update legacy,34,0.48646051687182446,0.4938121182098021,standardized predictive coefficients; edition-specific correlations/semantics remain
Stefano legacy,cam,signed_modifier_explicit_only,19,20,second-year-update legacy,second-year-update legacy,34,0.6806731365446134,0.6826131654629468,standardized predictive coefficients; edition-specific correlations/semantics remain
Stefano legacy,cam,signed_modifier_explicit_only,19,21,second-year-update legacy,second-year-update legacy,34,0.698567340717927,0.7042531643786987,standardized predictive coefficients; edition-specific correlations/semantics remain
Stefano legacy,cam,signed_modifier_explicit_only,19,22,second-year-update legacy,second-year-update legacy,34,0.7541454665788853,0.7607676066115395,standardized predictive coefficients; edition-specific correlations/semantics remain
Stefano legacy,cam,signed_modifier_explicit_only,19,23,second-year-update legacy,second-year-update legacy,34,0.668942563645781,0.6833404030759243,standardized predictive coefficients; edition-specific correlations/semantics remain
Stefano legacy,cam,signed_modifier_explicit_only,20,21,second-year-update legacy,second-year-update legacy,34,0.8643450935109862,0.8650994814357945,standardized predictive coefficients; edition-specific correlations/semantics remain
Stefano legacy,cam,signed_modifier_explicit_only,20,22,second-year-update legacy,second-year-update legacy,34,0.8510225588845569,0.8520318785429617,standardized predictive coefficients; edition-specific correlations/semantics remain
Stefano legacy,cam,signed_modifier_explicit_only,20,23,second-year-update legacy,second-year-update legacy,34,0.782498858840692,0.7876040290224653,standardized predictive coefficients; edition-specific correlations/semantics remain
Stefano legacy,cam,signed_modifier_explicit_only,21,22,second-year-update legacy,second-year-update legacy,34,0.9490549806004686,0.9488014319913126,standardized predictive coefficients; edition-specific correlations/semantics remain
Stefano legacy,cam,signed_modifier_explicit_only,21,23,second-year-update legacy,second-year-update legacy,34,0.9017073775042804,0.9032075054465536,standardized predictive coefficients; edition-specific correlations/semantics remain
Stefano legacy,cam,signed_modifier_explicit_only,22,23,second-year-update legacy,second-year-update legacy,34,0.9461760508585793,0.9477095733420545,standardized predictive coefficients; edition-specific correlations/semantics remain
Stefano legacy,ram,base_rating,15,16,second-year-update legacy,second-year-update legacy,33,0.964279270458447,0.9511036301812344,standardized predictive coefficients; edition-specific correlations/semantics remain
Stefano legacy,ram,base_rating,15,17,second-year-update legacy,second-year-update legacy,33,0.9649363884147539,0.9521026291054343,standardized predictive coefficients; edition-specific correlations/semantics remain
Stefano legacy,ram,base_rating,15,18,second-year-update legacy,second-year-update legacy,33,0.965303863955985,0.9525887136797415,standardized predictive coefficients; edition-specific correlations/semantics remain
Stefano legacy,ram,base_rating,15,19,second-year-update legacy,second-year-update legacy,33,0.9651544636506847,0.9523858230418343,standardized predictive coefficients; edition-specific correlations/semantics remain
Stefano legacy,ram,base_rating,15,20,second-year-update legacy,second-year-update legacy,33,0.964746112865259,0.9517913304975355,standardized predictive coefficients; edition-specific correlations/semantics remain
Stefano legacy,ram,base_rating,15,21,second-year-update legacy,second-year-update legacy,33,0.9646826563105256,0.9516781143685942,standardized predictive coefficients; edition-specific correlations/semantics remain
Stefano legacy,ram,base_rating,15,22,second-year-update legacy,second-year-update legacy,33,0.9649088240014767,0.952041685261335,standardized predictive coefficients; edition-specific correlations/semantics remain
Stefano legacy,ram,base_rating,15,23,second-year-update legacy,second-year-update legacy,33,0.9647470649052037,0.9518516369785935,standardized predictive coefficients; edition-specific correlations/semantics remain
Stefano legacy,ram,base_rating,16,17,second-year-update legacy,second-year-update legacy,33,0.9999142379970584,0.9998943246207989,standardized predictive coefficients; edition-specific correlations/semantics remain
Stefano legacy,ram,base_rating,16,18,second-year-update legacy,second-year-update legacy,33,0.9998570149378759,0.9998125208601719,standardized predictive coefficients; edition-specific correlations/semantics remain
Stefano legacy,ram,base_rating,16,19,second-year-update legacy,second-year-update legacy,33,0.9998871876660586,0.9998541578268905,standardized predictive coefficients; edition-specific correlations/semantics remain
Stefano legacy,ram,base_rating,16,20,second-year-update legacy,second-year-update legacy,33,0.9999000191809897,0.9998658818308422,standardized predictive coefficients; edition-specific correlations/semantics remain
Stefano legacy,ram,base_rating,16,21,second-year-update legacy,second-year-update legacy,33,0.9998988252947129,0.9998617015022595,standardized predictive coefficients; edition-specific correlations/semantics remain
Stefano legacy,ram,base_rating,16,22,second-year-update legacy,second-year-update legacy,33,0.9998398182949605,0.9997875814036707,standardized predictive coefficients; edition-specific correlations/semantics remain
Stefano legacy,ram,base_rating,16,23,second-year-update legacy,second-year-update legacy,33,0.9998249252663254,0.9997735902146802,standardized predictive coefficients; edition-specific correlations/semantics remain
Stefano legacy,ram,base_rating,17,18,second-year-update legacy,second-year-update legacy,34,0.9999252881683841,0.9998989804205658,standardized predictive coefficients; edition-specific correlations/semantics remain
Stefano legacy,ram,base_rating,17,19,second-year-update legacy,second-year-update legacy,34,0.9999204584931823,0.9998923511578036,standardized predictive coefficients; edition-specific correlations/semantics remain
Stefano legacy,ram,base_rating,17,20,second-year-update legacy,second-year-update legacy,34,0.9999297705974627,0.9999064219462526,standardized predictive coefficients; edition-specific correlations/semantics remain
Stefano legacy,ram,base_rating,17,21,second-year-update legacy,second-year-update legacy,34,0.9999194784887956,0.9998952684038055,standardized predictive coefficients; edition-specific correlations/semantics remain
Stefano legacy,ram,base_rating,17,22,second-year-update legacy,second-year-update legacy,34,0.9999235565893985,0.999896746661605,standardized predictive coefficients; edition-specific correlations/semantics remain
Stefano legacy,ram,base_rating,17,23,second-year-update legacy,second-year-update legacy,34,0.9998684330084735,0.9998222792348751,standardized predictive coefficients; edition-specific correlations/semantics remain
Stefano legacy,ram,base_rating,18,19,second-year-update legacy,second-year-update legacy,34,0.9998995264734564,0.9998641116783088,standardized predictive coefficients; edition-specific correlations/semantics remain
Stefano legacy,ram,base_rating,18,20,second-year-update legacy,second-year-update legacy,34,0.9998871646134821,0.9998479298278388,standardized predictive coefficients; edition-specific correlations/semantics remain
Stefano legacy,ram,base_rating,18,21,second-year-update legacy,second-year-update legacy,34,0.9998707937587218,0.9998279079088869,standardized predictive coefficients; edition-specific correlations/semantics remain
Stefano legacy,ram,base_rating,18,22,second-year-update legacy,second-year-update legacy,34,0.9998871523189007,0.999847203884887,standardized predictive coefficients; edition-specific correlations/semantics remain
Stefano legacy,ram,base_rating,18,23,second-year-update legacy,second-year-update legacy,34,0.9998787025378637,0.9998366092501837,standardized predictive coefficients; edition-specific correlations/semantics remain
Stefano legacy,ram,base_rating,19,20,second-year-update legacy,second-year-update legacy,34,0.9999454244834914,0.999927643167662,standardized predictive coefficients; edition-specific correlations/semantics remain
Stefano legacy,ram,base_rating,19,21,second-year-update legacy,second-year-update legacy,34,0.9999463140227718,0.9999316697799355,standardized predictive coefficients; edition-specific correlations/semantics remain
Stefano legacy,ram,base_rating,19,22,second-year-update legacy,second-year-update legacy,34,0.9999173429781021,0.9998883412564405,standardized predictive coefficients; edition-specific correlations/semantics remain
Stefano legacy,ram,base_rating,19,23,second-year-update legacy,second-year-update legacy,34,0.9999248566279477,0.9998986065117023,standardized predictive coefficients; edition-specific correlations/semantics remain
Stefano legacy,ram,base_rating,20,21,second-year-update legacy,second-year-update legacy,34,0.9999465296447345,0.9999281871166762,standardized predictive coefficients; edition-specific correlations/semantics remain
Stefano legacy,ram,base_rating,20,22,second-year-update legacy,second-year-update legacy,34,0.9999024371074772,0.9998683680880383,standardized predictive coefficients; edition-specific correlations/semantics remain
Stefano legacy,ram,base_rating,20,23,second-year-update legacy,second-year-update legacy,34,0.9998848899088638,0.9998472563552357,standardized predictive coefficients; edition-specific correlations/semantics remain
Stefano legacy,ram,base_rating,21,22,second-year-update legacy,second-year-update legacy,34,0.9998892728652363,0.999852456625523,standardized predictive coefficients; edition-specific correlations/semantics remain
Stefano legacy,ram,base_rating,21,23,second-year-update legacy,second-year-update legacy,34,0.9998560990452472,0.9998118953380695,standardized predictive coefficients; edition-specific correlations/semantics remain
Stefano legacy,ram,base_rating,22,23,second-year-update legacy,second-year-update legacy,34,0.999901717975775,0.9998680123671285,standardized predictive coefficients; edition-specific correlations/semantics remain
Stefano legacy,ram,signed_modifier_explicit_only,15,16,second-year-update legacy,second-year-update legacy,33,0.7250786941657558,0.7164877469895798,standardized predictive coefficients; edition-specific correlations/semantics remain
Stefano legacy,ram,signed_modifier_explicit_only,15,17,second-year-update legacy,second-year-update legacy,33,0.5193554115220794,0.5673086721462941,standardized predictive coefficients; edition-specific correlations/semantics remain
Stefano legacy,ram,signed_modifier_explicit_only,15,18,second-year-update legacy,second-year-update legacy,33,0.6037510141620975,0.6379168358708952,standardized predictive coefficients; edition-specific correlations/semantics remain
Stefano legacy,ram,signed_modifier_explicit_only,15,19,second-year-update legacy,second-year-update legacy,33,0.46267972838621524,0.47456471207895456,standardized predictive coefficients; edition-specific correlations/semantics remain
Stefano legacy,ram,signed_modifier_explicit_only,15,20,second-year-update legacy,second-year-update legacy,33,0.22236806666647724,0.2425895744059123,standardized predictive coefficients; edition-specific correlations/semantics remain
Stefano legacy,ram,signed_modifier_explicit_only,15,21,second-year-update legacy,second-year-update legacy,33,0.3579557806698515,0.3991103637212143,standardized predictive coefficients; edition-specific correlations/semantics remain
Stefano legacy,ram,signed_modifier_explicit_only,15,22,second-year-update legacy,second-year-update legacy,33,0.3379851555792052,0.37820680236441845,standardized predictive coefficients; edition-specific correlations/semantics remain
Stefano legacy,ram,signed_modifier_explicit_only,15,23,second-year-update legacy,second-year-update legacy,33,0.22205524795665532,0.2826648785726622,standardized predictive coefficients; edition-specific correlations/semantics remain
Stefano legacy,ram,signed_modifier_explicit_only,16,17,second-year-update legacy,second-year-update legacy,33,0.6356567815231237,0.6577924751583027,standardized predictive coefficients; edition-specific correlations/semantics remain
Stefano legacy,ram,signed_modifier_explicit_only,16,18,second-year-update legacy,second-year-update legacy,33,0.723848751184871,0.7368135391407584,standardized predictive coefficients; edition-specific correlations/semantics remain
Stefano legacy,ram,signed_modifier_explicit_only,16,19,second-year-update legacy,second-year-update legacy,33,0.5216566946066353,0.5234365676344683,standardized predictive coefficients; edition-specific correlations/semantics remain
Stefano legacy,ram,signed_modifier_explicit_only,16,20,second-year-update legacy,second-year-update legacy,33,0.2470393689964224,0.25571708255647574,standardized predictive coefficients; edition-specific correlations/semantics remain
Stefano legacy,ram,signed_modifier_explicit_only,16,21,second-year-update legacy,second-year-update legacy,33,0.4135702400533161,0.4328965947118219,standardized predictive coefficients; edition-specific correlations/semantics remain
Stefano legacy,ram,signed_modifier_explicit_only,16,22,second-year-update legacy,second-year-update legacy,33,0.43664096366110905,0.456476486098951,standardized predictive coefficients; edition-specific correlations/semantics remain
Stefano legacy,ram,signed_modifier_explicit_only,16,23,second-year-update legacy,second-year-update legacy,33,0.36211997043414823,0.3971027071421905,standardized predictive coefficients; edition-specific correlations/semantics remain
Stefano legacy,ram,signed_modifier_explicit_only,17,18,second-year-update legacy,second-year-update legacy,34,0.8855505750040151,0.8876686274025632,standardized predictive coefficients; edition-specific correlations/semantics remain
Stefano legacy,ram,signed_modifier_explicit_only,17,19,second-year-update legacy,second-year-update legacy,34,0.5389630941365304,0.5426874745998866,standardized predictive coefficients; edition-specific correlations/semantics remain
Stefano legacy,ram,signed_modifier_explicit_only,17,20,second-year-update legacy,second-year-update legacy,34,0.372382092004338,0.37178995324253433,standardized predictive coefficients; edition-specific correlations/semantics remain
Stefano legacy,ram,signed_modifier_explicit_only,17,21,second-year-update legacy,second-year-update legacy,34,0.5356228293714299,0.5339845507377053,standardized predictive coefficients; edition-specific correlations/semantics remain
Stefano legacy,ram,signed_modifier_explicit_only,17,22,second-year-update legacy,second-year-update legacy,34,0.5247210338876955,0.5229394406463068,standardized predictive coefficients; edition-specific correlations/semantics remain
Stefano legacy,ram,signed_modifier_explicit_only,17,23,second-year-update legacy,second-year-update legacy,34,0.5228138484675663,0.5213845121786507,standardized predictive coefficients; edition-specific correlations/semantics remain
Stefano legacy,ram,signed_modifier_explicit_only,18,19,second-year-update legacy,second-year-update legacy,34,0.4580510785260302,0.45789549013132247,standardized predictive coefficients; edition-specific correlations/semantics remain
Stefano legacy,ram,signed_modifier_explicit_only,18,20,second-year-update legacy,second-year-update legacy,34,0.3330295399228596,0.33349794533438615,standardized predictive coefficients; edition-specific correlations/semantics remain
Stefano legacy,ram,signed_modifier_explicit_only,18,21,second-year-update legacy,second-year-update legacy,34,0.5630148550575891,0.5655283032084119,standardized predictive coefficients; edition-specific correlations/semantics remain
Stefano legacy,ram,signed_modifier_explicit_only,18,22,second-year-update legacy,second-year-update legacy,34,0.5063008394548589,0.5090496125371827,standardized predictive coefficients; edition-specific correlations/semantics remain
Stefano legacy,ram,signed_modifier_explicit_only,18,23,second-year-update legacy,second-year-update legacy,34,0.48646051687182446,0.4938121182098021,standardized predictive coefficients; edition-specific correlations/semantics remain
Stefano legacy,ram,signed_modifier_explicit_only,19,20,second-year-update legacy,second-year-update legacy,34,0.6806731365446134,0.6826131654629468,standardized predictive coefficients; edition-specific correlations/semantics remain
Stefano legacy,ram,signed_modifier_explicit_only,19,21,second-year-update legacy,second-year-update legacy,34,0.698567340717927,0.7042531643786987,standardized predictive coefficients; edition-specific correlations/semantics remain
Stefano legacy,ram,signed_modifier_explicit_only,19,22,second-year-update legacy,second-year-update legacy,34,0.7541454665788853,0.7607676066115395,standardized predictive coefficients; edition-specific correlations/semantics remain
Stefano legacy,ram,signed_modifier_explicit_only,19,23,second-year-update legacy,second-year-update legacy,34,0.668942563645781,0.6833404030759243,standardized predictive coefficients; edition-specific correlations/semantics remain
Stefano legacy,ram,signed_modifier_explicit_only,20,21,second-year-update legacy,second-year-update legacy,34,0.8643450935109862,0.8650994814357945,standardized predictive coefficients; edition-specific correlations/semantics remain
Stefano legacy,ram,signed_modifier_explicit_only,20,22,second-year-update legacy,second-year-update legacy,34,0.8510225588845569,0.8520318785429617,standardized predictive coefficients; edition-specific correlations/semantics remain
Stefano legacy,ram,signed_modifier_explicit_only,20,23,second-year-update legacy,second-year-update legacy,34,0.782498858840692,0.7876040290224653,standardized predictive coefficients; edition-specific correlations/semantics remain
Stefano legacy,ram,signed_modifier_explicit_only,21,22,second-year-update legacy,second-year-update legacy,34,0.9490549806004686,0.9488014319913126,standardized predictive coefficients; edition-specific correlations/semantics remain
Stefano legacy,ram,signed_modifier_explicit_only,21,23,second-year-update legacy,second-year-update legacy,34,0.9017073775042804,0.9032075054465536,standardized predictive coefficients; edition-specific correlations/semantics remain
Stefano legacy,ram,signed_modifier_explicit_only,22,23,second-year-update legacy,second-year-update legacy,34,0.9461760508585793,0.9477095733420545,standardized predictive coefficients; edition-specific correlations/semantics remain
Stefano legacy,lm,base_rating,15,16,second-year-update legacy,second-year-update legacy,33,0.9537876849918002,0.9349576626770383,standardized predictive coefficients; edition-specific correlations/semantics remain
Stefano legacy,lm,base_rating,15,17,second-year-update legacy,second-year-update legacy,33,0.9541320141554734,0.9354685050537056,standardized predictive coefficients; edition-specific correlations/semantics remain
Stefano legacy,lm,base_rating,15,18,second-year-update legacy,second-year-update legacy,33,0.9541042662066569,0.9354351635499977,standardized predictive coefficients; edition-specific correlations/semantics remain
Stefano legacy,lm,base_rating,15,19,second-year-update legacy,second-year-update legacy,33,0.9536894832379755,0.9348356333913214,standardized predictive coefficients; edition-specific correlations/semantics remain
Stefano legacy,lm,base_rating,15,20,second-year-update legacy,second-year-update legacy,33,0.9541986543557656,0.9355566638615416,standardized predictive coefficients; edition-specific correlations/semantics remain
Stefano legacy,lm,base_rating,15,21,second-year-update legacy,second-year-update legacy,33,0.9542998968745805,0.9356747342230306,standardized predictive coefficients; edition-specific correlations/semantics remain
Stefano legacy,lm,base_rating,15,22,second-year-update legacy,second-year-update legacy,33,0.9536690900125371,0.9348231235744389,standardized predictive coefficients; edition-specific correlations/semantics remain
Stefano legacy,lm,base_rating,15,23,second-year-update legacy,second-year-update legacy,33,0.9536522461793532,0.9348436755466073,standardized predictive coefficients; edition-specific correlations/semantics remain
Stefano legacy,lm,base_rating,16,17,second-year-update legacy,second-year-update legacy,33,0.9998902357129175,0.9998446592154291,standardized predictive coefficients; edition-specific correlations/semantics remain
Stefano legacy,lm,base_rating,16,18,second-year-update legacy,second-year-update legacy,33,0.9999139371346106,0.9998791619413065,standardized predictive coefficients; edition-specific correlations/semantics remain
Stefano legacy,lm,base_rating,16,19,second-year-update legacy,second-year-update legacy,33,0.9999393707967987,0.9999140427786467,standardized predictive coefficients; edition-specific correlations/semantics remain
Stefano legacy,lm,base_rating,16,20,second-year-update legacy,second-year-update legacy,33,0.9998357219635463,0.999766270645382,standardized predictive coefficients; edition-specific correlations/semantics remain
Stefano legacy,lm,base_rating,16,21,second-year-update legacy,second-year-update legacy,33,0.9999332258928537,0.999904692466597,standardized predictive coefficients; edition-specific correlations/semantics remain
Stefano legacy,lm,base_rating,16,22,second-year-update legacy,second-year-update legacy,33,0.9999116761617687,0.9998761748374368,standardized predictive coefficients; edition-specific correlations/semantics remain
Stefano legacy,lm,base_rating,16,23,second-year-update legacy,second-year-update legacy,33,0.9998833177608204,0.9998442147424982,standardized predictive coefficients; edition-specific correlations/semantics remain
Stefano legacy,lm,base_rating,17,18,second-year-update legacy,second-year-update legacy,34,0.9999222545859067,0.9998906336071991,standardized predictive coefficients; edition-specific correlations/semantics remain
Stefano legacy,lm,base_rating,17,19,second-year-update legacy,second-year-update legacy,34,0.9998539092614628,0.9997944107301361,standardized predictive coefficients; edition-specific correlations/semantics remain
Stefano legacy,lm,base_rating,17,20,second-year-update legacy,second-year-update legacy,34,0.9998835276790361,0.9998360334072907,standardized predictive coefficients; edition-specific correlations/semantics remain
Stefano legacy,lm,base_rating,17,21,second-year-update legacy,second-year-update legacy,34,0.9998915227445132,0.9998489665067338,standardized predictive coefficients; edition-specific correlations/semantics remain
Stefano legacy,lm,base_rating,17,22,second-year-update legacy,second-year-update legacy,34,0.9999313920480248,0.999903535222014,standardized predictive coefficients; edition-specific correlations/semantics remain
Stefano legacy,lm,base_rating,17,23,second-year-update legacy,second-year-update legacy,34,0.9999347378923258,0.9999116559539233,standardized predictive coefficients; edition-specific correlations/semantics remain
Stefano legacy,lm,base_rating,18,19,second-year-update legacy,second-year-update legacy,34,0.9998414490271967,0.9997772904291172,standardized predictive coefficients; edition-specific correlations/semantics remain
Stefano legacy,lm,base_rating,18,20,second-year-update legacy,second-year-update legacy,34,0.9999435689423439,0.9999209103397917,standardized predictive coefficients; edition-specific correlations/semantics remain
Stefano legacy,lm,base_rating,18,21,second-year-update legacy,second-year-update legacy,34,0.9999441503813105,0.9999241146598891,standardized predictive coefficients; edition-specific correlations/semantics remain
Stefano legacy,lm,base_rating,18,22,second-year-update legacy,second-year-update legacy,34,0.9998653059798897,0.9998104133694345,standardized predictive coefficients; edition-specific correlations/semantics remain
Stefano legacy,lm,base_rating,18,23,second-year-update legacy,second-year-update legacy,34,0.9998780533996039,0.9998309385105691,standardized predictive coefficients; edition-specific correlations/semantics remain
Stefano legacy,lm,base_rating,19,20,second-year-update legacy,second-year-update legacy,34,0.9997689829016749,0.9996744988139138,standardized predictive coefficients; edition-specific correlations/semantics remain
Stefano legacy,lm,base_rating,19,21,second-year-update legacy,second-year-update legacy,34,0.9998693318088707,0.9998165501601955,standardized predictive coefficients; edition-specific correlations/semantics remain
Stefano legacy,lm,base_rating,19,22,second-year-update legacy,second-year-update legacy,34,0.9999018759683173,0.9998624827180715,standardized predictive coefficients; edition-specific correlations/semantics remain
Stefano legacy,lm,base_rating,19,23,second-year-update legacy,second-year-update legacy,34,0.9998846694487366,0.99984313839291,standardized predictive coefficients; edition-specific correlations/semantics remain
Stefano legacy,lm,base_rating,20,21,second-year-update legacy,second-year-update legacy,34,0.9999108601219259,0.999875441206892,standardized predictive coefficients; edition-specific correlations/semantics remain
Stefano legacy,lm,base_rating,20,22,second-year-update legacy,second-year-update legacy,34,0.9998197953591466,0.9997466773241847,standardized predictive coefficients; edition-specific correlations/semantics remain
Stefano legacy,lm,base_rating,20,23,second-year-update legacy,second-year-update legacy,34,0.9998506859720865,0.9997946499561372,standardized predictive coefficients; edition-specific correlations/semantics remain
Stefano legacy,lm,base_rating,21,22,second-year-update legacy,second-year-update legacy,34,0.9998750620005044,0.9998269170289206,standardized predictive coefficients; edition-specific correlations/semantics remain
Stefano legacy,lm,base_rating,21,23,second-year-update legacy,second-year-update legacy,34,0.9998400075671598,0.9997851902266458,standardized predictive coefficients; edition-specific correlations/semantics remain
Stefano legacy,lm,base_rating,22,23,second-year-update legacy,second-year-update legacy,34,0.9999444727066877,0.9999241727111343,standardized predictive coefficients; edition-specific correlations/semantics remain
Stefano legacy,lm,signed_modifier_explicit_only,15,16,second-year-update legacy,second-year-update legacy,33,0.5395385064477474,0.5224070891955548,standardized predictive coefficients; edition-specific correlations/semantics remain
Stefano legacy,lm,signed_modifier_explicit_only,15,17,second-year-update legacy,second-year-update legacy,33,0.36986434747688296,0.4244266949642383,standardized predictive coefficients; edition-specific correlations/semantics remain
Stefano legacy,lm,signed_modifier_explicit_only,15,18,second-year-update legacy,second-year-update legacy,33,0.3988262865150706,0.4463936585907527,standardized predictive coefficients; edition-specific correlations/semantics remain
Stefano legacy,lm,signed_modifier_explicit_only,15,19,second-year-update legacy,second-year-update legacy,33,0.4330071773047489,0.44304642627972685,standardized predictive coefficients; edition-specific correlations/semantics remain
Stefano legacy,lm,signed_modifier_explicit_only,15,20,second-year-update legacy,second-year-update legacy,33,0.31546454488721865,0.35884675793670995,standardized predictive coefficients; edition-specific correlations/semantics remain
Stefano legacy,lm,signed_modifier_explicit_only,15,21,second-year-update legacy,second-year-update legacy,33,0.19452990773625195,0.24221246780869757,standardized predictive coefficients; edition-specific correlations/semantics remain
Stefano legacy,lm,signed_modifier_explicit_only,15,22,second-year-update legacy,second-year-update legacy,33,0.22545108673512346,0.27616904128907316,standardized predictive coefficients; edition-specific correlations/semantics remain
Stefano legacy,lm,signed_modifier_explicit_only,15,23,second-year-update legacy,second-year-update legacy,33,0.16975370677327067,0.24432521675524146,standardized predictive coefficients; edition-specific correlations/semantics remain
Stefano legacy,lm,signed_modifier_explicit_only,16,17,second-year-update legacy,second-year-update legacy,33,0.6280920074257272,0.6640882950078127,standardized predictive coefficients; edition-specific correlations/semantics remain
Stefano legacy,lm,signed_modifier_explicit_only,16,18,second-year-update legacy,second-year-update legacy,33,0.6001634777900634,0.6294813064122204,standardized predictive coefficients; edition-specific correlations/semantics remain
Stefano legacy,lm,signed_modifier_explicit_only,16,19,second-year-update legacy,second-year-update legacy,33,0.5751783573003029,0.5791990731470585,standardized predictive coefficients; edition-specific correlations/semantics remain
Stefano legacy,lm,signed_modifier_explicit_only,16,20,second-year-update legacy,second-year-update legacy,33,0.3705797248181013,0.3951301545651423,standardized predictive coefficients; edition-specific correlations/semantics remain
Stefano legacy,lm,signed_modifier_explicit_only,16,21,second-year-update legacy,second-year-update legacy,33,0.2813368907568712,0.3104484787773676,standardized predictive coefficients; edition-specific correlations/semantics remain
Stefano legacy,lm,signed_modifier_explicit_only,16,22,second-year-update legacy,second-year-update legacy,33,0.38454306966278223,0.41712892636172294,standardized predictive coefficients; edition-specific correlations/semantics remain
Stefano legacy,lm,signed_modifier_explicit_only,16,23,second-year-update legacy,second-year-update legacy,33,0.3036624079106932,0.3532126037948671,standardized predictive coefficients; edition-specific correlations/semantics remain
Stefano legacy,lm,signed_modifier_explicit_only,17,18,second-year-update legacy,second-year-update legacy,34,0.8864091301225373,0.8864062809046823,standardized predictive coefficients; edition-specific correlations/semantics remain
Stefano legacy,lm,signed_modifier_explicit_only,17,19,second-year-update legacy,second-year-update legacy,34,0.586841302107732,0.5964475486918352,standardized predictive coefficients; edition-specific correlations/semantics remain
Stefano legacy,lm,signed_modifier_explicit_only,17,20,second-year-update legacy,second-year-update legacy,34,0.5963908571541536,0.5920947294884081,standardized predictive coefficients; edition-specific correlations/semantics remain
Stefano legacy,lm,signed_modifier_explicit_only,17,21,second-year-update legacy,second-year-update legacy,34,0.5364308916313737,0.5295173728955368,standardized predictive coefficients; edition-specific correlations/semantics remain
Stefano legacy,lm,signed_modifier_explicit_only,17,22,second-year-update legacy,second-year-update legacy,34,0.5986097185832231,0.5925603789756313,standardized predictive coefficients; edition-specific correlations/semantics remain
Stefano legacy,lm,signed_modifier_explicit_only,17,23,second-year-update legacy,second-year-update legacy,34,0.5873833480985006,0.5806206090406292,standardized predictive coefficients; edition-specific correlations/semantics remain
Stefano legacy,lm,signed_modifier_explicit_only,18,19,second-year-update legacy,second-year-update legacy,34,0.588766009157641,0.5939552872443576,standardized predictive coefficients; edition-specific correlations/semantics remain
Stefano legacy,lm,signed_modifier_explicit_only,18,20,second-year-update legacy,second-year-update legacy,34,0.628127579979852,0.6259360527417563,standardized predictive coefficients; edition-specific correlations/semantics remain
Stefano legacy,lm,signed_modifier_explicit_only,18,21,second-year-update legacy,second-year-update legacy,34,0.5396737737905652,0.5366357033200119,standardized predictive coefficients; edition-specific correlations/semantics remain
Stefano legacy,lm,signed_modifier_explicit_only,18,22,second-year-update legacy,second-year-update legacy,34,0.6086880068509728,0.6064831150276221,standardized predictive coefficients; edition-specific correlations/semantics remain
Stefano legacy,lm,signed_modifier_explicit_only,18,23,second-year-update legacy,second-year-update legacy,34,0.5413994603643173,0.5411085543946058,standardized predictive coefficients; edition-specific correlations/semantics remain
Stefano legacy,lm,signed_modifier_explicit_only,19,20,second-year-update legacy,second-year-update legacy,34,0.7647685705645707,0.7736406199610024,standardized predictive coefficients; edition-specific correlations/semantics remain
Stefano legacy,lm,signed_modifier_explicit_only,19,21,second-year-update legacy,second-year-update legacy,34,0.6775560963138616,0.6907629033220357,standardized predictive coefficients; edition-specific correlations/semantics remain
Stefano legacy,lm,signed_modifier_explicit_only,19,22,second-year-update legacy,second-year-update legacy,34,0.724855169396249,0.7389951754998935,standardized predictive coefficients; edition-specific correlations/semantics remain
Stefano legacy,lm,signed_modifier_explicit_only,19,23,second-year-update legacy,second-year-update legacy,34,0.6023676949816619,0.6293523721283177,standardized predictive coefficients; edition-specific correlations/semantics remain
Stefano legacy,lm,signed_modifier_explicit_only,20,21,second-year-update legacy,second-year-update legacy,34,0.9505000415167371,0.9505616007848045,standardized predictive coefficients; edition-specific correlations/semantics remain
Stefano legacy,lm,signed_modifier_explicit_only,20,22,second-year-update legacy,second-year-update legacy,34,0.9370289843621787,0.9370023968636975,standardized predictive coefficients; edition-specific correlations/semantics remain
Stefano legacy,lm,signed_modifier_explicit_only,20,23,second-year-update legacy,second-year-update legacy,34,0.8558400194258612,0.860016381870556,standardized predictive coefficients; edition-specific correlations/semantics remain
Stefano legacy,lm,signed_modifier_explicit_only,21,22,second-year-update legacy,second-year-update legacy,34,0.9507303636304965,0.9498152834036959,standardized predictive coefficients; edition-specific correlations/semantics remain
Stefano legacy,lm,signed_modifier_explicit_only,21,23,second-year-update legacy,second-year-update legacy,34,0.9165120665799356,0.917852254747972,standardized predictive coefficients; edition-specific correlations/semantics remain
Stefano legacy,lm,signed_modifier_explicit_only,22,23,second-year-update legacy,second-year-update legacy,34,0.9394700546928653,0.9413116167515143,standardized predictive coefficients; edition-specific correlations/semantics remain
Stefano legacy,lcm,base_rating,15,16,second-year-update legacy,second-year-update legacy,33,0.9729731472784929,0.9614830486801178,standardized predictive coefficients; edition-specific correlations/semantics remain
Stefano legacy,lcm,base_rating,15,17,second-year-update legacy,second-year-update legacy,33,0.9726992709856369,0.9610237994850681,standardized predictive coefficients; edition-specific correlations/semantics remain
Stefano legacy,lcm,base_rating,15,18,second-year-update legacy,second-year-update legacy,33,0.9729350173312603,0.9614893955713824,standardized predictive coefficients; edition-specific correlations/semantics remain
Stefano legacy,lcm,base_rating,15,19,second-year-update legacy,second-year-update legacy,33,0.9732632069828816,0.9619600359682519,standardized predictive coefficients; edition-specific correlations/semantics remain
Stefano legacy,lcm,base_rating,15,20,second-year-update legacy,second-year-update legacy,33,0.9718146145680371,0.9597751656231259,standardized predictive coefficients; edition-specific correlations/semantics remain
Stefano legacy,lcm,base_rating,15,21,second-year-update legacy,second-year-update legacy,33,0.9729449766052246,0.961358806268833,standardized predictive coefficients; edition-specific correlations/semantics remain
Stefano legacy,lcm,base_rating,15,22,second-year-update legacy,second-year-update legacy,33,0.9712215690292195,0.9590522817251945,standardized predictive coefficients; edition-specific correlations/semantics remain
Stefano legacy,lcm,base_rating,15,23,second-year-update legacy,second-year-update legacy,33,0.9723631959593739,0.9606982778850379,standardized predictive coefficients; edition-specific correlations/semantics remain
Stefano legacy,lcm,base_rating,16,17,second-year-update legacy,second-year-update legacy,33,0.9999371469467546,0.9999125957360315,standardized predictive coefficients; edition-specific correlations/semantics remain
Stefano legacy,lcm,base_rating,16,18,second-year-update legacy,second-year-update legacy,33,0.9999554032741064,0.9999381656324935,standardized predictive coefficients; edition-specific correlations/semantics remain
Stefano legacy,lcm,base_rating,16,19,second-year-update legacy,second-year-update legacy,33,0.9999372027211098,0.999912473027052,standardized predictive coefficients; edition-specific correlations/semantics remain
Stefano legacy,lcm,base_rating,16,20,second-year-update legacy,second-year-update legacy,33,0.9999281682912743,0.9998990856373104,standardized predictive coefficients; edition-specific correlations/semantics remain
Stefano legacy,lcm,base_rating,16,21,second-year-update legacy,second-year-update legacy,33,0.9999306541233326,0.9999043802024613,standardized predictive coefficients; edition-specific correlations/semantics remain
Stefano legacy,lcm,base_rating,16,22,second-year-update legacy,second-year-update legacy,33,0.9998838134998363,0.9998372619569564,standardized predictive coefficients; edition-specific correlations/semantics remain
Stefano legacy,lcm,base_rating,16,23,second-year-update legacy,second-year-update legacy,33,0.9998893532209093,0.9998459703982497,standardized predictive coefficients; edition-specific correlations/semantics remain
Stefano legacy,lcm,base_rating,17,18,second-year-update legacy,second-year-update legacy,34,0.9999098751215313,0.9998795552613999,standardized predictive coefficients; edition-specific correlations/semantics remain
Stefano legacy,lcm,base_rating,17,19,second-year-update legacy,second-year-update legacy,34,0.9998734583901248,0.9998291491440944,standardized predictive coefficients; edition-specific correlations/semantics remain
Stefano legacy,lcm,base_rating,17,20,second-year-update legacy,second-year-update legacy,34,0.9998797599682931,0.9998316876232961,standardized predictive coefficients; edition-specific correlations/semantics remain
Stefano legacy,lcm,base_rating,17,21,second-year-update legacy,second-year-update legacy,34,0.9999124607625172,0.9998771524080163,standardized predictive coefficients; edition-specific correlations/semantics remain
Stefano legacy,lcm,base_rating,17,22,second-year-update legacy,second-year-update legacy,34,0.9998658400528743,0.9998215071194252,standardized predictive coefficients; edition-specific correlations/semantics remain
Stefano legacy,lcm,base_rating,17,23,second-year-update legacy,second-year-update legacy,34,0.9998164493904693,0.9997551888277086,standardized predictive coefficients; edition-specific correlations/semantics remain
Stefano legacy,lcm,base_rating,18,19,second-year-update legacy,second-year-update legacy,34,0.9999448745231649,0.9999229438383482,standardized predictive coefficients; edition-specific correlations/semantics remain
Stefano legacy,lcm,base_rating,18,20,second-year-update legacy,second-year-update legacy,34,0.9999163872032282,0.9998862378078767,standardized predictive coefficients; edition-specific correlations/semantics remain
Stefano legacy,lcm,base_rating,18,21,second-year-update legacy,second-year-update legacy,34,0.9999448466392797,0.9999287099446988,standardized predictive coefficients; edition-specific correlations/semantics remain
Stefano legacy,lcm,base_rating,18,22,second-year-update legacy,second-year-update legacy,34,0.9998984437262299,0.9998584920690301,standardized predictive coefficients; edition-specific correlations/semantics remain
Stefano legacy,lcm,base_rating,18,23,second-year-update legacy,second-year-update legacy,34,0.9999205395722126,0.9998901302000314,standardized predictive coefficients; edition-specific correlations/semantics remain
Stefano legacy,lcm,base_rating,19,20,second-year-update legacy,second-year-update legacy,34,0.9999218381052872,0.9998943281755981,standardized predictive coefficients; edition-specific correlations/semantics remain
Stefano legacy,lcm,base_rating,19,21,second-year-update legacy,second-year-update legacy,34,0.9999467870664476,0.9999320324061628,standardized predictive coefficients; edition-specific correlations/semantics remain
Stefano legacy,lcm,base_rating,19,22,second-year-update legacy,second-year-update legacy,34,0.999867631146937,0.9998153065923926,standardized predictive coefficients; edition-specific correlations/semantics remain
Stefano legacy,lcm,base_rating,19,23,second-year-update legacy,second-year-update legacy,34,0.9998876150696612,0.9998439047843158,standardized predictive coefficients; edition-specific correlations/semantics remain
Stefano legacy,lcm,base_rating,20,21,second-year-update legacy,second-year-update legacy,34,0.9999120224740906,0.9998769812431866,standardized predictive coefficients; edition-specific correlations/semantics remain
Stefano legacy,lcm,base_rating,20,22,second-year-update legacy,second-year-update legacy,34,0.9998505779498095,0.9997969763384678,standardized predictive coefficients; edition-specific correlations/semantics remain
Stefano legacy,lcm,base_rating,20,23,second-year-update legacy,second-year-update legacy,34,0.9998690707801696,0.9998251690708194,standardized predictive coefficients; edition-specific correlations/semantics remain
Stefano legacy,lcm,base_rating,21,22,second-year-update legacy,second-year-update legacy,34,0.9999065386023385,0.9998787001305895,standardized predictive coefficients; edition-specific correlations/semantics remain
Stefano legacy,lcm,base_rating,21,23,second-year-update legacy,second-year-update legacy,34,0.9999011758326412,0.9998740161131539,standardized predictive coefficients; edition-specific correlations/semantics remain
Stefano legacy,lcm,base_rating,22,23,second-year-update legacy,second-year-update legacy,34,0.9998740884090838,0.9998243534889714,standardized predictive coefficients; edition-specific correlations/semantics remain
Stefano legacy,lcm,signed_modifier_explicit_only,15,16,second-year-update legacy,second-year-update legacy,33,0.5858079416685997,0.5816468062277352,standardized predictive coefficients; edition-specific correlations/semantics remain
Stefano legacy,lcm,signed_modifier_explicit_only,15,17,second-year-update legacy,second-year-update legacy,33,0.15811559706402975,0.1926093785714992,standardized predictive coefficients; edition-specific correlations/semantics remain
Stefano legacy,lcm,signed_modifier_explicit_only,15,18,second-year-update legacy,second-year-update legacy,33,0.14045808877027868,0.1861435916143881,standardized predictive coefficients; edition-specific correlations/semantics remain
Stefano legacy,lcm,signed_modifier_explicit_only,15,19,second-year-update legacy,second-year-update legacy,33,0.32459632577233183,0.32500762413972656,standardized predictive coefficients; edition-specific correlations/semantics remain
Stefano legacy,lcm,signed_modifier_explicit_only,15,20,second-year-update legacy,second-year-update legacy,33,0.4756933208308894,0.5383271813368447,standardized predictive coefficients; edition-specific correlations/semantics remain
Stefano legacy,lcm,signed_modifier_explicit_only,15,21,second-year-update legacy,second-year-update legacy,33,0.48524933470947,0.5757205323036693,standardized predictive coefficients; edition-specific correlations/semantics remain
Stefano legacy,lcm,signed_modifier_explicit_only,15,22,second-year-update legacy,second-year-update legacy,33,0.4527333262727138,0.5334707954444008,standardized predictive coefficients; edition-specific correlations/semantics remain
Stefano legacy,lcm,signed_modifier_explicit_only,15,23,second-year-update legacy,second-year-update legacy,33,0.4246306925351612,0.511111323372048,standardized predictive coefficients; edition-specific correlations/semantics remain
Stefano legacy,lcm,signed_modifier_explicit_only,16,17,second-year-update legacy,second-year-update legacy,33,0.6364799977781201,0.653057035394964,standardized predictive coefficients; edition-specific correlations/semantics remain
Stefano legacy,lcm,signed_modifier_explicit_only,16,18,second-year-update legacy,second-year-update legacy,33,0.5958439528630367,0.6187008494350111,standardized predictive coefficients; edition-specific correlations/semantics remain
Stefano legacy,lcm,signed_modifier_explicit_only,16,19,second-year-update legacy,second-year-update legacy,33,0.4948131420171489,0.4931037733795206,standardized predictive coefficients; edition-specific correlations/semantics remain
Stefano legacy,lcm,signed_modifier_explicit_only,16,20,second-year-update legacy,second-year-update legacy,33,0.5983970867570706,0.6208104031776072,standardized predictive coefficients; edition-specific correlations/semantics remain
Stefano legacy,lcm,signed_modifier_explicit_only,16,21,second-year-update legacy,second-year-update legacy,33,0.5648219537379613,0.60122729509655,standardized predictive coefficients; edition-specific correlations/semantics remain
Stefano legacy,lcm,signed_modifier_explicit_only,16,22,second-year-update legacy,second-year-update legacy,33,0.5553560665005455,0.5873078524310844,standardized predictive coefficients; edition-specific correlations/semantics remain
Stefano legacy,lcm,signed_modifier_explicit_only,16,23,second-year-update legacy,second-year-update legacy,33,0.5302895291482788,0.565782836829207,standardized predictive coefficients; edition-specific correlations/semantics remain
Stefano legacy,lcm,signed_modifier_explicit_only,17,18,second-year-update legacy,second-year-update legacy,34,0.9335815915621372,0.9336042913825708,standardized predictive coefficients; edition-specific correlations/semantics remain
Stefano legacy,lcm,signed_modifier_explicit_only,17,19,second-year-update legacy,second-year-update legacy,34,0.5913952823197163,0.5997647805271691,standardized predictive coefficients; edition-specific correlations/semantics remain
Stefano legacy,lcm,signed_modifier_explicit_only,17,20,second-year-update legacy,second-year-update legacy,34,0.44482267102571144,0.4421850421839444,standardized predictive coefficients; edition-specific correlations/semantics remain
Stefano legacy,lcm,signed_modifier_explicit_only,17,21,second-year-update legacy,second-year-update legacy,34,0.45215725383208316,0.44939084598242285,standardized predictive coefficients; edition-specific correlations/semantics remain
Stefano legacy,lcm,signed_modifier_explicit_only,17,22,second-year-update legacy,second-year-update legacy,34,0.43445530102684615,0.4313222009152521,standardized predictive coefficients; edition-specific correlations/semantics remain
Stefano legacy,lcm,signed_modifier_explicit_only,17,23,second-year-update legacy,second-year-update legacy,34,0.42030763095092294,0.41722452460395226,standardized predictive coefficients; edition-specific correlations/semantics remain
Stefano legacy,lcm,signed_modifier_explicit_only,18,19,second-year-update legacy,second-year-update legacy,34,0.5595455628304015,0.5712639261538104,standardized predictive coefficients; edition-specific correlations/semantics remain
Stefano legacy,lcm,signed_modifier_explicit_only,18,20,second-year-update legacy,second-year-update legacy,34,0.39764059616032027,0.39309703609411634,standardized predictive coefficients; edition-specific correlations/semantics remain
Stefano legacy,lcm,signed_modifier_explicit_only,18,21,second-year-update legacy,second-year-update legacy,34,0.4651652170664103,0.45912896567103717,standardized predictive coefficients; edition-specific correlations/semantics remain
Stefano legacy,lcm,signed_modifier_explicit_only,18,22,second-year-update legacy,second-year-update legacy,34,0.4265397024032631,0.42021802194175256,standardized predictive coefficients; edition-specific correlations/semantics remain
Stefano legacy,lcm,signed_modifier_explicit_only,18,23,second-year-update legacy,second-year-update legacy,34,0.39483153756926986,0.38738339182280546,standardized predictive coefficients; edition-specific correlations/semantics remain
Stefano legacy,lcm,signed_modifier_explicit_only,19,20,second-year-update legacy,second-year-update legacy,34,0.7132422726370062,0.7265264017297,standardized predictive coefficients; edition-specific correlations/semantics remain
Stefano legacy,lcm,signed_modifier_explicit_only,19,21,second-year-update legacy,second-year-update legacy,34,0.7045851142807535,0.7302021378042481,standardized predictive coefficients; edition-specific correlations/semantics remain
Stefano legacy,lcm,signed_modifier_explicit_only,19,22,second-year-update legacy,second-year-update legacy,34,0.6956256298670026,0.7180178770685665,standardized predictive coefficients; edition-specific correlations/semantics remain
Stefano legacy,lcm,signed_modifier_explicit_only,19,23,second-year-update legacy,second-year-update legacy,34,0.6520747767280376,0.6793223980797817,standardized predictive coefficients; edition-specific correlations/semantics remain
Stefano legacy,lcm,signed_modifier_explicit_only,20,21,second-year-update legacy,second-year-update legacy,34,0.8616542440366457,0.861848738425004,standardized predictive coefficients; edition-specific correlations/semantics remain
Stefano legacy,lcm,signed_modifier_explicit_only,20,22,second-year-update legacy,second-year-update legacy,34,0.9169682138955113,0.9172867226912539,standardized predictive coefficients; edition-specific correlations/semantics remain
Stefano legacy,lcm,signed_modifier_explicit_only,20,23,second-year-update legacy,second-year-update legacy,34,0.8581313933102251,0.8589408720451938,standardized predictive coefficients; edition-specific correlations/semantics remain
Stefano legacy,lcm,signed_modifier_explicit_only,21,22,second-year-update legacy,second-year-update legacy,34,0.9497757185581286,0.9487490949783834,standardized predictive coefficients; edition-specific correlations/semantics remain
Stefano legacy,lcm,signed_modifier_explicit_only,21,23,second-year-update legacy,second-year-update legacy,34,0.9137953365618964,0.9115066514471735,standardized predictive coefficients; edition-specific correlations/semantics remain
Stefano legacy,lcm,signed_modifier_explicit_only,22,23,second-year-update legacy,second-year-update legacy,34,0.9525284638097121,0.9517445400276395,standardized predictive coefficients; edition-specific correlations/semantics remain
Stefano legacy,cm,base_rating,15,16,second-year-update legacy,second-year-update legacy,33,0.9729731472784929,0.9614830486801178,standardized predictive coefficients; edition-specific correlations/semantics remain
Stefano legacy,cm,base_rating,15,17,second-year-update legacy,second-year-update legacy,33,0.9726992709856369,0.9610237994850681,standardized predictive coefficients; edition-specific correlations/semantics remain
Stefano legacy,cm,base_rating,15,18,second-year-update legacy,second-year-update legacy,33,0.9729350173312603,0.9614893955713824,standardized predictive coefficients; edition-specific correlations/semantics remain
Stefano legacy,cm,base_rating,15,19,second-year-update legacy,second-year-update legacy,33,0.9732632069828816,0.9619600359682519,standardized predictive coefficients; edition-specific correlations/semantics remain
Stefano legacy,cm,base_rating,15,20,second-year-update legacy,second-year-update legacy,33,0.9718146145680371,0.9597751656231259,standardized predictive coefficients; edition-specific correlations/semantics remain
Stefano legacy,cm,base_rating,15,21,second-year-update legacy,second-year-update legacy,33,0.9729449766052246,0.961358806268833,standardized predictive coefficients; edition-specific correlations/semantics remain
Stefano legacy,cm,base_rating,15,22,second-year-update legacy,second-year-update legacy,33,0.9712215690292195,0.9590522817251945,standardized predictive coefficients; edition-specific correlations/semantics remain
Stefano legacy,cm,base_rating,15,23,second-year-update legacy,second-year-update legacy,33,0.9723631959593739,0.9606982778850379,standardized predictive coefficients; edition-specific correlations/semantics remain
Stefano legacy,cm,base_rating,16,17,second-year-update legacy,second-year-update legacy,33,0.9999371469467546,0.9999125957360315,standardized predictive coefficients; edition-specific correlations/semantics remain
Stefano legacy,cm,base_rating,16,18,second-year-update legacy,second-year-update legacy,33,0.9999554032741064,0.9999381656324935,standardized predictive coefficients; edition-specific correlations/semantics remain
Stefano legacy,cm,base_rating,16,19,second-year-update legacy,second-year-update legacy,33,0.9999372027211098,0.999912473027052,standardized predictive coefficients; edition-specific correlations/semantics remain
Stefano legacy,cm,base_rating,16,20,second-year-update legacy,second-year-update legacy,33,0.9999281682912743,0.9998990856373104,standardized predictive coefficients; edition-specific correlations/semantics remain
Stefano legacy,cm,base_rating,16,21,second-year-update legacy,second-year-update legacy,33,0.9999306541233326,0.9999043802024613,standardized predictive coefficients; edition-specific correlations/semantics remain
Stefano legacy,cm,base_rating,16,22,second-year-update legacy,second-year-update legacy,33,0.9998838134998363,0.9998372619569564,standardized predictive coefficients; edition-specific correlations/semantics remain
Stefano legacy,cm,base_rating,16,23,second-year-update legacy,second-year-update legacy,33,0.9998893532209093,0.9998459703982497,standardized predictive coefficients; edition-specific correlations/semantics remain
Stefano legacy,cm,base_rating,17,18,second-year-update legacy,second-year-update legacy,34,0.9999098751215313,0.9998795552613999,standardized predictive coefficients; edition-specific correlations/semantics remain
Stefano legacy,cm,base_rating,17,19,second-year-update legacy,second-year-update legacy,34,0.9998734583901248,0.9998291491440944,standardized predictive coefficients; edition-specific correlations/semantics remain
Stefano legacy,cm,base_rating,17,20,second-year-update legacy,second-year-update legacy,34,0.9998797599682931,0.9998316876232961,standardized predictive coefficients; edition-specific correlations/semantics remain
Stefano legacy,cm,base_rating,17,21,second-year-update legacy,second-year-update legacy,34,0.9999124607625172,0.9998771524080163,standardized predictive coefficients; edition-specific correlations/semantics remain
Stefano legacy,cm,base_rating,17,22,second-year-update legacy,second-year-update legacy,34,0.9998658400528743,0.9998215071194252,standardized predictive coefficients; edition-specific correlations/semantics remain
Stefano legacy,cm,base_rating,17,23,second-year-update legacy,second-year-update legacy,34,0.9998164493904693,0.9997551888277086,standardized predictive coefficients; edition-specific correlations/semantics remain
Stefano legacy,cm,base_rating,18,19,second-year-update legacy,second-year-update legacy,34,0.9999448745231649,0.9999229438383482,standardized predictive coefficients; edition-specific correlations/semantics remain
Stefano legacy,cm,base_rating,18,20,second-year-update legacy,second-year-update legacy,34,0.9999163872032282,0.9998862378078767,standardized predictive coefficients; edition-specific correlations/semantics remain
Stefano legacy,cm,base_rating,18,21,second-year-update legacy,second-year-update legacy,34,0.9999448466392797,0.9999287099446988,standardized predictive coefficients; edition-specific correlations/semantics remain
Stefano legacy,cm,base_rating,18,22,second-year-update legacy,second-year-update legacy,34,0.9998984437262299,0.9998584920690301,standardized predictive coefficients; edition-specific correlations/semantics remain
Stefano legacy,cm,base_rating,18,23,second-year-update legacy,second-year-update legacy,34,0.9999205395722126,0.9998901302000314,standardized predictive coefficients; edition-specific correlations/semantics remain
Stefano legacy,cm,base_rating,19,20,second-year-update legacy,second-year-update legacy,34,0.9999218381052872,0.9998943281755981,standardized predictive coefficients; edition-specific correlations/semantics remain
Stefano legacy,cm,base_rating,19,21,second-year-update legacy,second-year-update legacy,34,0.9999467870664476,0.9999320324061628,standardized predictive coefficients; edition-specific correlations/semantics remain
Stefano legacy,cm,base_rating,19,22,second-year-update legacy,second-year-update legacy,34,0.999867631146937,0.9998153065923926,standardized predictive coefficients; edition-specific correlations/semantics remain
Stefano legacy,cm,base_rating,19,23,second-year-update legacy,second-year-update legacy,34,0.9998876150696612,0.9998439047843158,standardized predictive coefficients; edition-specific correlations/semantics remain
Stefano legacy,cm,base_rating,20,21,second-year-update legacy,second-year-update legacy,34,0.9999120224740906,0.9998769812431866,standardized predictive coefficients; edition-specific correlations/semantics remain
Stefano legacy,cm,base_rating,20,22,second-year-update legacy,second-year-update legacy,34,0.9998505779498095,0.9997969763384678,standardized predictive coefficients; edition-specific correlations/semantics remain
Stefano legacy,cm,base_rating,20,23,second-year-update legacy,second-year-update legacy,34,0.9998690707801696,0.9998251690708194,standardized predictive coefficients; edition-specific correlations/semantics remain
Stefano legacy,cm,base_rating,21,22,second-year-update legacy,second-year-update legacy,34,0.9999065386023385,0.9998787001305895,standardized predictive coefficients; edition-specific correlations/semantics remain
Stefano legacy,cm,base_rating,21,23,second-year-update legacy,second-year-update legacy,34,0.9999011758326412,0.9998740161131539,standardized predictive coefficients; edition-specific correlations/semantics remain
Stefano legacy,cm,base_rating,22,23,second-year-update legacy,second-year-update legacy,34,0.9998740884090838,0.9998243534889714,standardized predictive coefficients; edition-specific correlations/semantics remain
Stefano legacy,cm,signed_modifier_explicit_only,15,16,second-year-update legacy,second-year-update legacy,33,0.5858079416685997,0.5816468062277352,standardized predictive coefficients; edition-specific correlations/semantics remain
Stefano legacy,cm,signed_modifier_explicit_only,15,17,second-year-update legacy,second-year-update legacy,33,0.15811559706402975,0.1926093785714992,standardized predictive coefficients; edition-specific correlations/semantics remain
Stefano legacy,cm,signed_modifier_explicit_only,15,18,second-year-update legacy,second-year-update legacy,33,0.14045808877027868,0.1861435916143881,standardized predictive coefficients; edition-specific correlations/semantics remain
Stefano legacy,cm,signed_modifier_explicit_only,15,19,second-year-update legacy,second-year-update legacy,33,0.32459632577233183,0.32500762413972656,standardized predictive coefficients; edition-specific correlations/semantics remain
Stefano legacy,cm,signed_modifier_explicit_only,15,20,second-year-update legacy,second-year-update legacy,33,0.4756933208308894,0.5383271813368447,standardized predictive coefficients; edition-specific correlations/semantics remain
Stefano legacy,cm,signed_modifier_explicit_only,15,21,second-year-update legacy,second-year-update legacy,33,0.48524933470947,0.5757205323036693,standardized predictive coefficients; edition-specific correlations/semantics remain
Stefano legacy,cm,signed_modifier_explicit_only,15,22,second-year-update legacy,second-year-update legacy,33,0.4527333262727138,0.5334707954444008,standardized predictive coefficients; edition-specific correlations/semantics remain
Stefano legacy,cm,signed_modifier_explicit_only,15,23,second-year-update legacy,second-year-update legacy,33,0.4246306925351612,0.511111323372048,standardized predictive coefficients; edition-specific correlations/semantics remain
Stefano legacy,cm,signed_modifier_explicit_only,16,17,second-year-update legacy,second-year-update legacy,33,0.6364799977781201,0.653057035394964,standardized predictive coefficients; edition-specific correlations/semantics remain
Stefano legacy,cm,signed_modifier_explicit_only,16,18,second-year-update legacy,second-year-update legacy,33,0.5958439528630367,0.6187008494350111,standardized predictive coefficients; edition-specific correlations/semantics remain
Stefano legacy,cm,signed_modifier_explicit_only,16,19,second-year-update legacy,second-year-update legacy,33,0.4948131420171489,0.4931037733795206,standardized predictive coefficients; edition-specific correlations/semantics remain
Stefano legacy,cm,signed_modifier_explicit_only,16,20,second-year-update legacy,second-year-update legacy,33,0.5983970867570706,0.6208104031776072,standardized predictive coefficients; edition-specific correlations/semantics remain
Stefano legacy,cm,signed_modifier_explicit_only,16,21,second-year-update legacy,second-year-update legacy,33,0.5648219537379613,0.60122729509655,standardized predictive coefficients; edition-specific correlations/semantics remain
Stefano legacy,cm,signed_modifier_explicit_only,16,22,second-year-update legacy,second-year-update legacy,33,0.5553560665005455,0.5873078524310844,standardized predictive coefficients; edition-specific correlations/semantics remain
Stefano legacy,cm,signed_modifier_explicit_only,16,23,second-year-update legacy,second-year-update legacy,33,0.5302895291482788,0.565782836829207,standardized predictive coefficients; edition-specific correlations/semantics remain
Stefano legacy,cm,signed_modifier_explicit_only,17,18,second-year-update legacy,second-year-update legacy,34,0.9335815915621372,0.9336042913825708,standardized predictive coefficients; edition-specific correlations/semantics remain
Stefano legacy,cm,signed_modifier_explicit_only,17,19,second-year-update legacy,second-year-update legacy,34,0.5913952823197163,0.5997647805271691,standardized predictive coefficients; edition-specific correlations/semantics remain
Stefano legacy,cm,signed_modifier_explicit_only,17,20,second-year-update legacy,second-year-update legacy,34,0.44482267102571144,0.4421850421839444,standardized predictive coefficients; edition-specific correlations/semantics remain
Stefano legacy,cm,signed_modifier_explicit_only,17,21,second-year-update legacy,second-year-update legacy,34,0.45215725383208316,0.44939084598242285,standardized predictive coefficients; edition-specific correlations/semantics remain
Stefano legacy,cm,signed_modifier_explicit_only,17,22,second-year-update legacy,second-year-update legacy,34,0.43445530102684615,0.4313222009152521,standardized predictive coefficients; edition-specific correlations/semantics remain
Stefano legacy,cm,signed_modifier_explicit_only,17,23,second-year-update legacy,second-year-update legacy,34,0.42030763095092294,0.41722452460395226,standardized predictive coefficients; edition-specific correlations/semantics remain
Stefano legacy,cm,signed_modifier_explicit_only,18,19,second-year-update legacy,second-year-update legacy,34,0.5595455628304015,0.5712639261538104,standardized predictive coefficients; edition-specific correlations/semantics remain
Stefano legacy,cm,signed_modifier_explicit_only,18,20,second-year-update legacy,second-year-update legacy,34,0.39764059616032027,0.39309703609411634,standardized predictive coefficients; edition-specific correlations/semantics remain
Stefano legacy,cm,signed_modifier_explicit_only,18,21,second-year-update legacy,second-year-update legacy,34,0.4651652170664103,0.45912896567103717,standardized predictive coefficients; edition-specific correlations/semantics remain
Stefano legacy,cm,signed_modifier_explicit_only,18,22,second-year-update legacy,second-year-update legacy,34,0.4265397024032631,0.42021802194175256,standardized predictive coefficients; edition-specific correlations/semantics remain
Stefano legacy,cm,signed_modifier_explicit_only,18,23,second-year-update legacy,second-year-update legacy,34,0.39483153756926986,0.38738339182280546,standardized predictive coefficients; edition-specific correlations/semantics remain
Stefano legacy,cm,signed_modifier_explicit_only,19,20,second-year-update legacy,second-year-update legacy,34,0.7132422726370062,0.7265264017297,standardized predictive coefficients; edition-specific correlations/semantics remain
Stefano legacy,cm,signed_modifier_explicit_only,19,21,second-year-update legacy,second-year-update legacy,34,0.7045851142807535,0.7302021378042481,standardized predictive coefficients; edition-specific correlations/semantics remain
Stefano legacy,cm,signed_modifier_explicit_only,19,22,second-year-update legacy,second-year-update legacy,34,0.6956256298670026,0.7180178770685665,standardized predictive coefficients; edition-specific correlations/semantics remain
Stefano legacy,cm,signed_modifier_explicit_only,19,23,second-year-update legacy,second-year-update legacy,34,0.6520747767280376,0.6793223980797817,standardized predictive coefficients; edition-specific correlations/semantics remain
Stefano legacy,cm,signed_modifier_explicit_only,20,21,second-year-update legacy,second-year-update legacy,34,0.8616542440366457,0.861848738425004,standardized predictive coefficients; edition-specific correlations/semantics remain
Stefano legacy,cm,signed_modifier_explicit_only,20,22,second-year-update legacy,second-year-update legacy,34,0.9169682138955113,0.9172867226912539,standardized predictive coefficients; edition-specific correlations/semantics remain
Stefano legacy,cm,signed_modifier_explicit_only,20,23,second-year-update legacy,second-year-update legacy,34,0.8581313933102251,0.8589408720451938,standardized predictive coefficients; edition-specific correlations/semantics remain
Stefano legacy,cm,signed_modifier_explicit_only,21,22,second-year-update legacy,second-year-update legacy,34,0.9497757185581286,0.9487490949783834,standardized predictive coefficients; edition-specific correlations/semantics remain
Stefano legacy,cm,signed_modifier_explicit_only,21,23,second-year-update legacy,second-year-update legacy,34,0.9137953365618964,0.9115066514471735,standardized predictive coefficients; edition-specific correlations/semantics remain
Stefano legacy,cm,signed_modifier_explicit_only,22,23,second-year-update legacy,second-year-update legacy,34,0.9525284638097121,0.9517445400276395,standardized predictive coefficients; edition-specific correlations/semantics remain
Stefano legacy,rcm,base_rating,15,16,second-year-update legacy,second-year-update legacy,33,0.9729731472784929,0.9614830486801178,standardized predictive coefficients; edition-specific correlations/semantics remain
Stefano legacy,rcm,base_rating,15,17,second-year-update legacy,second-year-update legacy,33,0.9726992709856369,0.9610237994850681,standardized predictive coefficients; edition-specific correlations/semantics remain
Stefano legacy,rcm,base_rating,15,18,second-year-update legacy,second-year-update legacy,33,0.9729350173312603,0.9614893955713824,standardized predictive coefficients; edition-specific correlations/semantics remain
Stefano legacy,rcm,base_rating,15,19,second-year-update legacy,second-year-update legacy,33,0.9732632069828816,0.9619600359682519,standardized predictive coefficients; edition-specific correlations/semantics remain
Stefano legacy,rcm,base_rating,15,20,second-year-update legacy,second-year-update legacy,33,0.9718146145680371,0.9597751656231259,standardized predictive coefficients; edition-specific correlations/semantics remain
Stefano legacy,rcm,base_rating,15,21,second-year-update legacy,second-year-update legacy,33,0.9729449766052246,0.961358806268833,standardized predictive coefficients; edition-specific correlations/semantics remain
Stefano legacy,rcm,base_rating,15,22,second-year-update legacy,second-year-update legacy,33,0.9712215690292195,0.9590522817251945,standardized predictive coefficients; edition-specific correlations/semantics remain
Stefano legacy,rcm,base_rating,15,23,second-year-update legacy,second-year-update legacy,33,0.9723631959593739,0.9606982778850379,standardized predictive coefficients; edition-specific correlations/semantics remain
Stefano legacy,rcm,base_rating,16,17,second-year-update legacy,second-year-update legacy,33,0.9999371469467546,0.9999125957360315,standardized predictive coefficients; edition-specific correlations/semantics remain
Stefano legacy,rcm,base_rating,16,18,second-year-update legacy,second-year-update legacy,33,0.9999554032741064,0.9999381656324935,standardized predictive coefficients; edition-specific correlations/semantics remain
Stefano legacy,rcm,base_rating,16,19,second-year-update legacy,second-year-update legacy,33,0.9999372027211098,0.999912473027052,standardized predictive coefficients; edition-specific correlations/semantics remain
Stefano legacy,rcm,base_rating,16,20,second-year-update legacy,second-year-update legacy,33,0.9999281682912743,0.9998990856373104,standardized predictive coefficients; edition-specific correlations/semantics remain
Stefano legacy,rcm,base_rating,16,21,second-year-update legacy,second-year-update legacy,33,0.9999306541233326,0.9999043802024613,standardized predictive coefficients; edition-specific correlations/semantics remain
Stefano legacy,rcm,base_rating,16,22,second-year-update legacy,second-year-update legacy,33,0.9998838134998363,0.9998372619569564,standardized predictive coefficients; edition-specific correlations/semantics remain
Stefano legacy,rcm,base_rating,16,23,second-year-update legacy,second-year-update legacy,33,0.9998893532209093,0.9998459703982497,standardized predictive coefficients; edition-specific correlations/semantics remain
Stefano legacy,rcm,base_rating,17,18,second-year-update legacy,second-year-update legacy,34,0.9999098751215313,0.9998795552613999,standardized predictive coefficients; edition-specific correlations/semantics remain
Stefano legacy,rcm,base_rating,17,19,second-year-update legacy,second-year-update legacy,34,0.9998734583901248,0.9998291491440944,standardized predictive coefficients; edition-specific correlations/semantics remain
Stefano legacy,rcm,base_rating,17,20,second-year-update legacy,second-year-update legacy,34,0.9998797599682931,0.9998316876232961,standardized predictive coefficients; edition-specific correlations/semantics remain
Stefano legacy,rcm,base_rating,17,21,second-year-update legacy,second-year-update legacy,34,0.9999124607625172,0.9998771524080163,standardized predictive coefficients; edition-specific correlations/semantics remain
Stefano legacy,rcm,base_rating,17,22,second-year-update legacy,second-year-update legacy,34,0.9998658400528743,0.9998215071194252,standardized predictive coefficients; edition-specific correlations/semantics remain
Stefano legacy,rcm,base_rating,17,23,second-year-update legacy,second-year-update legacy,34,0.9998164493904693,0.9997551888277086,standardized predictive coefficients; edition-specific correlations/semantics remain
Stefano legacy,rcm,base_rating,18,19,second-year-update legacy,second-year-update legacy,34,0.9999448745231649,0.9999229438383482,standardized predictive coefficients; edition-specific correlations/semantics remain
Stefano legacy,rcm,base_rating,18,20,second-year-update legacy,second-year-update legacy,34,0.9999163872032282,0.9998862378078767,standardized predictive coefficients; edition-specific correlations/semantics remain
Stefano legacy,rcm,base_rating,18,21,second-year-update legacy,second-year-update legacy,34,0.9999448466392797,0.9999287099446988,standardized predictive coefficients; edition-specific correlations/semantics remain
Stefano legacy,rcm,base_rating,18,22,second-year-update legacy,second-year-update legacy,34,0.9998984437262299,0.9998584920690301,standardized predictive coefficients; edition-specific correlations/semantics remain
Stefano legacy,rcm,base_rating,18,23,second-year-update legacy,second-year-update legacy,34,0.9999205395722126,0.9998901302000314,standardized predictive coefficients; edition-specific correlations/semantics remain
Stefano legacy,rcm,base_rating,19,20,second-year-update legacy,second-year-update legacy,34,0.9999218381052872,0.9998943281755981,standardized predictive coefficients; edition-specific correlations/semantics remain
Stefano legacy,rcm,base_rating,19,21,second-year-update legacy,second-year-update legacy,34,0.9999467870664476,0.9999320324061628,standardized predictive coefficients; edition-specific correlations/semantics remain
Stefano legacy,rcm,base_rating,19,22,second-year-update legacy,second-year-update legacy,34,0.999867631146937,0.9998153065923926,standardized predictive coefficients; edition-specific correlations/semantics remain
Stefano legacy,rcm,base_rating,19,23,second-year-update legacy,second-year-update legacy,34,0.9998876150696612,0.9998439047843158,standardized predictive coefficients; edition-specific correlations/semantics remain
Stefano legacy,rcm,base_rating,20,21,second-year-update legacy,second-year-update legacy,34,0.9999120224740906,0.9998769812431866,standardized predictive coefficients; edition-specific correlations/semantics remain
Stefano legacy,rcm,base_rating,20,22,second-year-update legacy,second-year-update legacy,34,0.9998505779498095,0.9997969763384678,standardized predictive coefficients; edition-specific correlations/semantics remain
Stefano legacy,rcm,base_rating,20,23,second-year-update legacy,second-year-update legacy,34,0.9998690707801696,0.9998251690708194,standardized predictive coefficients; edition-specific correlations/semantics remain
Stefano legacy,rcm,base_rating,21,22,second-year-update legacy,second-year-update legacy,34,0.9999065386023385,0.9998787001305895,standardized predictive coefficients; edition-specific correlations/semantics remain
Stefano legacy,rcm,base_rating,21,23,second-year-update legacy,second-year-update legacy,34,0.9999011758326412,0.9998740161131539,standardized predictive coefficients; edition-specific correlations/semantics remain
Stefano legacy,rcm,base_rating,22,23,second-year-update legacy,second-year-update legacy,34,0.9998740884090838,0.9998243534889714,standardized predictive coefficients; edition-specific correlations/semantics remain
Stefano legacy,rcm,signed_modifier_explicit_only,15,16,second-year-update legacy,second-year-update legacy,33,0.5858079416685997,0.5816468062277352,standardized predictive coefficients; edition-specific correlations/semantics remain
Stefano legacy,rcm,signed_modifier_explicit_only,15,17,second-year-update legacy,second-year-update legacy,33,0.15811559706402975,0.1926093785714992,standardized predictive coefficients; edition-specific correlations/semantics remain
Stefano legacy,rcm,signed_modifier_explicit_only,15,18,second-year-update legacy,second-year-update legacy,33,0.14045808877027868,0.1861435916143881,standardized predictive coefficients; edition-specific correlations/semantics remain
Stefano legacy,rcm,signed_modifier_explicit_only,15,19,second-year-update legacy,second-year-update legacy,33,0.32459632577233183,0.32500762413972656,standardized predictive coefficients; edition-specific correlations/semantics remain
Stefano legacy,rcm,signed_modifier_explicit_only,15,20,second-year-update legacy,second-year-update legacy,33,0.4756933208308894,0.5383271813368447,standardized predictive coefficients; edition-specific correlations/semantics remain
Stefano legacy,rcm,signed_modifier_explicit_only,15,21,second-year-update legacy,second-year-update legacy,33,0.48524933470947,0.5757205323036693,standardized predictive coefficients; edition-specific correlations/semantics remain
Stefano legacy,rcm,signed_modifier_explicit_only,15,22,second-year-update legacy,second-year-update legacy,33,0.4527333262727138,0.5334707954444008,standardized predictive coefficients; edition-specific correlations/semantics remain
Stefano legacy,rcm,signed_modifier_explicit_only,15,23,second-year-update legacy,second-year-update legacy,33,0.4246306925351612,0.511111323372048,standardized predictive coefficients; edition-specific correlations/semantics remain
Stefano legacy,rcm,signed_modifier_explicit_only,16,17,second-year-update legacy,second-year-update legacy,33,0.6364799977781201,0.653057035394964,standardized predictive coefficients; edition-specific correlations/semantics remain
Stefano legacy,rcm,signed_modifier_explicit_only,16,18,second-year-update legacy,second-year-update legacy,33,0.5958439528630367,0.6187008494350111,standardized predictive coefficients; edition-specific correlations/semantics remain
Stefano legacy,rcm,signed_modifier_explicit_only,16,19,second-year-update legacy,second-year-update legacy,33,0.4948131420171489,0.4931037733795206,standardized predictive coefficients; edition-specific correlations/semantics remain
Stefano legacy,rcm,signed_modifier_explicit_only,16,20,second-year-update legacy,second-year-update legacy,33,0.5983970867570706,0.6208104031776072,standardized predictive coefficients; edition-specific correlations/semantics remain
Stefano legacy,rcm,signed_modifier_explicit_only,16,21,second-year-update legacy,second-year-update legacy,33,0.5648219537379613,0.60122729509655,standardized predictive coefficients; edition-specific correlations/semantics remain
Stefano legacy,rcm,signed_modifier_explicit_only,16,22,second-year-update legacy,second-year-update legacy,33,0.5553560665005455,0.5873078524310844,standardized predictive coefficients; edition-specific correlations/semantics remain
Stefano legacy,rcm,signed_modifier_explicit_only,16,23,second-year-update legacy,second-year-update legacy,33,0.5302895291482788,0.565782836829207,standardized predictive coefficients; edition-specific correlations/semantics remain
Stefano legacy,rcm,signed_modifier_explicit_only,17,18,second-year-update legacy,second-year-update legacy,34,0.9335815915621372,0.9336042913825708,standardized predictive coefficients; edition-specific correlations/semantics remain
Stefano legacy,rcm,signed_modifier_explicit_only,17,19,second-year-update legacy,second-year-update legacy,34,0.5913952823197163,0.5997647805271691,standardized predictive coefficients; edition-specific correlations/semantics remain
Stefano legacy,rcm,signed_modifier_explicit_only,17,20,second-year-update legacy,second-year-update legacy,34,0.44482267102571144,0.4421850421839444,standardized predictive coefficients; edition-specific correlations/semantics remain
Stefano legacy,rcm,signed_modifier_explicit_only,17,21,second-year-update legacy,second-year-update legacy,34,0.45215725383208316,0.44939084598242285,standardized predictive coefficients; edition-specific correlations/semantics remain
Stefano legacy,rcm,signed_modifier_explicit_only,17,22,second-year-update legacy,second-year-update legacy,34,0.43445530102684615,0.4313222009152521,standardized predictive coefficients; edition-specific correlations/semantics remain
Stefano legacy,rcm,signed_modifier_explicit_only,17,23,second-year-update legacy,second-year-update legacy,34,0.42030763095092294,0.41722452460395226,standardized predictive coefficients; edition-specific correlations/semantics remain
Stefano legacy,rcm,signed_modifier_explicit_only,18,19,second-year-update legacy,second-year-update legacy,34,0.5595455628304015,0.5712639261538104,standardized predictive coefficients; edition-specific correlations/semantics remain
Stefano legacy,rcm,signed_modifier_explicit_only,18,20,second-year-update legacy,second-year-update legacy,34,0.39764059616032027,0.39309703609411634,standardized predictive coefficients; edition-specific correlations/semantics remain
Stefano legacy,rcm,signed_modifier_explicit_only,18,21,second-year-update legacy,second-year-update legacy,34,0.4651652170664103,0.45912896567103717,standardized predictive coefficients; edition-specific correlations/semantics remain
Stefano legacy,rcm,signed_modifier_explicit_only,18,22,second-year-update legacy,second-year-update legacy,34,0.4265397024032631,0.42021802194175256,standardized predictive coefficients; edition-specific correlations/semantics remain
Stefano legacy,rcm,signed_modifier_explicit_only,18,23,second-year-update legacy,second-year-update legacy,34,0.39483153756926986,0.38738339182280546,standardized predictive coefficients; edition-specific correlations/semantics remain
Stefano legacy,rcm,signed_modifier_explicit_only,19,20,second-year-update legacy,second-year-update legacy,34,0.7132422726370062,0.7265264017297,standardized predictive coefficients; edition-specific correlations/semantics remain
Stefano legacy,rcm,signed_modifier_explicit_only,19,21,second-year-update legacy,second-year-update legacy,34,0.7045851142807535,0.7302021378042481,standardized predictive coefficients; edition-specific correlations/semantics remain
Stefano legacy,rcm,signed_modifier_explicit_only,19,22,second-year-update legacy,second-year-update legacy,34,0.6956256298670026,0.7180178770685665,standardized predictive coefficients; edition-specific correlations/semantics remain
Stefano legacy,rcm,signed_modifier_explicit_only,19,23,second-year-update legacy,second-year-update legacy,34,0.6520747767280376,0.6793223980797817,standardized predictive coefficients; edition-specific correlations/semantics remain
Stefano legacy,rcm,signed_modifier_explicit_only,20,21,second-year-update legacy,second-year-update legacy,34,0.8616542440366457,0.861848738425004,standardized predictive coefficients; edition-specific correlations/semantics remain
Stefano legacy,rcm,signed_modifier_explicit_only,20,22,second-year-update legacy,second-year-update legacy,34,0.9169682138955113,0.9172867226912539,standardized predictive coefficients; edition-specific correlations/semantics remain
Stefano legacy,rcm,signed_modifier_explicit_only,20,23,second-year-update legacy,second-year-update legacy,34,0.8581313933102251,0.8589408720451938,standardized predictive coefficients; edition-specific correlations/semantics remain
Stefano legacy,rcm,signed_modifier_explicit_only,21,22,second-year-update legacy,second-year-update legacy,34,0.9497757185581286,0.9487490949783834,standardized predictive coefficients; edition-specific correlations/semantics remain
Stefano legacy,rcm,signed_modifier_explicit_only,21,23,second-year-update legacy,second-year-update legacy,34,0.9137953365618964,0.9115066514471735,standardized predictive coefficients; edition-specific correlations/semantics remain
Stefano legacy,rcm,signed_modifier_explicit_only,22,23,second-year-update legacy,second-year-update legacy,34,0.9525284638097121,0.9517445400276395,standardized predictive coefficients; edition-specific correlations/semantics remain
Stefano legacy,rm,base_rating,15,16,second-year-update legacy,second-year-update legacy,33,0.9537876849918002,0.9349576626770383,standardized predictive coefficients; edition-specific correlations/semantics remain
Stefano legacy,rm,base_rating,15,17,second-year-update legacy,second-year-update legacy,33,0.9541320141554734,0.9354685050537056,standardized predictive coefficients; edition-specific correlations/semantics remain
Stefano legacy,rm,base_rating,15,18,second-year-update legacy,second-year-update legacy,33,0.9541042662066569,0.9354351635499977,standardized predictive coefficients; edition-specific correlations/semantics remain
Stefano legacy,rm,base_rating,15,19,second-year-update legacy,second-year-update legacy,33,0.9536894832379755,0.9348356333913214,standardized predictive coefficients; edition-specific correlations/semantics remain
Stefano legacy,rm,base_rating,15,20,second-year-update legacy,second-year-update legacy,33,0.9541986543557656,0.9355566638615416,standardized predictive coefficients; edition-specific correlations/semantics remain
Stefano legacy,rm,base_rating,15,21,second-year-update legacy,second-year-update legacy,33,0.9542998968745805,0.9356747342230306,standardized predictive coefficients; edition-specific correlations/semantics remain
Stefano legacy,rm,base_rating,15,22,second-year-update legacy,second-year-update legacy,33,0.9536690900125371,0.9348231235744389,standardized predictive coefficients; edition-specific correlations/semantics remain
Stefano legacy,rm,base_rating,15,23,second-year-update legacy,second-year-update legacy,33,0.9536522461793532,0.9348436755466073,standardized predictive coefficients; edition-specific correlations/semantics remain
Stefano legacy,rm,base_rating,16,17,second-year-update legacy,second-year-update legacy,33,0.9998902357129175,0.9998446592154291,standardized predictive coefficients; edition-specific correlations/semantics remain
Stefano legacy,rm,base_rating,16,18,second-year-update legacy,second-year-update legacy,33,0.9999139371346106,0.9998791619413065,standardized predictive coefficients; edition-specific correlations/semantics remain
Stefano legacy,rm,base_rating,16,19,second-year-update legacy,second-year-update legacy,33,0.9999393707967987,0.9999140427786467,standardized predictive coefficients; edition-specific correlations/semantics remain
Stefano legacy,rm,base_rating,16,20,second-year-update legacy,second-year-update legacy,33,0.9998357219635463,0.999766270645382,standardized predictive coefficients; edition-specific correlations/semantics remain
Stefano legacy,rm,base_rating,16,21,second-year-update legacy,second-year-update legacy,33,0.9999332258928537,0.999904692466597,standardized predictive coefficients; edition-specific correlations/semantics remain
Stefano legacy,rm,base_rating,16,22,second-year-update legacy,second-year-update legacy,33,0.9999116761617687,0.9998761748374368,standardized predictive coefficients; edition-specific correlations/semantics remain
Stefano legacy,rm,base_rating,16,23,second-year-update legacy,second-year-update legacy,33,0.9998833177608204,0.9998442147424982,standardized predictive coefficients; edition-specific correlations/semantics remain
Stefano legacy,rm,base_rating,17,18,second-year-update legacy,second-year-update legacy,34,0.9999222545859067,0.9998906336071991,standardized predictive coefficients; edition-specific correlations/semantics remain
Stefano legacy,rm,base_rating,17,19,second-year-update legacy,second-year-update legacy,34,0.9998539092614628,0.9997944107301361,standardized predictive coefficients; edition-specific correlations/semantics remain
Stefano legacy,rm,base_rating,17,20,second-year-update legacy,second-year-update legacy,34,0.9998835276790361,0.9998360334072907,standardized predictive coefficients; edition-specific correlations/semantics remain
Stefano legacy,rm,base_rating,17,21,second-year-update legacy,second-year-update legacy,34,0.9998915227445132,0.9998489665067338,standardized predictive coefficients; edition-specific correlations/semantics remain
Stefano legacy,rm,base_rating,17,22,second-year-update legacy,second-year-update legacy,34,0.9999313920480248,0.999903535222014,standardized predictive coefficients; edition-specific correlations/semantics remain
Stefano legacy,rm,base_rating,17,23,second-year-update legacy,second-year-update legacy,34,0.9999347378923258,0.9999116559539233,standardized predictive coefficients; edition-specific correlations/semantics remain
Stefano legacy,rm,base_rating,18,19,second-year-update legacy,second-year-update legacy,34,0.9998414490271967,0.9997772904291172,standardized predictive coefficients; edition-specific correlations/semantics remain
Stefano legacy,rm,base_rating,18,20,second-year-update legacy,second-year-update legacy,34,0.9999435689423439,0.9999209103397917,standardized predictive coefficients; edition-specific correlations/semantics remain
Stefano legacy,rm,base_rating,18,21,second-year-update legacy,second-year-update legacy,34,0.9999441503813105,0.9999241146598891,standardized predictive coefficients; edition-specific correlations/semantics remain
Stefano legacy,rm,base_rating,18,22,second-year-update legacy,second-year-update legacy,34,0.9998653059798897,0.9998104133694345,standardized predictive coefficients; edition-specific correlations/semantics remain
Stefano legacy,rm,base_rating,18,23,second-year-update legacy,second-year-update legacy,34,0.9998780533996039,0.9998309385105691,standardized predictive coefficients; edition-specific correlations/semantics remain
Stefano legacy,rm,base_rating,19,20,second-year-update legacy,second-year-update legacy,34,0.9997689829016749,0.9996744988139138,standardized predictive coefficients; edition-specific correlations/semantics remain
Stefano legacy,rm,base_rating,19,21,second-year-update legacy,second-year-update legacy,34,0.9998693318088707,0.9998165501601955,standardized predictive coefficients; edition-specific correlations/semantics remain
Stefano legacy,rm,base_rating,19,22,second-year-update legacy,second-year-update legacy,34,0.9999018759683173,0.9998624827180715,standardized predictive coefficients; edition-specific correlations/semantics remain
Stefano legacy,rm,base_rating,19,23,second-year-update legacy,second-year-update legacy,34,0.9998846694487366,0.99984313839291,standardized predictive coefficients; edition-specific correlations/semantics remain
Stefano legacy,rm,base_rating,20,21,second-year-update legacy,second-year-update legacy,34,0.9999108601219259,0.999875441206892,standardized predictive coefficients; edition-specific correlations/semantics remain
Stefano legacy,rm,base_rating,20,22,second-year-update legacy,second-year-update legacy,34,0.9998197953591466,0.9997466773241847,standardized predictive coefficients; edition-specific correlations/semantics remain
Stefano legacy,rm,base_rating,20,23,second-year-update legacy,second-year-update legacy,34,0.9998506859720865,0.9997946499561372,standardized predictive coefficients; edition-specific correlations/semantics remain
Stefano legacy,rm,base_rating,21,22,second-year-update legacy,second-year-update legacy,34,0.9998750620005044,0.9998269170289206,standardized predictive coefficients; edition-specific correlations/semantics remain
Stefano legacy,rm,base_rating,21,23,second-year-update legacy,second-year-update legacy,34,0.9998400075671598,0.9997851902266458,standardized predictive coefficients; edition-specific correlations/semantics remain
Stefano legacy,rm,base_rating,22,23,second-year-update legacy,second-year-update legacy,34,0.9999444727066877,0.9999241727111343,standardized predictive coefficients; edition-specific correlations/semantics remain
Stefano legacy,rm,signed_modifier_explicit_only,15,16,second-year-update legacy,second-year-update legacy,33,0.5395385064477474,0.5224070891955548,standardized predictive coefficients; edition-specific correlations/semantics remain
Stefano legacy,rm,signed_modifier_explicit_only,15,17,second-year-update legacy,second-year-update legacy,33,0.36986434747688296,0.4244266949642383,standardized predictive coefficients; edition-specific correlations/semantics remain
Stefano legacy,rm,signed_modifier_explicit_only,15,18,second-year-update legacy,second-year-update legacy,33,0.3988262865150706,0.4463936585907527,standardized predictive coefficients; edition-specific correlations/semantics remain
Stefano legacy,rm,signed_modifier_explicit_only,15,19,second-year-update legacy,second-year-update legacy,33,0.4330071773047489,0.44304642627972685,standardized predictive coefficients; edition-specific correlations/semantics remain
Stefano legacy,rm,signed_modifier_explicit_only,15,20,second-year-update legacy,second-year-update legacy,33,0.31546454488721865,0.35884675793670995,standardized predictive coefficients; edition-specific correlations/semantics remain
Stefano legacy,rm,signed_modifier_explicit_only,15,21,second-year-update legacy,second-year-update legacy,33,0.19452990773625195,0.24221246780869757,standardized predictive coefficients; edition-specific correlations/semantics remain
Stefano legacy,rm,signed_modifier_explicit_only,15,22,second-year-update legacy,second-year-update legacy,33,0.22545108673512346,0.27616904128907316,standardized predictive coefficients; edition-specific correlations/semantics remain
Stefano legacy,rm,signed_modifier_explicit_only,15,23,second-year-update legacy,second-year-update legacy,33,0.16975370677327067,0.24432521675524146,standardized predictive coefficients; edition-specific correlations/semantics remain
Stefano legacy,rm,signed_modifier_explicit_only,16,17,second-year-update legacy,second-year-update legacy,33,0.6280920074257272,0.6640882950078127,standardized predictive coefficients; edition-specific correlations/semantics remain
Stefano legacy,rm,signed_modifier_explicit_only,16,18,second-year-update legacy,second-year-update legacy,33,0.6001634777900634,0.6294813064122204,standardized predictive coefficients; edition-specific correlations/semantics remain
Stefano legacy,rm,signed_modifier_explicit_only,16,19,second-year-update legacy,second-year-update legacy,33,0.5751783573003029,0.5791990731470585,standardized predictive coefficients; edition-specific correlations/semantics remain
Stefano legacy,rm,signed_modifier_explicit_only,16,20,second-year-update legacy,second-year-update legacy,33,0.3705797248181013,0.3951301545651423,standardized predictive coefficients; edition-specific correlations/semantics remain
Stefano legacy,rm,signed_modifier_explicit_only,16,21,second-year-update legacy,second-year-update legacy,33,0.2813368907568712,0.3104484787773676,standardized predictive coefficients; edition-specific correlations/semantics remain
Stefano legacy,rm,signed_modifier_explicit_only,16,22,second-year-update legacy,second-year-update legacy,33,0.38454306966278223,0.41712892636172294,standardized predictive coefficients; edition-specific correlations/semantics remain
Stefano legacy,rm,signed_modifier_explicit_only,16,23,second-year-update legacy,second-year-update legacy,33,0.3036624079106932,0.3532126037948671,standardized predictive coefficients; edition-specific correlations/semantics remain
Stefano legacy,rm,signed_modifier_explicit_only,17,18,second-year-update legacy,second-year-update legacy,34,0.8864091301225373,0.8864062809046823,standardized predictive coefficients; edition-specific correlations/semantics remain
Stefano legacy,rm,signed_modifier_explicit_only,17,19,second-year-update legacy,second-year-update legacy,34,0.586841302107732,0.5964475486918352,standardized predictive coefficients; edition-specific correlations/semantics remain
Stefano legacy,rm,signed_modifier_explicit_only,17,20,second-year-update legacy,second-year-update legacy,34,0.5963908571541536,0.5920947294884081,standardized predictive coefficients; edition-specific correlations/semantics remain
Stefano legacy,rm,signed_modifier_explicit_only,17,21,second-year-update legacy,second-year-update legacy,34,0.5364308916313737,0.5295173728955368,standardized predictive coefficients; edition-specific correlations/semantics remain
Stefano legacy,rm,signed_modifier_explicit_only,17,22,second-year-update legacy,second-year-update legacy,34,0.5986097185832231,0.5925603789756313,standardized predictive coefficients; edition-specific correlations/semantics remain
Stefano legacy,rm,signed_modifier_explicit_only,17,23,second-year-update legacy,second-year-update legacy,34,0.5873833480985006,0.5806206090406292,standardized predictive coefficients; edition-specific correlations/semantics remain
Stefano legacy,rm,signed_modifier_explicit_only,18,19,second-year-update legacy,second-year-update legacy,34,0.588766009157641,0.5939552872443576,standardized predictive coefficients; edition-specific correlations/semantics remain
Stefano legacy,rm,signed_modifier_explicit_only,18,20,second-year-update legacy,second-year-update legacy,34,0.628127579979852,0.6259360527417563,standardized predictive coefficients; edition-specific correlations/semantics remain
Stefano legacy,rm,signed_modifier_explicit_only,18,21,second-year-update legacy,second-year-update legacy,34,0.5396737737905652,0.5366357033200119,standardized predictive coefficients; edition-specific correlations/semantics remain
Stefano legacy,rm,signed_modifier_explicit_only,18,22,second-year-update legacy,second-year-update legacy,34,0.6086880068509728,0.6064831150276221,standardized predictive coefficients; edition-specific correlations/semantics remain
Stefano legacy,rm,signed_modifier_explicit_only,18,23,second-year-update legacy,second-year-update legacy,34,0.5413994603643173,0.5411085543946058,standardized predictive coefficients; edition-specific correlations/semantics remain
Stefano legacy,rm,signed_modifier_explicit_only,19,20,second-year-update legacy,second-year-update legacy,34,0.7647685705645707,0.7736406199610024,standardized predictive coefficients; edition-specific correlations/semantics remain
Stefano legacy,rm,signed_modifier_explicit_only,19,21,second-year-update legacy,second-year-update legacy,34,0.6775560963138616,0.6907629033220357,standardized predictive coefficients; edition-specific correlations/semantics remain
Stefano legacy,rm,signed_modifier_explicit_only,19,22,second-year-update legacy,second-year-update legacy,34,0.724855169396249,0.7389951754998935,standardized predictive coefficients; edition-specific correlations/semantics remain
Stefano legacy,rm,signed_modifier_explicit_only,19,23,second-year-update legacy,second-year-update legacy,34,0.6023676949816619,0.6293523721283177,standardized predictive coefficients; edition-specific correlations/semantics remain
Stefano legacy,rm,signed_modifier_explicit_only,20,21,second-year-update legacy,second-year-update legacy,34,0.9505000415167371,0.9505616007848045,standardized predictive coefficients; edition-specific correlations/semantics remain
Stefano legacy,rm,signed_modifier_explicit_only,20,22,second-year-update legacy,second-year-update legacy,34,0.9370289843621787,0.9370023968636975,standardized predictive coefficients; edition-specific correlations/semantics remain
Stefano legacy,rm,signed_modifier_explicit_only,20,23,second-year-update legacy,second-year-update legacy,34,0.8558400194258612,0.860016381870556,standardized predictive coefficients; edition-specific correlations/semantics remain
Stefano legacy,rm,signed_modifier_explicit_only,21,22,second-year-update legacy,second-year-update legacy,34,0.9507303636304965,0.9498152834036959,standardized predictive coefficients; edition-specific correlations/semantics remain
Stefano legacy,rm,signed_modifier_explicit_only,21,23,second-year-update legacy,second-year-update legacy,34,0.9165120665799356,0.917852254747972,standardized predictive coefficients; edition-specific correlations/semantics remain
Stefano legacy,rm,signed_modifier_explicit_only,22,23,second-year-update legacy,second-year-update legacy,34,0.9394700546928653,0.9413116167515143,standardized predictive coefficients; edition-specific correlations/semantics remain
Stefano legacy,lwb,base_rating,15,16,second-year-update legacy,second-year-update legacy,33,0.9653569909357808,0.9496439098955072,standardized predictive coefficients; edition-specific correlations/semantics remain
Stefano legacy,lwb,base_rating,15,17,second-year-update legacy,second-year-update legacy,33,0.9654524442628157,0.9497826647231269,standardized predictive coefficients; edition-specific correlations/semantics remain
Stefano legacy,lwb,base_rating,15,18,second-year-update legacy,second-year-update legacy,33,0.96517085380239,0.9493786528467758,standardized predictive coefficients; edition-specific correlations/semantics remain
Stefano legacy,lwb,base_rating,15,19,second-year-update legacy,second-year-update legacy,33,0.9642544477973894,0.9480470431843699,standardized predictive coefficients; edition-specific correlations/semantics remain
Stefano legacy,lwb,base_rating,15,20,second-year-update legacy,second-year-update legacy,33,0.9649755406423639,0.9491505547181076,standardized predictive coefficients; edition-specific correlations/semantics remain
Stefano legacy,lwb,base_rating,15,21,second-year-update legacy,second-year-update legacy,33,0.965232708849484,0.9494406347935277,standardized predictive coefficients; edition-specific correlations/semantics remain
Stefano legacy,lwb,base_rating,15,22,second-year-update legacy,second-year-update legacy,33,0.9648522642352613,0.9489405261706992,standardized predictive coefficients; edition-specific correlations/semantics remain
Stefano legacy,lwb,base_rating,15,23,second-year-update legacy,second-year-update legacy,33,0.9645151002735747,0.9484131470201106,standardized predictive coefficients; edition-specific correlations/semantics remain
Stefano legacy,lwb,base_rating,16,17,second-year-update legacy,second-year-update legacy,33,0.9999361363572611,0.9999074603938726,standardized predictive coefficients; edition-specific correlations/semantics remain
Stefano legacy,lwb,base_rating,16,18,second-year-update legacy,second-year-update legacy,33,0.9999579370851909,0.9999390676578077,standardized predictive coefficients; edition-specific correlations/semantics remain
Stefano legacy,lwb,base_rating,16,19,second-year-update legacy,second-year-update legacy,33,0.9999363056592332,0.9999077314495143,standardized predictive coefficients; edition-specific correlations/semantics remain
Stefano legacy,lwb,base_rating,16,20,second-year-update legacy,second-year-update legacy,33,0.9999257223341609,0.9998939662830638,standardized predictive coefficients; edition-specific correlations/semantics remain
Stefano legacy,lwb,base_rating,16,21,second-year-update legacy,second-year-update legacy,33,0.9999313440385982,0.9999006976758026,standardized predictive coefficients; edition-specific correlations/semantics remain
Stefano legacy,lwb,base_rating,16,22,second-year-update legacy,second-year-update legacy,33,0.9999194298244212,0.9998836860140733,standardized predictive coefficients; edition-specific correlations/semantics remain
Stefano legacy,lwb,base_rating,16,23,second-year-update legacy,second-year-update legacy,33,0.9999362136852117,0.999907580340364,standardized predictive coefficients; edition-specific correlations/semantics remain
Stefano legacy,lwb,base_rating,17,18,second-year-update legacy,second-year-update legacy,34,0.9999437026642558,0.9999195043474182,standardized predictive coefficients; edition-specific correlations/semantics remain
Stefano legacy,lwb,base_rating,17,19,second-year-update legacy,second-year-update legacy,34,0.9999337279035742,0.999905229258181,standardized predictive coefficients; edition-specific correlations/semantics remain
Stefano legacy,lwb,base_rating,17,20,second-year-update legacy,second-year-update legacy,34,0.9999237895412804,0.9998921746225791,standardized predictive coefficients; edition-specific correlations/semantics remain
Stefano legacy,lwb,base_rating,17,21,second-year-update legacy,second-year-update legacy,34,0.9999565882303769,0.9999382070683378,standardized predictive coefficients; edition-specific correlations/semantics remain
Stefano legacy,lwb,base_rating,17,22,second-year-update legacy,second-year-update legacy,34,0.9999287393520805,0.9998982513976725,standardized predictive coefficients; edition-specific correlations/semantics remain
Stefano legacy,lwb,base_rating,17,23,second-year-update legacy,second-year-update legacy,34,0.9999197835503614,0.9998852862595509,standardized predictive coefficients; edition-specific correlations/semantics remain
Stefano legacy,lwb,base_rating,18,19,second-year-update legacy,second-year-update legacy,34,0.9999225365160378,0.9998892499282241,standardized predictive coefficients; edition-specific correlations/semantics remain
Stefano legacy,lwb,base_rating,18,20,second-year-update legacy,second-year-update legacy,34,0.9999020152121989,0.999860912016992,standardized predictive coefficients; edition-specific correlations/semantics remain
Stefano legacy,lwb,base_rating,18,21,second-year-update legacy,second-year-update legacy,34,0.9999303070184786,0.9999007093869003,standardized predictive coefficients; edition-specific correlations/semantics remain
Stefano legacy,lwb,base_rating,18,22,second-year-update legacy,second-year-update legacy,34,0.999923775909276,0.9998911116199629,standardized predictive coefficients; edition-specific correlations/semantics remain
Stefano legacy,lwb,base_rating,18,23,second-year-update legacy,second-year-update legacy,34,0.9999101410253989,0.9998715203541632,standardized predictive coefficients; edition-specific correlations/semantics remain
Stefano legacy,lwb,base_rating,19,20,second-year-update legacy,second-year-update legacy,34,0.9999443133355661,0.9999216651162142,standardized predictive coefficients; edition-specific correlations/semantics remain
Stefano legacy,lwb,base_rating,19,21,second-year-update legacy,second-year-update legacy,34,0.9999547613657872,0.9999355073950521,standardized predictive coefficients; edition-specific correlations/semantics remain
Stefano legacy,lwb,base_rating,19,22,second-year-update legacy,second-year-update legacy,34,0.999935769815306,0.9999083593623689,standardized predictive coefficients; edition-specific correlations/semantics remain
Stefano legacy,lwb,base_rating,19,23,second-year-update legacy,second-year-update legacy,34,0.9999407908454255,0.9999153202679304,standardized predictive coefficients; edition-specific correlations/semantics remain
Stefano legacy,lwb,base_rating,20,21,second-year-update legacy,second-year-update legacy,34,0.9999546275376738,0.9999376847059748,standardized predictive coefficients; edition-specific correlations/semantics remain
Stefano legacy,lwb,base_rating,20,22,second-year-update legacy,second-year-update legacy,34,0.9999178185578228,0.9998830628444161,standardized predictive coefficients; edition-specific correlations/semantics remain
Stefano legacy,lwb,base_rating,20,23,second-year-update legacy,second-year-update legacy,34,0.9998974851170702,0.9998547103952448,standardized predictive coefficients; edition-specific correlations/semantics remain
Stefano legacy,lwb,base_rating,21,22,second-year-update legacy,second-year-update legacy,34,0.9999610852885604,0.9999451855424317,standardized predictive coefficients; edition-specific correlations/semantics remain
Stefano legacy,lwb,base_rating,21,23,second-year-update legacy,second-year-update legacy,34,0.9999185245569752,0.9998836816240088,standardized predictive coefficients; edition-specific correlations/semantics remain
Stefano legacy,lwb,base_rating,22,23,second-year-update legacy,second-year-update legacy,34,0.9998989867263185,0.9998557561327851,standardized predictive coefficients; edition-specific correlations/semantics remain
Stefano legacy,lwb,signed_modifier_explicit_only,15,16,second-year-update legacy,second-year-update legacy,33,0.6850304618871353,0.6843501931529146,standardized predictive coefficients; edition-specific correlations/semantics remain
Stefano legacy,lwb,signed_modifier_explicit_only,15,17,second-year-update legacy,second-year-update legacy,33,0.4028725316362391,0.4449778182249815,standardized predictive coefficients; edition-specific correlations/semantics remain
Stefano legacy,lwb,signed_modifier_explicit_only,15,18,second-year-update legacy,second-year-update legacy,33,0.41302381982614544,0.45756469914257003,standardized predictive coefficients; edition-specific correlations/semantics remain
Stefano legacy,lwb,signed_modifier_explicit_only,15,19,second-year-update legacy,second-year-update legacy,33,0.45510889618995637,0.4615146216302614,standardized predictive coefficients; edition-specific correlations/semantics remain
Stefano legacy,lwb,signed_modifier_explicit_only,15,20,second-year-update legacy,second-year-update legacy,33,0.6362873399843912,0.6942441426031242,standardized predictive coefficients; edition-specific correlations/semantics remain
Stefano legacy,lwb,signed_modifier_explicit_only,15,21,second-year-update legacy,second-year-update legacy,33,0.5728827357990977,0.633861416052923,standardized predictive coefficients; edition-specific correlations/semantics remain
Stefano legacy,lwb,signed_modifier_explicit_only,15,22,second-year-update legacy,second-year-update legacy,33,0.5311017552873342,0.5996582707195378,standardized predictive coefficients; edition-specific correlations/semantics remain
Stefano legacy,lwb,signed_modifier_explicit_only,15,23,second-year-update legacy,second-year-update legacy,33,0.5057545366599319,0.5816045426903254,standardized predictive coefficients; edition-specific correlations/semantics remain
Stefano legacy,lwb,signed_modifier_explicit_only,16,17,second-year-update legacy,second-year-update legacy,33,0.6161611632294335,0.6412756498137531,standardized predictive coefficients; edition-specific correlations/semantics remain
Stefano legacy,lwb,signed_modifier_explicit_only,16,18,second-year-update legacy,second-year-update legacy,33,0.5504784123513762,0.5758344755060801,standardized predictive coefficients; edition-specific correlations/semantics remain
Stefano legacy,lwb,signed_modifier_explicit_only,16,19,second-year-update legacy,second-year-update legacy,33,0.6721807424025968,0.6740558569938039,standardized predictive coefficients; edition-specific correlations/semantics remain
Stefano legacy,lwb,signed_modifier_explicit_only,16,20,second-year-update legacy,second-year-update legacy,33,0.5184939410748737,0.5469300584168009,standardized predictive coefficients; edition-specific correlations/semantics remain
Stefano legacy,lwb,signed_modifier_explicit_only,16,21,second-year-update legacy,second-year-update legacy,33,0.5185648147396019,0.5504078573938472,standardized predictive coefficients; edition-specific correlations/semantics remain
Stefano legacy,lwb,signed_modifier_explicit_only,16,22,second-year-update legacy,second-year-update legacy,33,0.4775206845547689,0.5140551309162622,standardized predictive coefficients; edition-specific correlations/semantics remain
Stefano legacy,lwb,signed_modifier_explicit_only,16,23,second-year-update legacy,second-year-update legacy,33,0.5535893180109916,0.5992657611806429,standardized predictive coefficients; edition-specific correlations/semantics remain
Stefano legacy,lwb,signed_modifier_explicit_only,17,18,second-year-update legacy,second-year-update legacy,34,0.9330478401969613,0.9316150963188566,standardized predictive coefficients; edition-specific correlations/semantics remain
Stefano legacy,lwb,signed_modifier_explicit_only,17,19,second-year-update legacy,second-year-update legacy,34,0.6588903312160961,0.6728080287759515,standardized predictive coefficients; edition-specific correlations/semantics remain
Stefano legacy,lwb,signed_modifier_explicit_only,17,20,second-year-update legacy,second-year-update legacy,34,0.542682318689898,0.5281070713574338,standardized predictive coefficients; edition-specific correlations/semantics remain
Stefano legacy,lwb,signed_modifier_explicit_only,17,21,second-year-update legacy,second-year-update legacy,34,0.5438605479909995,0.5289587122879321,standardized predictive coefficients; edition-specific correlations/semantics remain
Stefano legacy,lwb,signed_modifier_explicit_only,17,22,second-year-update legacy,second-year-update legacy,34,0.652721499350102,0.6407808429305322,standardized predictive coefficients; edition-specific correlations/semantics remain
Stefano legacy,lwb,signed_modifier_explicit_only,17,23,second-year-update legacy,second-year-update legacy,34,0.7100563038341234,0.7006066462542531,standardized predictive coefficients; edition-specific correlations/semantics remain
Stefano legacy,lwb,signed_modifier_explicit_only,18,19,second-year-update legacy,second-year-update legacy,34,0.6473834236867316,0.6586308941745262,standardized predictive coefficients; edition-specific correlations/semantics remain
Stefano legacy,lwb,signed_modifier_explicit_only,18,20,second-year-update legacy,second-year-update legacy,34,0.5962601587582397,0.5854731666863555,standardized predictive coefficients; edition-specific correlations/semantics remain
Stefano legacy,lwb,signed_modifier_explicit_only,18,21,second-year-update legacy,second-year-update legacy,34,0.568271593100063,0.5564379853261152,standardized predictive coefficients; edition-specific correlations/semantics remain
Stefano legacy,lwb,signed_modifier_explicit_only,18,22,second-year-update legacy,second-year-update legacy,34,0.6935547364736555,0.6857634916524454,standardized predictive coefficients; edition-specific correlations/semantics remain
Stefano legacy,lwb,signed_modifier_explicit_only,18,23,second-year-update legacy,second-year-update legacy,34,0.7572215790025804,0.7526040110492481,standardized predictive coefficients; edition-specific correlations/semantics remain
Stefano legacy,lwb,signed_modifier_explicit_only,19,20,second-year-update legacy,second-year-update legacy,34,0.7183979908108661,0.7380617253689217,standardized predictive coefficients; edition-specific correlations/semantics remain
Stefano legacy,lwb,signed_modifier_explicit_only,19,21,second-year-update legacy,second-year-update legacy,34,0.7757047759459439,0.7976431749034926,standardized predictive coefficients; edition-specific correlations/semantics remain
Stefano legacy,lwb,signed_modifier_explicit_only,19,22,second-year-update legacy,second-year-update legacy,34,0.775294408279322,0.8035050803724259,standardized predictive coefficients; edition-specific correlations/semantics remain
Stefano legacy,lwb,signed_modifier_explicit_only,19,23,second-year-update legacy,second-year-update legacy,34,0.7627844208013108,0.7949235556226127,standardized predictive coefficients; edition-specific correlations/semantics remain
Stefano legacy,lwb,signed_modifier_explicit_only,20,21,second-year-update legacy,second-year-update legacy,34,0.8968631054506944,0.8927688674594275,standardized predictive coefficients; edition-specific correlations/semantics remain
Stefano legacy,lwb,signed_modifier_explicit_only,20,22,second-year-update legacy,second-year-update legacy,34,0.9032256735245796,0.8993990880390709,standardized predictive coefficients; edition-specific correlations/semantics remain
Stefano legacy,lwb,signed_modifier_explicit_only,20,23,second-year-update legacy,second-year-update legacy,34,0.8595160681019233,0.8538862425568872,standardized predictive coefficients; edition-specific correlations/semantics remain
Stefano legacy,lwb,signed_modifier_explicit_only,21,22,second-year-update legacy,second-year-update legacy,34,0.9553670601312083,0.9537124041089505,standardized predictive coefficients; edition-specific correlations/semantics remain
Stefano legacy,lwb,signed_modifier_explicit_only,21,23,second-year-update legacy,second-year-update legacy,34,0.9112972623129575,0.9078968060890333,standardized predictive coefficients; edition-specific correlations/semantics remain
Stefano legacy,lwb,signed_modifier_explicit_only,22,23,second-year-update legacy,second-year-update legacy,34,0.9418586548706139,0.9385485664651687,standardized predictive coefficients; edition-specific correlations/semantics remain
Stefano legacy,ldm,base_rating,15,16,second-year-update legacy,second-year-update legacy,33,0.9690368751026938,0.9567567216275885,standardized predictive coefficients; edition-specific correlations/semantics remain
Stefano legacy,ldm,base_rating,15,17,second-year-update legacy,second-year-update legacy,33,0.9694490133635877,0.957263945628697,standardized predictive coefficients; edition-specific correlations/semantics remain
Stefano legacy,ldm,base_rating,15,18,second-year-update legacy,second-year-update legacy,33,0.970732836027267,0.9590946760151133,standardized predictive coefficients; edition-specific correlations/semantics remain
Stefano legacy,ldm,base_rating,15,19,second-year-update legacy,second-year-update legacy,33,0.9696217578488221,0.9575276208504107,standardized predictive coefficients; edition-specific correlations/semantics remain
Stefano legacy,ldm,base_rating,15,20,second-year-update legacy,second-year-update legacy,33,0.9696476480883982,0.9575634150961252,standardized predictive coefficients; edition-specific correlations/semantics remain
Stefano legacy,ldm,base_rating,15,21,second-year-update legacy,second-year-update legacy,33,0.9689272032032137,0.9565504849974719,standardized predictive coefficients; edition-specific correlations/semantics remain
Stefano legacy,ldm,base_rating,15,22,second-year-update legacy,second-year-update legacy,33,0.9692714535965974,0.9570591529920156,standardized predictive coefficients; edition-specific correlations/semantics remain
Stefano legacy,ldm,base_rating,15,23,second-year-update legacy,second-year-update legacy,33,0.9694029564427858,0.9571792560916894,standardized predictive coefficients; edition-specific correlations/semantics remain
Stefano legacy,ldm,base_rating,16,17,second-year-update legacy,second-year-update legacy,33,0.9999548350585302,0.9999399902249018,standardized predictive coefficients; edition-specific correlations/semantics remain
Stefano legacy,ldm,base_rating,16,18,second-year-update legacy,second-year-update legacy,33,0.9999090243216111,0.9998739081335098,standardized predictive coefficients; edition-specific correlations/semantics remain
Stefano legacy,ldm,base_rating,16,19,second-year-update legacy,second-year-update legacy,33,0.999949855961398,0.9999314470359258,standardized predictive coefficients; edition-specific correlations/semantics remain
Stefano legacy,ldm,base_rating,16,20,second-year-update legacy,second-year-update legacy,33,0.9999462041571856,0.9999263820218153,standardized predictive coefficients; edition-specific correlations/semantics remain
Stefano legacy,ldm,base_rating,16,21,second-year-update legacy,second-year-update legacy,33,0.999944070024878,0.9999237301328988,standardized predictive coefficients; edition-specific correlations/semantics remain
Stefano legacy,ldm,base_rating,16,22,second-year-update legacy,second-year-update legacy,33,0.9999006550033273,0.9998619947477025,standardized predictive coefficients; edition-specific correlations/semantics remain
Stefano legacy,ldm,base_rating,16,23,second-year-update legacy,second-year-update legacy,33,0.9999097186747166,0.9998791683143006,standardized predictive coefficients; edition-specific correlations/semantics remain
Stefano legacy,ldm,base_rating,17,18,second-year-update legacy,second-year-update legacy,34,0.9999080980910802,0.9998740587868333,standardized predictive coefficients; edition-specific correlations/semantics remain
Stefano legacy,ldm,base_rating,17,19,second-year-update legacy,second-year-update legacy,34,0.9999283071647751,0.999901485814709,standardized predictive coefficients; edition-specific correlations/semantics remain
Stefano legacy,ldm,base_rating,17,20,second-year-update legacy,second-year-update legacy,34,0.9999476022037806,0.9999283866641936,standardized predictive coefficients; edition-specific correlations/semantics remain
Stefano legacy,ldm,base_rating,17,21,second-year-update legacy,second-year-update legacy,34,0.9999482056985701,0.9999287519567907,standardized predictive coefficients; edition-specific correlations/semantics remain
Stefano legacy,ldm,base_rating,17,22,second-year-update legacy,second-year-update legacy,34,0.9998571982366945,0.99980494402985,standardized predictive coefficients; edition-specific correlations/semantics remain
Stefano legacy,ldm,base_rating,17,23,second-year-update legacy,second-year-update legacy,34,0.9998974298193308,0.9998584595818834,standardized predictive coefficients; edition-specific correlations/semantics remain
Stefano legacy,ldm,base_rating,18,19,second-year-update legacy,second-year-update legacy,34,0.9999431255857553,0.9999216836718423,standardized predictive coefficients; edition-specific correlations/semantics remain
Stefano legacy,ldm,base_rating,18,20,second-year-update legacy,second-year-update legacy,34,0.9999227582789317,0.9998935534924149,standardized predictive coefficients; edition-specific correlations/semantics remain
Stefano legacy,ldm,base_rating,18,21,second-year-update legacy,second-year-update legacy,34,0.9999158419854506,0.9998841795090402,standardized predictive coefficients; edition-specific correlations/semantics remain
Stefano legacy,ldm,base_rating,18,22,second-year-update legacy,second-year-update legacy,34,0.9999225783768819,0.9998935456485611,standardized predictive coefficients; edition-specific correlations/semantics remain
Stefano legacy,ldm,base_rating,18,23,second-year-update legacy,second-year-update legacy,34,0.9999072096473944,0.9998729916953375,standardized predictive coefficients; edition-specific correlations/semantics remain
Stefano legacy,ldm,base_rating,19,20,second-year-update legacy,second-year-update legacy,34,0.9999493341909043,0.9999301966326419,standardized predictive coefficients; edition-specific correlations/semantics remain
Stefano legacy,ldm,base_rating,19,21,second-year-update legacy,second-year-update legacy,34,0.9999250521772267,0.9998966850668365,standardized predictive coefficients; edition-specific correlations/semantics remain
Stefano legacy,ldm,base_rating,19,22,second-year-update legacy,second-year-update legacy,34,0.9999192525929137,0.9998892735935129,standardized predictive coefficients; edition-specific correlations/semantics remain
Stefano legacy,ldm,base_rating,19,23,second-year-update legacy,second-year-update legacy,34,0.9999173893636987,0.9998865359093358,standardized predictive coefficients; edition-specific correlations/semantics remain
Stefano legacy,ldm,base_rating,20,21,second-year-update legacy,second-year-update legacy,34,0.9999456429924156,0.9999251890330534,standardized predictive coefficients; edition-specific correlations/semantics remain
Stefano legacy,ldm,base_rating,20,22,second-year-update legacy,second-year-update legacy,34,0.9999266618261097,0.9998992490541346,standardized predictive coefficients; edition-specific correlations/semantics remain
Stefano legacy,ldm,base_rating,20,23,second-year-update legacy,second-year-update legacy,34,0.9998974318457595,0.999859338772703,standardized predictive coefficients; edition-specific correlations/semantics remain
Stefano legacy,ldm,base_rating,21,22,second-year-update legacy,second-year-update legacy,34,0.9999037077931886,0.9998681019153661,standardized predictive coefficients; edition-specific correlations/semantics remain
Stefano legacy,ldm,base_rating,21,23,second-year-update legacy,second-year-update legacy,34,0.9999112671704435,0.9998778761289826,standardized predictive coefficients; edition-specific correlations/semantics remain
Stefano legacy,ldm,base_rating,22,23,second-year-update legacy,second-year-update legacy,34,0.9999127915690328,0.9998818214865687,standardized predictive coefficients; edition-specific correlations/semantics remain
Stefano legacy,ldm,signed_modifier_explicit_only,15,16,second-year-update legacy,second-year-update legacy,33,0.7982621282388224,0.7955224961265003,standardized predictive coefficients; edition-specific correlations/semantics remain
Stefano legacy,ldm,signed_modifier_explicit_only,15,17,second-year-update legacy,second-year-update legacy,33,0.5663118292180186,0.6054727432576325,standardized predictive coefficients; edition-specific correlations/semantics remain
Stefano legacy,ldm,signed_modifier_explicit_only,15,18,second-year-update legacy,second-year-update legacy,33,0.49962508702639097,0.5421086476746007,standardized predictive coefficients; edition-specific correlations/semantics remain
Stefano legacy,ldm,signed_modifier_explicit_only,15,19,second-year-update legacy,second-year-update legacy,33,0.6255841095296578,0.6323168038292623,standardized predictive coefficients; edition-specific correlations/semantics remain
Stefano legacy,ldm,signed_modifier_explicit_only,15,20,second-year-update legacy,second-year-update legacy,33,0.48331941619635477,0.5167617764047625,standardized predictive coefficients; edition-specific correlations/semantics remain
Stefano legacy,ldm,signed_modifier_explicit_only,15,21,second-year-update legacy,second-year-update legacy,33,0.4409755933041932,0.48680080819975285,standardized predictive coefficients; edition-specific correlations/semantics remain
Stefano legacy,ldm,signed_modifier_explicit_only,15,22,second-year-update legacy,second-year-update legacy,33,0.4419150656120065,0.48952422352130903,standardized predictive coefficients; edition-specific correlations/semantics remain
Stefano legacy,ldm,signed_modifier_explicit_only,15,23,second-year-update legacy,second-year-update legacy,33,0.4906090463920982,0.5524333129994355,standardized predictive coefficients; edition-specific correlations/semantics remain
Stefano legacy,ldm,signed_modifier_explicit_only,16,17,second-year-update legacy,second-year-update legacy,33,0.6676744841468102,0.6935343955181079,standardized predictive coefficients; edition-specific correlations/semantics remain
Stefano legacy,ldm,signed_modifier_explicit_only,16,18,second-year-update legacy,second-year-update legacy,33,0.6019680699186745,0.6307888693951099,standardized predictive coefficients; edition-specific correlations/semantics remain
Stefano legacy,ldm,signed_modifier_explicit_only,16,19,second-year-update legacy,second-year-update legacy,33,0.7212269684600378,0.723746696870478,standardized predictive coefficients; edition-specific correlations/semantics remain
Stefano legacy,ldm,signed_modifier_explicit_only,16,20,second-year-update legacy,second-year-update legacy,33,0.5771465364253996,0.5988800663475057,standardized predictive coefficients; edition-specific correlations/semantics remain
Stefano legacy,ldm,signed_modifier_explicit_only,16,21,second-year-update legacy,second-year-update legacy,33,0.5016354600993591,0.5324953889292412,standardized predictive coefficients; edition-specific correlations/semantics remain
Stefano legacy,ldm,signed_modifier_explicit_only,16,22,second-year-update legacy,second-year-update legacy,33,0.5108900696147542,0.5433175922035669,standardized predictive coefficients; edition-specific correlations/semantics remain
Stefano legacy,ldm,signed_modifier_explicit_only,16,23,second-year-update legacy,second-year-update legacy,33,0.5457362761893235,0.5889367089621911,standardized predictive coefficients; edition-specific correlations/semantics remain
Stefano legacy,ldm,signed_modifier_explicit_only,17,18,second-year-update legacy,second-year-update legacy,34,0.9346068067356765,0.9339196846353998,standardized predictive coefficients; edition-specific correlations/semantics remain
Stefano legacy,ldm,signed_modifier_explicit_only,17,19,second-year-update legacy,second-year-update legacy,34,0.7224693704319317,0.7317465966960315,standardized predictive coefficients; edition-specific correlations/semantics remain
Stefano legacy,ldm,signed_modifier_explicit_only,17,20,second-year-update legacy,second-year-update legacy,34,0.661533852376491,0.6586491691137768,standardized predictive coefficients; edition-specific correlations/semantics remain
Stefano legacy,ldm,signed_modifier_explicit_only,17,21,second-year-update legacy,second-year-update legacy,34,0.5836619224559023,0.5778889072355866,standardized predictive coefficients; edition-specific correlations/semantics remain
Stefano legacy,ldm,signed_modifier_explicit_only,17,22,second-year-update legacy,second-year-update legacy,34,0.6792816566696351,0.6750449687838705,standardized predictive coefficients; edition-specific correlations/semantics remain
Stefano legacy,ldm,signed_modifier_explicit_only,17,23,second-year-update legacy,second-year-update legacy,34,0.7426460191248125,0.7404688521332919,standardized predictive coefficients; edition-specific correlations/semantics remain
Stefano legacy,ldm,signed_modifier_explicit_only,18,19,second-year-update legacy,second-year-update legacy,34,0.6909658386830204,0.6998833738057205,standardized predictive coefficients; edition-specific correlations/semantics remain
Stefano legacy,ldm,signed_modifier_explicit_only,18,20,second-year-update legacy,second-year-update legacy,34,0.6304907714318372,0.6273559608212899,standardized predictive coefficients; edition-specific correlations/semantics remain
Stefano legacy,ldm,signed_modifier_explicit_only,18,21,second-year-update legacy,second-year-update legacy,34,0.609225985138176,0.6039817211339092,standardized predictive coefficients; edition-specific correlations/semantics remain
Stefano legacy,ldm,signed_modifier_explicit_only,18,22,second-year-update legacy,second-year-update legacy,34,0.7161546532341103,0.7126308900265724,standardized predictive coefficients; edition-specific correlations/semantics remain
Stefano legacy,ldm,signed_modifier_explicit_only,18,23,second-year-update legacy,second-year-update legacy,34,0.7568659413630002,0.7551882303024603,standardized predictive coefficients; edition-specific correlations/semantics remain
Stefano legacy,ldm,signed_modifier_explicit_only,19,20,second-year-update legacy,second-year-update legacy,34,0.8397642371540366,0.847576956943907,standardized predictive coefficients; edition-specific correlations/semantics remain
Stefano legacy,ldm,signed_modifier_explicit_only,19,21,second-year-update legacy,second-year-update legacy,34,0.7433629573414626,0.7588234668505643,standardized predictive coefficients; edition-specific correlations/semantics remain
Stefano legacy,ldm,signed_modifier_explicit_only,19,22,second-year-update legacy,second-year-update legacy,34,0.7705343044129102,0.7867066542499527,standardized predictive coefficients; edition-specific correlations/semantics remain
Stefano legacy,ldm,signed_modifier_explicit_only,19,23,second-year-update legacy,second-year-update legacy,34,0.7762723045985345,0.8003018009250882,standardized predictive coefficients; edition-specific correlations/semantics remain
Stefano legacy,ldm,signed_modifier_explicit_only,20,21,second-year-update legacy,second-year-update legacy,34,0.8930567625480141,0.8933865533899847,standardized predictive coefficients; edition-specific correlations/semantics remain
Stefano legacy,ldm,signed_modifier_explicit_only,20,22,second-year-update legacy,second-year-update legacy,34,0.9065941906529504,0.9072381598039783,standardized predictive coefficients; edition-specific correlations/semantics remain
Stefano legacy,ldm,signed_modifier_explicit_only,20,23,second-year-update legacy,second-year-update legacy,34,0.9025833763344505,0.9061501685744814,standardized predictive coefficients; edition-specific correlations/semantics remain
Stefano legacy,ldm,signed_modifier_explicit_only,21,22,second-year-update legacy,second-year-update legacy,34,0.95486890433435,0.9538779862868291,standardized predictive coefficients; edition-specific correlations/semantics remain
Stefano legacy,ldm,signed_modifier_explicit_only,21,23,second-year-update legacy,second-year-update legacy,34,0.9098553779327438,0.908242327503522,standardized predictive coefficients; edition-specific correlations/semantics remain
Stefano legacy,ldm,signed_modifier_explicit_only,22,23,second-year-update legacy,second-year-update legacy,34,0.9657920453085348,0.9657105660885252,standardized predictive coefficients; edition-specific correlations/semantics remain
Stefano legacy,cdm,base_rating,15,16,second-year-update legacy,second-year-update legacy,33,0.9690368751026938,0.9567567216275885,standardized predictive coefficients; edition-specific correlations/semantics remain
Stefano legacy,cdm,base_rating,15,17,second-year-update legacy,second-year-update legacy,33,0.9694490133635877,0.957263945628697,standardized predictive coefficients; edition-specific correlations/semantics remain
Stefano legacy,cdm,base_rating,15,18,second-year-update legacy,second-year-update legacy,33,0.970732836027267,0.9590946760151133,standardized predictive coefficients; edition-specific correlations/semantics remain
Stefano legacy,cdm,base_rating,15,19,second-year-update legacy,second-year-update legacy,33,0.9696217578488221,0.9575276208504107,standardized predictive coefficients; edition-specific correlations/semantics remain
Stefano legacy,cdm,base_rating,15,20,second-year-update legacy,second-year-update legacy,33,0.9696476480883982,0.9575634150961252,standardized predictive coefficients; edition-specific correlations/semantics remain
Stefano legacy,cdm,base_rating,15,21,second-year-update legacy,second-year-update legacy,33,0.9689272032032137,0.9565504849974719,standardized predictive coefficients; edition-specific correlations/semantics remain
Stefano legacy,cdm,base_rating,15,22,second-year-update legacy,second-year-update legacy,33,0.9692714535965974,0.9570591529920156,standardized predictive coefficients; edition-specific correlations/semantics remain
Stefano legacy,cdm,base_rating,15,23,second-year-update legacy,second-year-update legacy,33,0.9694029564427858,0.9571792560916894,standardized predictive coefficients; edition-specific correlations/semantics remain
Stefano legacy,cdm,base_rating,16,17,second-year-update legacy,second-year-update legacy,33,0.9999548350585302,0.9999399902249018,standardized predictive coefficients; edition-specific correlations/semantics remain
Stefano legacy,cdm,base_rating,16,18,second-year-update legacy,second-year-update legacy,33,0.9999090243216111,0.9998739081335098,standardized predictive coefficients; edition-specific correlations/semantics remain
Stefano legacy,cdm,base_rating,16,19,second-year-update legacy,second-year-update legacy,33,0.999949855961398,0.9999314470359258,standardized predictive coefficients; edition-specific correlations/semantics remain
Stefano legacy,cdm,base_rating,16,20,second-year-update legacy,second-year-update legacy,33,0.9999462041571856,0.9999263820218153,standardized predictive coefficients; edition-specific correlations/semantics remain
Stefano legacy,cdm,base_rating,16,21,second-year-update legacy,second-year-update legacy,33,0.999944070024878,0.9999237301328988,standardized predictive coefficients; edition-specific correlations/semantics remain
Stefano legacy,cdm,base_rating,16,22,second-year-update legacy,second-year-update legacy,33,0.9999006550033273,0.9998619947477025,standardized predictive coefficients; edition-specific correlations/semantics remain
Stefano legacy,cdm,base_rating,16,23,second-year-update legacy,second-year-update legacy,33,0.9999097186747166,0.9998791683143006,standardized predictive coefficients; edition-specific correlations/semantics remain
Stefano legacy,cdm,base_rating,17,18,second-year-update legacy,second-year-update legacy,34,0.9999080980910802,0.9998740587868333,standardized predictive coefficients; edition-specific correlations/semantics remain
Stefano legacy,cdm,base_rating,17,19,second-year-update legacy,second-year-update legacy,34,0.9999283071647751,0.999901485814709,standardized predictive coefficients; edition-specific correlations/semantics remain
Stefano legacy,cdm,base_rating,17,20,second-year-update legacy,second-year-update legacy,34,0.9999476022037806,0.9999283866641936,standardized predictive coefficients; edition-specific correlations/semantics remain
Stefano legacy,cdm,base_rating,17,21,second-year-update legacy,second-year-update legacy,34,0.9999482056985701,0.9999287519567907,standardized predictive coefficients; edition-specific correlations/semantics remain
Stefano legacy,cdm,base_rating,17,22,second-year-update legacy,second-year-update legacy,34,0.9998571982366945,0.99980494402985,standardized predictive coefficients; edition-specific correlations/semantics remain
Stefano legacy,cdm,base_rating,17,23,second-year-update legacy,second-year-update legacy,34,0.9998974298193308,0.9998584595818834,standardized predictive coefficients; edition-specific correlations/semantics remain
Stefano legacy,cdm,base_rating,18,19,second-year-update legacy,second-year-update legacy,34,0.9999431255857553,0.9999216836718423,standardized predictive coefficients; edition-specific correlations/semantics remain
Stefano legacy,cdm,base_rating,18,20,second-year-update legacy,second-year-update legacy,34,0.9999227582789317,0.9998935534924149,standardized predictive coefficients; edition-specific correlations/semantics remain
Stefano legacy,cdm,base_rating,18,21,second-year-update legacy,second-year-update legacy,34,0.9999158419854506,0.9998841795090402,standardized predictive coefficients; edition-specific correlations/semantics remain
Stefano legacy,cdm,base_rating,18,22,second-year-update legacy,second-year-update legacy,34,0.9999225783768819,0.9998935456485611,standardized predictive coefficients; edition-specific correlations/semantics remain
Stefano legacy,cdm,base_rating,18,23,second-year-update legacy,second-year-update legacy,34,0.9999072096473944,0.9998729916953375,standardized predictive coefficients; edition-specific correlations/semantics remain
Stefano legacy,cdm,base_rating,19,20,second-year-update legacy,second-year-update legacy,34,0.9999493341909043,0.9999301966326419,standardized predictive coefficients; edition-specific correlations/semantics remain
Stefano legacy,cdm,base_rating,19,21,second-year-update legacy,second-year-update legacy,34,0.9999250521772267,0.9998966850668365,standardized predictive coefficients; edition-specific correlations/semantics remain
Stefano legacy,cdm,base_rating,19,22,second-year-update legacy,second-year-update legacy,34,0.9999192525929137,0.9998892735935129,standardized predictive coefficients; edition-specific correlations/semantics remain
Stefano legacy,cdm,base_rating,19,23,second-year-update legacy,second-year-update legacy,34,0.9999173893636987,0.9998865359093358,standardized predictive coefficients; edition-specific correlations/semantics remain
Stefano legacy,cdm,base_rating,20,21,second-year-update legacy,second-year-update legacy,34,0.9999456429924156,0.9999251890330534,standardized predictive coefficients; edition-specific correlations/semantics remain
Stefano legacy,cdm,base_rating,20,22,second-year-update legacy,second-year-update legacy,34,0.9999266618261097,0.9998992490541346,standardized predictive coefficients; edition-specific correlations/semantics remain
Stefano legacy,cdm,base_rating,20,23,second-year-update legacy,second-year-update legacy,34,0.9998974318457595,0.999859338772703,standardized predictive coefficients; edition-specific correlations/semantics remain
Stefano legacy,cdm,base_rating,21,22,second-year-update legacy,second-year-update legacy,34,0.9999037077931886,0.9998681019153661,standardized predictive coefficients; edition-specific correlations/semantics remain
Stefano legacy,cdm,base_rating,21,23,second-year-update legacy,second-year-update legacy,34,0.9999112671704435,0.9998778761289826,standardized predictive coefficients; edition-specific correlations/semantics remain
Stefano legacy,cdm,base_rating,22,23,second-year-update legacy,second-year-update legacy,34,0.9999127915690328,0.9998818214865687,standardized predictive coefficients; edition-specific correlations/semantics remain
Stefano legacy,cdm,signed_modifier_explicit_only,15,16,second-year-update legacy,second-year-update legacy,33,0.7982621282388224,0.7955224961265003,standardized predictive coefficients; edition-specific correlations/semantics remain
Stefano legacy,cdm,signed_modifier_explicit_only,15,17,second-year-update legacy,second-year-update legacy,33,0.5663118292180186,0.6054727432576325,standardized predictive coefficients; edition-specific correlations/semantics remain
Stefano legacy,cdm,signed_modifier_explicit_only,15,18,second-year-update legacy,second-year-update legacy,33,0.49962508702639097,0.5421086476746007,standardized predictive coefficients; edition-specific correlations/semantics remain
Stefano legacy,cdm,signed_modifier_explicit_only,15,19,second-year-update legacy,second-year-update legacy,33,0.6255841095296578,0.6323168038292623,standardized predictive coefficients; edition-specific correlations/semantics remain
Stefano legacy,cdm,signed_modifier_explicit_only,15,20,second-year-update legacy,second-year-update legacy,33,0.48331941619635477,0.5167617764047625,standardized predictive coefficients; edition-specific correlations/semantics remain
Stefano legacy,cdm,signed_modifier_explicit_only,15,21,second-year-update legacy,second-year-update legacy,33,0.4409755933041932,0.48680080819975285,standardized predictive coefficients; edition-specific correlations/semantics remain
Stefano legacy,cdm,signed_modifier_explicit_only,15,22,second-year-update legacy,second-year-update legacy,33,0.4419150656120065,0.48952422352130903,standardized predictive coefficients; edition-specific correlations/semantics remain
Stefano legacy,cdm,signed_modifier_explicit_only,15,23,second-year-update legacy,second-year-update legacy,33,0.4906090463920982,0.5524333129994355,standardized predictive coefficients; edition-specific correlations/semantics remain
Stefano legacy,cdm,signed_modifier_explicit_only,16,17,second-year-update legacy,second-year-update legacy,33,0.6676744841468102,0.6935343955181079,standardized predictive coefficients; edition-specific correlations/semantics remain
Stefano legacy,cdm,signed_modifier_explicit_only,16,18,second-year-update legacy,second-year-update legacy,33,0.6019680699186745,0.6307888693951099,standardized predictive coefficients; edition-specific correlations/semantics remain
Stefano legacy,cdm,signed_modifier_explicit_only,16,19,second-year-update legacy,second-year-update legacy,33,0.7212269684600378,0.723746696870478,standardized predictive coefficients; edition-specific correlations/semantics remain
Stefano legacy,cdm,signed_modifier_explicit_only,16,20,second-year-update legacy,second-year-update legacy,33,0.5771465364253996,0.5988800663475057,standardized predictive coefficients; edition-specific correlations/semantics remain
Stefano legacy,cdm,signed_modifier_explicit_only,16,21,second-year-update legacy,second-year-update legacy,33,0.5016354600993591,0.5324953889292412,standardized predictive coefficients; edition-specific correlations/semantics remain
Stefano legacy,cdm,signed_modifier_explicit_only,16,22,second-year-update legacy,second-year-update legacy,33,0.5108900696147542,0.5433175922035669,standardized predictive coefficients; edition-specific correlations/semantics remain
Stefano legacy,cdm,signed_modifier_explicit_only,16,23,second-year-update legacy,second-year-update legacy,33,0.5457362761893235,0.5889367089621911,standardized predictive coefficients; edition-specific correlations/semantics remain
Stefano legacy,cdm,signed_modifier_explicit_only,17,18,second-year-update legacy,second-year-update legacy,34,0.9346068067356765,0.9339196846353998,standardized predictive coefficients; edition-specific correlations/semantics remain
Stefano legacy,cdm,signed_modifier_explicit_only,17,19,second-year-update legacy,second-year-update legacy,34,0.7224693704319317,0.7317465966960315,standardized predictive coefficients; edition-specific correlations/semantics remain
Stefano legacy,cdm,signed_modifier_explicit_only,17,20,second-year-update legacy,second-year-update legacy,34,0.661533852376491,0.6586491691137768,standardized predictive coefficients; edition-specific correlations/semantics remain
Stefano legacy,cdm,signed_modifier_explicit_only,17,21,second-year-update legacy,second-year-update legacy,34,0.5836619224559023,0.5778889072355866,standardized predictive coefficients; edition-specific correlations/semantics remain
Stefano legacy,cdm,signed_modifier_explicit_only,17,22,second-year-update legacy,second-year-update legacy,34,0.6792816566696351,0.6750449687838705,standardized predictive coefficients; edition-specific correlations/semantics remain
Stefano legacy,cdm,signed_modifier_explicit_only,17,23,second-year-update legacy,second-year-update legacy,34,0.7426460191248125,0.7404688521332919,standardized predictive coefficients; edition-specific correlations/semantics remain
Stefano legacy,cdm,signed_modifier_explicit_only,18,19,second-year-update legacy,second-year-update legacy,34,0.6909658386830204,0.6998833738057205,standardized predictive coefficients; edition-specific correlations/semantics remain
Stefano legacy,cdm,signed_modifier_explicit_only,18,20,second-year-update legacy,second-year-update legacy,34,0.6304907714318372,0.6273559608212899,standardized predictive coefficients; edition-specific correlations/semantics remain
Stefano legacy,cdm,signed_modifier_explicit_only,18,21,second-year-update legacy,second-year-update legacy,34,0.609225985138176,0.6039817211339092,standardized predictive coefficients; edition-specific correlations/semantics remain
Stefano legacy,cdm,signed_modifier_explicit_only,18,22,second-year-update legacy,second-year-update legacy,34,0.7161546532341103,0.7126308900265724,standardized predictive coefficients; edition-specific correlations/semantics remain
Stefano legacy,cdm,signed_modifier_explicit_only,18,23,second-year-update legacy,second-year-update legacy,34,0.7568659413630002,0.7551882303024603,standardized predictive coefficients; edition-specific correlations/semantics remain
Stefano legacy,cdm,signed_modifier_explicit_only,19,20,second-year-update legacy,second-year-update legacy,34,0.8397642371540366,0.847576956943907,standardized predictive coefficients; edition-specific correlations/semantics remain
Stefano legacy,cdm,signed_modifier_explicit_only,19,21,second-year-update legacy,second-year-update legacy,34,0.7433629573414626,0.7588234668505643,standardized predictive coefficients; edition-specific correlations/semantics remain
Stefano legacy,cdm,signed_modifier_explicit_only,19,22,second-year-update legacy,second-year-update legacy,34,0.7705343044129102,0.7867066542499527,standardized predictive coefficients; edition-specific correlations/semantics remain
Stefano legacy,cdm,signed_modifier_explicit_only,19,23,second-year-update legacy,second-year-update legacy,34,0.7762723045985345,0.8003018009250882,standardized predictive coefficients; edition-specific correlations/semantics remain
Stefano legacy,cdm,signed_modifier_explicit_only,20,21,second-year-update legacy,second-year-update legacy,34,0.8930567625480141,0.8933865533899847,standardized predictive coefficients; edition-specific correlations/semantics remain
Stefano legacy,cdm,signed_modifier_explicit_only,20,22,second-year-update legacy,second-year-update legacy,34,0.9065941906529504,0.9072381598039783,standardized predictive coefficients; edition-specific correlations/semantics remain
Stefano legacy,cdm,signed_modifier_explicit_only,20,23,second-year-update legacy,second-year-update legacy,34,0.9025833763344505,0.9061501685744814,standardized predictive coefficients; edition-specific correlations/semantics remain
Stefano legacy,cdm,signed_modifier_explicit_only,21,22,second-year-update legacy,second-year-update legacy,34,0.95486890433435,0.9538779862868291,standardized predictive coefficients; edition-specific correlations/semantics remain
Stefano legacy,cdm,signed_modifier_explicit_only,21,23,second-year-update legacy,second-year-update legacy,34,0.9098553779327438,0.908242327503522,standardized predictive coefficients; edition-specific correlations/semantics remain
Stefano legacy,cdm,signed_modifier_explicit_only,22,23,second-year-update legacy,second-year-update legacy,34,0.9657920453085348,0.9657105660885252,standardized predictive coefficients; edition-specific correlations/semantics remain
Stefano legacy,rdm,base_rating,15,16,second-year-update legacy,second-year-update legacy,33,0.9690368751026938,0.9567567216275885,standardized predictive coefficients; edition-specific correlations/semantics remain
Stefano legacy,rdm,base_rating,15,17,second-year-update legacy,second-year-update legacy,33,0.9694490133635877,0.957263945628697,standardized predictive coefficients; edition-specific correlations/semantics remain
Stefano legacy,rdm,base_rating,15,18,second-year-update legacy,second-year-update legacy,33,0.970732836027267,0.9590946760151133,standardized predictive coefficients; edition-specific correlations/semantics remain
Stefano legacy,rdm,base_rating,15,19,second-year-update legacy,second-year-update legacy,33,0.9696217578488221,0.9575276208504107,standardized predictive coefficients; edition-specific correlations/semantics remain
Stefano legacy,rdm,base_rating,15,20,second-year-update legacy,second-year-update legacy,33,0.9696476480883982,0.9575634150961252,standardized predictive coefficients; edition-specific correlations/semantics remain
Stefano legacy,rdm,base_rating,15,21,second-year-update legacy,second-year-update legacy,33,0.9689272032032137,0.9565504849974719,standardized predictive coefficients; edition-specific correlations/semantics remain
Stefano legacy,rdm,base_rating,15,22,second-year-update legacy,second-year-update legacy,33,0.9692714535965974,0.9570591529920156,standardized predictive coefficients; edition-specific correlations/semantics remain
Stefano legacy,rdm,base_rating,15,23,second-year-update legacy,second-year-update legacy,33,0.9694029564427858,0.9571792560916894,standardized predictive coefficients; edition-specific correlations/semantics remain
Stefano legacy,rdm,base_rating,16,17,second-year-update legacy,second-year-update legacy,33,0.9999548350585302,0.9999399902249018,standardized predictive coefficients; edition-specific correlations/semantics remain
Stefano legacy,rdm,base_rating,16,18,second-year-update legacy,second-year-update legacy,33,0.9999090243216111,0.9998739081335098,standardized predictive coefficients; edition-specific correlations/semantics remain
Stefano legacy,rdm,base_rating,16,19,second-year-update legacy,second-year-update legacy,33,0.999949855961398,0.9999314470359258,standardized predictive coefficients; edition-specific correlations/semantics remain
Stefano legacy,rdm,base_rating,16,20,second-year-update legacy,second-year-update legacy,33,0.9999462041571856,0.9999263820218153,standardized predictive coefficients; edition-specific correlations/semantics remain
Stefano legacy,rdm,base_rating,16,21,second-year-update legacy,second-year-update legacy,33,0.999944070024878,0.9999237301328988,standardized predictive coefficients; edition-specific correlations/semantics remain
Stefano legacy,rdm,base_rating,16,22,second-year-update legacy,second-year-update legacy,33,0.9999006550033273,0.9998619947477025,standardized predictive coefficients; edition-specific correlations/semantics remain
Stefano legacy,rdm,base_rating,16,23,second-year-update legacy,second-year-update legacy,33,0.9999097186747166,0.9998791683143006,standardized predictive coefficients; edition-specific correlations/semantics remain
Stefano legacy,rdm,base_rating,17,18,second-year-update legacy,second-year-update legacy,34,0.9999080980910802,0.9998740587868333,standardized predictive coefficients; edition-specific correlations/semantics remain
Stefano legacy,rdm,base_rating,17,19,second-year-update legacy,second-year-update legacy,34,0.9999283071647751,0.999901485814709,standardized predictive coefficients; edition-specific correlations/semantics remain
Stefano legacy,rdm,base_rating,17,20,second-year-update legacy,second-year-update legacy,34,0.9999476022037806,0.9999283866641936,standardized predictive coefficients; edition-specific correlations/semantics remain
Stefano legacy,rdm,base_rating,17,21,second-year-update legacy,second-year-update legacy,34,0.9999482056985701,0.9999287519567907,standardized predictive coefficients; edition-specific correlations/semantics remain
Stefano legacy,rdm,base_rating,17,22,second-year-update legacy,second-year-update legacy,34,0.9998571982366945,0.99980494402985,standardized predictive coefficients; edition-specific correlations/semantics remain
Stefano legacy,rdm,base_rating,17,23,second-year-update legacy,second-year-update legacy,34,0.9998974298193308,0.9998584595818834,standardized predictive coefficients; edition-specific correlations/semantics remain
Stefano legacy,rdm,base_rating,18,19,second-year-update legacy,second-year-update legacy,34,0.9999431255857553,0.9999216836718423,standardized predictive coefficients; edition-specific correlations/semantics remain
Stefano legacy,rdm,base_rating,18,20,second-year-update legacy,second-year-update legacy,34,0.9999227582789317,0.9998935534924149,standardized predictive coefficients; edition-specific correlations/semantics remain
Stefano legacy,rdm,base_rating,18,21,second-year-update legacy,second-year-update legacy,34,0.9999158419854506,0.9998841795090402,standardized predictive coefficients; edition-specific correlations/semantics remain
Stefano legacy,rdm,base_rating,18,22,second-year-update legacy,second-year-update legacy,34,0.9999225783768819,0.9998935456485611,standardized predictive coefficients; edition-specific correlations/semantics remain
Stefano legacy,rdm,base_rating,18,23,second-year-update legacy,second-year-update legacy,34,0.9999072096473944,0.9998729916953375,standardized predictive coefficients; edition-specific correlations/semantics remain
Stefano legacy,rdm,base_rating,19,20,second-year-update legacy,second-year-update legacy,34,0.9999493341909043,0.9999301966326419,standardized predictive coefficients; edition-specific correlations/semantics remain
Stefano legacy,rdm,base_rating,19,21,second-year-update legacy,second-year-update legacy,34,0.9999250521772267,0.9998966850668365,standardized predictive coefficients; edition-specific correlations/semantics remain
Stefano legacy,rdm,base_rating,19,22,second-year-update legacy,second-year-update legacy,34,0.9999192525929137,0.9998892735935129,standardized predictive coefficients; edition-specific correlations/semantics remain
Stefano legacy,rdm,base_rating,19,23,second-year-update legacy,second-year-update legacy,34,0.9999173893636987,0.9998865359093358,standardized predictive coefficients; edition-specific correlations/semantics remain
Stefano legacy,rdm,base_rating,20,21,second-year-update legacy,second-year-update legacy,34,0.9999456429924156,0.9999251890330534,standardized predictive coefficients; edition-specific correlations/semantics remain
Stefano legacy,rdm,base_rating,20,22,second-year-update legacy,second-year-update legacy,34,0.9999266618261097,0.9998992490541346,standardized predictive coefficients; edition-specific correlations/semantics remain
Stefano legacy,rdm,base_rating,20,23,second-year-update legacy,second-year-update legacy,34,0.9998974318457595,0.999859338772703,standardized predictive coefficients; edition-specific correlations/semantics remain
Stefano legacy,rdm,base_rating,21,22,second-year-update legacy,second-year-update legacy,34,0.9999037077931886,0.9998681019153661,standardized predictive coefficients; edition-specific correlations/semantics remain
Stefano legacy,rdm,base_rating,21,23,second-year-update legacy,second-year-update legacy,34,0.9999112671704435,0.9998778761289826,standardized predictive coefficients; edition-specific correlations/semantics remain
Stefano legacy,rdm,base_rating,22,23,second-year-update legacy,second-year-update legacy,34,0.9999127915690328,0.9998818214865687,standardized predictive coefficients; edition-specific correlations/semantics remain
Stefano legacy,rdm,signed_modifier_explicit_only,15,16,second-year-update legacy,second-year-update legacy,33,0.7982621282388224,0.7955224961265003,standardized predictive coefficients; edition-specific correlations/semantics remain
Stefano legacy,rdm,signed_modifier_explicit_only,15,17,second-year-update legacy,second-year-update legacy,33,0.5663118292180186,0.6054727432576325,standardized predictive coefficients; edition-specific correlations/semantics remain
Stefano legacy,rdm,signed_modifier_explicit_only,15,18,second-year-update legacy,second-year-update legacy,33,0.49962508702639097,0.5421086476746007,standardized predictive coefficients; edition-specific correlations/semantics remain
Stefano legacy,rdm,signed_modifier_explicit_only,15,19,second-year-update legacy,second-year-update legacy,33,0.6255841095296578,0.6323168038292623,standardized predictive coefficients; edition-specific correlations/semantics remain
Stefano legacy,rdm,signed_modifier_explicit_only,15,20,second-year-update legacy,second-year-update legacy,33,0.48331941619635477,0.5167617764047625,standardized predictive coefficients; edition-specific correlations/semantics remain
Stefano legacy,rdm,signed_modifier_explicit_only,15,21,second-year-update legacy,second-year-update legacy,33,0.4409755933041932,0.48680080819975285,standardized predictive coefficients; edition-specific correlations/semantics remain
Stefano legacy,rdm,signed_modifier_explicit_only,15,22,second-year-update legacy,second-year-update legacy,33,0.4419150656120065,0.48952422352130903,standardized predictive coefficients; edition-specific correlations/semantics remain
Stefano legacy,rdm,signed_modifier_explicit_only,15,23,second-year-update legacy,second-year-update legacy,33,0.4906090463920982,0.5524333129994355,standardized predictive coefficients; edition-specific correlations/semantics remain
Stefano legacy,rdm,signed_modifier_explicit_only,16,17,second-year-update legacy,second-year-update legacy,33,0.6676744841468102,0.6935343955181079,standardized predictive coefficients; edition-specific correlations/semantics remain
Stefano legacy,rdm,signed_modifier_explicit_only,16,18,second-year-update legacy,second-year-update legacy,33,0.6019680699186745,0.6307888693951099,standardized predictive coefficients; edition-specific correlations/semantics remain
Stefano legacy,rdm,signed_modifier_explicit_only,16,19,second-year-update legacy,second-year-update legacy,33,0.7212269684600378,0.723746696870478,standardized predictive coefficients; edition-specific correlations/semantics remain
Stefano legacy,rdm,signed_modifier_explicit_only,16,20,second-year-update legacy,second-year-update legacy,33,0.5771465364253996,0.5988800663475057,standardized predictive coefficients; edition-specific correlations/semantics remain
Stefano legacy,rdm,signed_modifier_explicit_only,16,21,second-year-update legacy,second-year-update legacy,33,0.5016354600993591,0.5324953889292412,standardized predictive coefficients; edition-specific correlations/semantics remain
Stefano legacy,rdm,signed_modifier_explicit_only,16,22,second-year-update legacy,second-year-update legacy,33,0.5108900696147542,0.5433175922035669,standardized predictive coefficients; edition-specific correlations/semantics remain
Stefano legacy,rdm,signed_modifier_explicit_only,16,23,second-year-update legacy,second-year-update legacy,33,0.5457362761893235,0.5889367089621911,standardized predictive coefficients; edition-specific correlations/semantics remain
Stefano legacy,rdm,signed_modifier_explicit_only,17,18,second-year-update legacy,second-year-update legacy,34,0.9346068067356765,0.9339196846353998,standardized predictive coefficients; edition-specific correlations/semantics remain
Stefano legacy,rdm,signed_modifier_explicit_only,17,19,second-year-update legacy,second-year-update legacy,34,0.7224693704319317,0.7317465966960315,standardized predictive coefficients; edition-specific correlations/semantics remain
Stefano legacy,rdm,signed_modifier_explicit_only,17,20,second-year-update legacy,second-year-update legacy,34,0.661533852376491,0.6586491691137768,standardized predictive coefficients; edition-specific correlations/semantics remain
Stefano legacy,rdm,signed_modifier_explicit_only,17,21,second-year-update legacy,second-year-update legacy,34,0.5836619224559023,0.5778889072355866,standardized predictive coefficients; edition-specific correlations/semantics remain
Stefano legacy,rdm,signed_modifier_explicit_only,17,22,second-year-update legacy,second-year-update legacy,34,0.6792816566696351,0.6750449687838705,standardized predictive coefficients; edition-specific correlations/semantics remain
Stefano legacy,rdm,signed_modifier_explicit_only,17,23,second-year-update legacy,second-year-update legacy,34,0.7426460191248125,0.7404688521332919,standardized predictive coefficients; edition-specific correlations/semantics remain
Stefano legacy,rdm,signed_modifier_explicit_only,18,19,second-year-update legacy,second-year-update legacy,34,0.6909658386830204,0.6998833738057205,standardized predictive coefficients; edition-specific correlations/semantics remain
Stefano legacy,rdm,signed_modifier_explicit_only,18,20,second-year-update legacy,second-year-update legacy,34,0.6304907714318372,0.6273559608212899,standardized predictive coefficients; edition-specific correlations/semantics remain
Stefano legacy,rdm,signed_modifier_explicit_only,18,21,second-year-update legacy,second-year-update legacy,34,0.609225985138176,0.6039817211339092,standardized predictive coefficients; edition-specific correlations/semantics remain
Stefano legacy,rdm,signed_modifier_explicit_only,18,22,second-year-update legacy,second-year-update legacy,34,0.7161546532341103,0.7126308900265724,standardized predictive coefficients; edition-specific correlations/semantics remain
Stefano legacy,rdm,signed_modifier_explicit_only,18,23,second-year-update legacy,second-year-update legacy,34,0.7568659413630002,0.7551882303024603,standardized predictive coefficients; edition-specific correlations/semantics remain
Stefano legacy,rdm,signed_modifier_explicit_only,19,20,second-year-update legacy,second-year-update legacy,34,0.8397642371540366,0.847576956943907,standardized predictive coefficients; edition-specific correlations/semantics remain
Stefano legacy,rdm,signed_modifier_explicit_only,19,21,second-year-update legacy,second-year-update legacy,34,0.7433629573414626,0.7588234668505643,standardized predictive coefficients; edition-specific correlations/semantics remain
Stefano legacy,rdm,signed_modifier_explicit_only,19,22,second-year-update legacy,second-year-update legacy,34,0.7705343044129102,0.7867066542499527,standardized predictive coefficients; edition-specific correlations/semantics remain
Stefano legacy,rdm,signed_modifier_explicit_only,19,23,second-year-update legacy,second-year-update legacy,34,0.7762723045985345,0.8003018009250882,standardized predictive coefficients; edition-specific correlations/semantics remain
Stefano legacy,rdm,signed_modifier_explicit_only,20,21,second-year-update legacy,second-year-update legacy,34,0.8930567625480141,0.8933865533899847,standardized predictive coefficients; edition-specific correlations/semantics remain
Stefano legacy,rdm,signed_modifier_explicit_only,20,22,second-year-update legacy,second-year-update legacy,34,0.9065941906529504,0.9072381598039783,standardized predictive coefficients; edition-specific correlations/semantics remain
Stefano legacy,rdm,signed_modifier_explicit_only,20,23,second-year-update legacy,second-year-update legacy,34,0.9025833763344505,0.9061501685744814,standardized predictive coefficients; edition-specific correlations/semantics remain
Stefano legacy,rdm,signed_modifier_explicit_only,21,22,second-year-update legacy,second-year-update legacy,34,0.95486890433435,0.9538779862868291,standardized predictive coefficients; edition-specific correlations/semantics remain
Stefano legacy,rdm,signed_modifier_explicit_only,21,23,second-year-update legacy,second-year-update legacy,34,0.9098553779327438,0.908242327503522,standardized predictive coefficients; edition-specific correlations/semantics remain
Stefano legacy,rdm,signed_modifier_explicit_only,22,23,second-year-update legacy,second-year-update legacy,34,0.9657920453085348,0.9657105660885252,standardized predictive coefficients; edition-specific correlations/semantics remain
Stefano legacy,rwb,base_rating,15,16,second-year-update legacy,second-year-update legacy,33,0.9653569909357808,0.9496439098955072,standardized predictive coefficients; edition-specific correlations/semantics remain
Stefano legacy,rwb,base_rating,15,17,second-year-update legacy,second-year-update legacy,33,0.9654524442628157,0.9497826647231269,standardized predictive coefficients; edition-specific correlations/semantics remain
Stefano legacy,rwb,base_rating,15,18,second-year-update legacy,second-year-update legacy,33,0.96517085380239,0.9493786528467758,standardized predictive coefficients; edition-specific correlations/semantics remain
Stefano legacy,rwb,base_rating,15,19,second-year-update legacy,second-year-update legacy,33,0.9642544477973894,0.9480470431843699,standardized predictive coefficients; edition-specific correlations/semantics remain
Stefano legacy,rwb,base_rating,15,20,second-year-update legacy,second-year-update legacy,33,0.9649755406423639,0.9491505547181076,standardized predictive coefficients; edition-specific correlations/semantics remain
Stefano legacy,rwb,base_rating,15,21,second-year-update legacy,second-year-update legacy,33,0.965232708849484,0.9494406347935277,standardized predictive coefficients; edition-specific correlations/semantics remain
Stefano legacy,rwb,base_rating,15,22,second-year-update legacy,second-year-update legacy,33,0.9648522642352613,0.9489405261706992,standardized predictive coefficients; edition-specific correlations/semantics remain
Stefano legacy,rwb,base_rating,15,23,second-year-update legacy,second-year-update legacy,33,0.9645151002735747,0.9484131470201106,standardized predictive coefficients; edition-specific correlations/semantics remain
Stefano legacy,rwb,base_rating,16,17,second-year-update legacy,second-year-update legacy,33,0.9999361363572611,0.9999074603938726,standardized predictive coefficients; edition-specific correlations/semantics remain
Stefano legacy,rwb,base_rating,16,18,second-year-update legacy,second-year-update legacy,33,0.9999579370851909,0.9999390676578077,standardized predictive coefficients; edition-specific correlations/semantics remain
Stefano legacy,rwb,base_rating,16,19,second-year-update legacy,second-year-update legacy,33,0.9999363056592332,0.9999077314495143,standardized predictive coefficients; edition-specific correlations/semantics remain
Stefano legacy,rwb,base_rating,16,20,second-year-update legacy,second-year-update legacy,33,0.9999257223341609,0.9998939662830638,standardized predictive coefficients; edition-specific correlations/semantics remain
Stefano legacy,rwb,base_rating,16,21,second-year-update legacy,second-year-update legacy,33,0.9999313440385982,0.9999006976758026,standardized predictive coefficients; edition-specific correlations/semantics remain
Stefano legacy,rwb,base_rating,16,22,second-year-update legacy,second-year-update legacy,33,0.9999194298244212,0.9998836860140733,standardized predictive coefficients; edition-specific correlations/semantics remain
Stefano legacy,rwb,base_rating,16,23,second-year-update legacy,second-year-update legacy,33,0.9999362136852117,0.999907580340364,standardized predictive coefficients; edition-specific correlations/semantics remain
Stefano legacy,rwb,base_rating,17,18,second-year-update legacy,second-year-update legacy,34,0.9999437026642558,0.9999195043474182,standardized predictive coefficients; edition-specific correlations/semantics remain
Stefano legacy,rwb,base_rating,17,19,second-year-update legacy,second-year-update legacy,34,0.9999337279035742,0.999905229258181,standardized predictive coefficients; edition-specific correlations/semantics remain
Stefano legacy,rwb,base_rating,17,20,second-year-update legacy,second-year-update legacy,34,0.9999237895412804,0.9998921746225791,standardized predictive coefficients; edition-specific correlations/semantics remain
Stefano legacy,rwb,base_rating,17,21,second-year-update legacy,second-year-update legacy,34,0.9999565882303769,0.9999382070683378,standardized predictive coefficients; edition-specific correlations/semantics remain
Stefano legacy,rwb,base_rating,17,22,second-year-update legacy,second-year-update legacy,34,0.9999287393520805,0.9998982513976725,standardized predictive coefficients; edition-specific correlations/semantics remain
Stefano legacy,rwb,base_rating,17,23,second-year-update legacy,second-year-update legacy,34,0.9999197835503614,0.9998852862595509,standardized predictive coefficients; edition-specific correlations/semantics remain
Stefano legacy,rwb,base_rating,18,19,second-year-update legacy,second-year-update legacy,34,0.9999225365160378,0.9998892499282241,standardized predictive coefficients; edition-specific correlations/semantics remain
Stefano legacy,rwb,base_rating,18,20,second-year-update legacy,second-year-update legacy,34,0.9999020152121989,0.999860912016992,standardized predictive coefficients; edition-specific correlations/semantics remain
Stefano legacy,rwb,base_rating,18,21,second-year-update legacy,second-year-update legacy,34,0.9999303070184786,0.9999007093869003,standardized predictive coefficients; edition-specific correlations/semantics remain
Stefano legacy,rwb,base_rating,18,22,second-year-update legacy,second-year-update legacy,34,0.999923775909276,0.9998911116199629,standardized predictive coefficients; edition-specific correlations/semantics remain
Stefano legacy,rwb,base_rating,18,23,second-year-update legacy,second-year-update legacy,34,0.9999101410253989,0.9998715203541632,standardized predictive coefficients; edition-specific correlations/semantics remain
Stefano legacy,rwb,base_rating,19,20,second-year-update legacy,second-year-update legacy,34,0.9999443133355661,0.9999216651162142,standardized predictive coefficients; edition-specific correlations/semantics remain
Stefano legacy,rwb,base_rating,19,21,second-year-update legacy,second-year-update legacy,34,0.9999547613657872,0.9999355073950521,standardized predictive coefficients; edition-specific correlations/semantics remain
Stefano legacy,rwb,base_rating,19,22,second-year-update legacy,second-year-update legacy,34,0.999935769815306,0.9999083593623689,standardized predictive coefficients; edition-specific correlations/semantics remain
Stefano legacy,rwb,base_rating,19,23,second-year-update legacy,second-year-update legacy,34,0.9999407908454255,0.9999153202679304,standardized predictive coefficients; edition-specific correlations/semantics remain
Stefano legacy,rwb,base_rating,20,21,second-year-update legacy,second-year-update legacy,34,0.9999546275376738,0.9999376847059748,standardized predictive coefficients; edition-specific correlations/semantics remain
Stefano legacy,rwb,base_rating,20,22,second-year-update legacy,second-year-update legacy,34,0.9999178185578228,0.9998830628444161,standardized predictive coefficients; edition-specific correlations/semantics remain
Stefano legacy,rwb,base_rating,20,23,second-year-update legacy,second-year-update legacy,34,0.9998974851170702,0.9998547103952448,standardized predictive coefficients; edition-specific correlations/semantics remain
Stefano legacy,rwb,base_rating,21,22,second-year-update legacy,second-year-update legacy,34,0.9999610852885604,0.9999451855424317,standardized predictive coefficients; edition-specific correlations/semantics remain
Stefano legacy,rwb,base_rating,21,23,second-year-update legacy,second-year-update legacy,34,0.9999185245569752,0.9998836816240088,standardized predictive coefficients; edition-specific correlations/semantics remain
Stefano legacy,rwb,base_rating,22,23,second-year-update legacy,second-year-update legacy,34,0.9998989867263185,0.9998557561327851,standardized predictive coefficients; edition-specific correlations/semantics remain
Stefano legacy,rwb,signed_modifier_explicit_only,15,16,second-year-update legacy,second-year-update legacy,33,0.6850304618871353,0.6843501931529146,standardized predictive coefficients; edition-specific correlations/semantics remain
Stefano legacy,rwb,signed_modifier_explicit_only,15,17,second-year-update legacy,second-year-update legacy,33,0.4028725316362391,0.4449778182249815,standardized predictive coefficients; edition-specific correlations/semantics remain
Stefano legacy,rwb,signed_modifier_explicit_only,15,18,second-year-update legacy,second-year-update legacy,33,0.41302381982614544,0.45756469914257003,standardized predictive coefficients; edition-specific correlations/semantics remain
Stefano legacy,rwb,signed_modifier_explicit_only,15,19,second-year-update legacy,second-year-update legacy,33,0.45510889618995637,0.4615146216302614,standardized predictive coefficients; edition-specific correlations/semantics remain
Stefano legacy,rwb,signed_modifier_explicit_only,15,20,second-year-update legacy,second-year-update legacy,33,0.6362873399843912,0.6942441426031242,standardized predictive coefficients; edition-specific correlations/semantics remain
Stefano legacy,rwb,signed_modifier_explicit_only,15,21,second-year-update legacy,second-year-update legacy,33,0.5728827357990977,0.633861416052923,standardized predictive coefficients; edition-specific correlations/semantics remain
Stefano legacy,rwb,signed_modifier_explicit_only,15,22,second-year-update legacy,second-year-update legacy,33,0.5311017552873342,0.5996582707195378,standardized predictive coefficients; edition-specific correlations/semantics remain
Stefano legacy,rwb,signed_modifier_explicit_only,15,23,second-year-update legacy,second-year-update legacy,33,0.5057545366599319,0.5816045426903254,standardized predictive coefficients; edition-specific correlations/semantics remain
Stefano legacy,rwb,signed_modifier_explicit_only,16,17,second-year-update legacy,second-year-update legacy,33,0.6161611632294335,0.6412756498137531,standardized predictive coefficients; edition-specific correlations/semantics remain
Stefano legacy,rwb,signed_modifier_explicit_only,16,18,second-year-update legacy,second-year-update legacy,33,0.5504784123513762,0.5758344755060801,standardized predictive coefficients; edition-specific correlations/semantics remain
Stefano legacy,rwb,signed_modifier_explicit_only,16,19,second-year-update legacy,second-year-update legacy,33,0.6721807424025968,0.6740558569938039,standardized predictive coefficients; edition-specific correlations/semantics remain
Stefano legacy,rwb,signed_modifier_explicit_only,16,20,second-year-update legacy,second-year-update legacy,33,0.5184939410748737,0.5469300584168009,standardized predictive coefficients; edition-specific correlations/semantics remain
Stefano legacy,rwb,signed_modifier_explicit_only,16,21,second-year-update legacy,second-year-update legacy,33,0.5185648147396019,0.5504078573938472,standardized predictive coefficients; edition-specific correlations/semantics remain
Stefano legacy,rwb,signed_modifier_explicit_only,16,22,second-year-update legacy,second-year-update legacy,33,0.4775206845547689,0.5140551309162622,standardized predictive coefficients; edition-specific correlations/semantics remain
Stefano legacy,rwb,signed_modifier_explicit_only,16,23,second-year-update legacy,second-year-update legacy,33,0.5535893180109916,0.5992657611806429,standardized predictive coefficients; edition-specific correlations/semantics remain
Stefano legacy,rwb,signed_modifier_explicit_only,17,18,second-year-update legacy,second-year-update legacy,34,0.9330478401969613,0.9316150963188566,standardized predictive coefficients; edition-specific correlations/semantics remain
Stefano legacy,rwb,signed_modifier_explicit_only,17,19,second-year-update legacy,second-year-update legacy,34,0.6588903312160961,0.6728080287759515,standardized predictive coefficients; edition-specific correlations/semantics remain
Stefano legacy,rwb,signed_modifier_explicit_only,17,20,second-year-update legacy,second-year-update legacy,34,0.542682318689898,0.5281070713574338,standardized predictive coefficients; edition-specific correlations/semantics remain
Stefano legacy,rwb,signed_modifier_explicit_only,17,21,second-year-update legacy,second-year-update legacy,34,0.5438605479909995,0.5289587122879321,standardized predictive coefficients; edition-specific correlations/semantics remain
Stefano legacy,rwb,signed_modifier_explicit_only,17,22,second-year-update legacy,second-year-update legacy,34,0.652721499350102,0.6407808429305322,standardized predictive coefficients; edition-specific correlations/semantics remain
Stefano legacy,rwb,signed_modifier_explicit_only,17,23,second-year-update legacy,second-year-update legacy,34,0.7100563038341234,0.7006066462542531,standardized predictive coefficients; edition-specific correlations/semantics remain
Stefano legacy,rwb,signed_modifier_explicit_only,18,19,second-year-update legacy,second-year-update legacy,34,0.6473834236867316,0.6586308941745262,standardized predictive coefficients; edition-specific correlations/semantics remain
Stefano legacy,rwb,signed_modifier_explicit_only,18,20,second-year-update legacy,second-year-update legacy,34,0.5962601587582397,0.5854731666863555,standardized predictive coefficients; edition-specific correlations/semantics remain
Stefano legacy,rwb,signed_modifier_explicit_only,18,21,second-year-update legacy,second-year-update legacy,34,0.568271593100063,0.5564379853261152,standardized predictive coefficients; edition-specific correlations/semantics remain
Stefano legacy,rwb,signed_modifier_explicit_only,18,22,second-year-update legacy,second-year-update legacy,34,0.6935547364736555,0.6857634916524454,standardized predictive coefficients; edition-specific correlations/semantics remain
Stefano legacy,rwb,signed_modifier_explicit_only,18,23,second-year-update legacy,second-year-update legacy,34,0.7572215790025804,0.7526040110492481,standardized predictive coefficients; edition-specific correlations/semantics remain
Stefano legacy,rwb,signed_modifier_explicit_only,19,20,second-year-update legacy,second-year-update legacy,34,0.7183979908108661,0.7380617253689217,standardized predictive coefficients; edition-specific correlations/semantics remain
Stefano legacy,rwb,signed_modifier_explicit_only,19,21,second-year-update legacy,second-year-update legacy,34,0.7757047759459439,0.7976431749034926,standardized predictive coefficients; edition-specific correlations/semantics remain
Stefano legacy,rwb,signed_modifier_explicit_only,19,22,second-year-update legacy,second-year-update legacy,34,0.775294408279322,0.8035050803724259,standardized predictive coefficients; edition-specific correlations/semantics remain
Stefano legacy,rwb,signed_modifier_explicit_only,19,23,second-year-update legacy,second-year-update legacy,34,0.7627844208013108,0.7949235556226127,standardized predictive coefficients; edition-specific correlations/semantics remain
Stefano legacy,rwb,signed_modifier_explicit_only,20,21,second-year-update legacy,second-year-update legacy,34,0.8968631054506944,0.8927688674594275,standardized predictive coefficients; edition-specific correlations/semantics remain
Stefano legacy,rwb,signed_modifier_explicit_only,20,22,second-year-update legacy,second-year-update legacy,34,0.9032256735245796,0.8993990880390709,standardized predictive coefficients; edition-specific correlations/semantics remain
Stefano legacy,rwb,signed_modifier_explicit_only,20,23,second-year-update legacy,second-year-update legacy,34,0.8595160681019233,0.8538862425568872,standardized predictive coefficients; edition-specific correlations/semantics remain
Stefano legacy,rwb,signed_modifier_explicit_only,21,22,second-year-update legacy,second-year-update legacy,34,0.9553670601312083,0.9537124041089505,standardized predictive coefficients; edition-specific correlations/semantics remain
Stefano legacy,rwb,signed_modifier_explicit_only,21,23,second-year-update legacy,second-year-update legacy,34,0.9112972623129575,0.9078968060890333,standardized predictive coefficients; edition-specific correlations/semantics remain
Stefano legacy,rwb,signed_modifier_explicit_only,22,23,second-year-update legacy,second-year-update legacy,34,0.9418586548706139,0.9385485664651687,standardized predictive coefficients; edition-specific correlations/semantics remain
Stefano legacy,lb,base_rating,15,16,second-year-update legacy,second-year-update legacy,33,0.9685020046006769,0.9553179276527954,standardized predictive coefficients; edition-specific correlations/semantics remain
Stefano legacy,lb,base_rating,15,17,second-year-update legacy,second-year-update legacy,33,0.968547271759797,0.9554220607448005,standardized predictive coefficients; edition-specific correlations/semantics remain
Stefano legacy,lb,base_rating,15,18,second-year-update legacy,second-year-update legacy,33,0.9682473413323103,0.9550131637740201,standardized predictive coefficients; edition-specific correlations/semantics remain
Stefano legacy,lb,base_rating,15,19,second-year-update legacy,second-year-update legacy,33,0.968830878519321,0.9558041136467796,standardized predictive coefficients; edition-specific correlations/semantics remain
Stefano legacy,lb,base_rating,15,20,second-year-update legacy,second-year-update legacy,33,0.9686891625654883,0.95565046675358,standardized predictive coefficients; edition-specific correlations/semantics remain
Stefano legacy,lb,base_rating,15,21,second-year-update legacy,second-year-update legacy,33,0.969245265047058,0.9563765257717332,standardized predictive coefficients; edition-specific correlations/semantics remain
Stefano legacy,lb,base_rating,15,22,second-year-update legacy,second-year-update legacy,33,0.9683284495861464,0.9550372399541907,standardized predictive coefficients; edition-specific correlations/semantics remain
Stefano legacy,lb,base_rating,15,23,second-year-update legacy,second-year-update legacy,33,0.9690016590233035,0.9560237822308723,standardized predictive coefficients; edition-specific correlations/semantics remain
Stefano legacy,lb,base_rating,16,17,second-year-update legacy,second-year-update legacy,33,0.9999465275914133,0.9999253349486831,standardized predictive coefficients; edition-specific correlations/semantics remain
Stefano legacy,lb,base_rating,16,18,second-year-update legacy,second-year-update legacy,33,0.9998619158539491,0.9998066000805146,standardized predictive coefficients; edition-specific correlations/semantics remain
Stefano legacy,lb,base_rating,16,19,second-year-update legacy,second-year-update legacy,33,0.9999019542775306,0.9998614520313774,standardized predictive coefficients; edition-specific correlations/semantics remain
Stefano legacy,lb,base_rating,16,20,second-year-update legacy,second-year-update legacy,33,0.9998927502208527,0.9998510715793514,standardized predictive coefficients; edition-specific correlations/semantics remain
Stefano legacy,lb,base_rating,16,21,second-year-update legacy,second-year-update legacy,33,0.9998345153591601,0.9997656692727191,standardized predictive coefficients; edition-specific correlations/semantics remain
Stefano legacy,lb,base_rating,16,22,second-year-update legacy,second-year-update legacy,33,0.9998501867640731,0.9997884982005546,standardized predictive coefficients; edition-specific correlations/semantics remain
Stefano legacy,lb,base_rating,16,23,second-year-update legacy,second-year-update legacy,33,0.9998850213095162,0.9998371620001477,standardized predictive coefficients; edition-specific correlations/semantics remain
Stefano legacy,lb,base_rating,17,18,second-year-update legacy,second-year-update legacy,34,0.9999382737114418,0.9999138526676886,standardized predictive coefficients; edition-specific correlations/semantics remain
Stefano legacy,lb,base_rating,17,19,second-year-update legacy,second-year-update legacy,34,0.9999479723027012,0.9999273772235056,standardized predictive coefficients; edition-specific correlations/semantics remain
Stefano legacy,lb,base_rating,17,20,second-year-update legacy,second-year-update legacy,34,0.9999529066841729,0.999934779358587,standardized predictive coefficients; edition-specific correlations/semantics remain
Stefano legacy,lb,base_rating,17,21,second-year-update legacy,second-year-update legacy,34,0.9999099494057175,0.9998746842792877,standardized predictive coefficients; edition-specific correlations/semantics remain
Stefano legacy,lb,base_rating,17,22,second-year-update legacy,second-year-update legacy,34,0.9999394996838795,0.9999183521316604,standardized predictive coefficients; edition-specific correlations/semantics remain
Stefano legacy,lb,base_rating,17,23,second-year-update legacy,second-year-update legacy,34,0.9999556969160346,0.9999387929419953,standardized predictive coefficients; edition-specific correlations/semantics remain
Stefano legacy,lb,base_rating,18,19,second-year-update legacy,second-year-update legacy,34,0.9998778771967264,0.999829680265953,standardized predictive coefficients; edition-specific correlations/semantics remain
Stefano legacy,lb,base_rating,18,20,second-year-update legacy,second-year-update legacy,34,0.9998952074096915,0.9998539299801086,standardized predictive coefficients; edition-specific correlations/semantics remain
Stefano legacy,lb,base_rating,18,21,second-year-update legacy,second-year-update legacy,34,0.9998551610301144,0.9997986022471552,standardized predictive coefficients; edition-specific correlations/semantics remain
Stefano legacy,lb,base_rating,18,22,second-year-update legacy,second-year-update legacy,34,0.9999068441160992,0.999873674754742,standardized predictive coefficients; edition-specific correlations/semantics remain
Stefano legacy,lb,base_rating,18,23,second-year-update legacy,second-year-update legacy,34,0.9999310595885406,0.9999048877204509,standardized predictive coefficients; edition-specific correlations/semantics remain
Stefano legacy,lb,base_rating,19,20,second-year-update legacy,second-year-update legacy,34,0.9999376182171571,0.9999138958875511,standardized predictive coefficients; edition-specific correlations/semantics remain
Stefano legacy,lb,base_rating,19,21,second-year-update legacy,second-year-update legacy,34,0.9999434152227321,0.999921109603496,standardized predictive coefficients; edition-specific correlations/semantics remain
Stefano legacy,lb,base_rating,19,22,second-year-update legacy,second-year-update legacy,34,0.9998924628993174,0.9998516431540719,standardized predictive coefficients; edition-specific correlations/semantics remain
Stefano legacy,lb,base_rating,19,23,second-year-update legacy,second-year-update legacy,34,0.999914200854486,0.9998803642745783,standardized predictive coefficients; edition-specific correlations/semantics remain
Stefano legacy,lb,base_rating,20,21,second-year-update legacy,second-year-update legacy,34,0.9999361344569714,0.9999129616865724,standardized predictive coefficients; edition-specific correlations/semantics remain
Stefano legacy,lb,base_rating,20,22,second-year-update legacy,second-year-update legacy,34,0.9999213033817768,0.9998960169294252,standardized predictive coefficients; edition-specific correlations/semantics remain
Stefano legacy,lb,base_rating,20,23,second-year-update legacy,second-year-update legacy,34,0.9999177690114293,0.9998876144611532,standardized predictive coefficients; edition-specific correlations/semantics remain
Stefano legacy,lb,base_rating,21,22,second-year-update legacy,second-year-update legacy,34,0.9998916756624698,0.9998493445063452,standardized predictive coefficients; edition-specific correlations/semantics remain
Stefano legacy,lb,base_rating,21,23,second-year-update legacy,second-year-update legacy,34,0.9998770164895444,0.9998279917100332,standardized predictive coefficients; edition-specific correlations/semantics remain
Stefano legacy,lb,base_rating,22,23,second-year-update legacy,second-year-update legacy,34,0.9999372804933179,0.9999129745629955,standardized predictive coefficients; edition-specific correlations/semantics remain
Stefano legacy,lb,signed_modifier_explicit_only,15,16,second-year-update legacy,second-year-update legacy,33,0.6872416127405384,0.6819967859250262,standardized predictive coefficients; edition-specific correlations/semantics remain
Stefano legacy,lb,signed_modifier_explicit_only,15,17,second-year-update legacy,second-year-update legacy,33,0.27506801574002476,0.316936447582814,standardized predictive coefficients; edition-specific correlations/semantics remain
Stefano legacy,lb,signed_modifier_explicit_only,15,18,second-year-update legacy,second-year-update legacy,33,0.24105147808458335,0.27969831216626934,standardized predictive coefficients; edition-specific correlations/semantics remain
Stefano legacy,lb,signed_modifier_explicit_only,15,19,second-year-update legacy,second-year-update legacy,33,0.4461572708681014,0.454887733050524,standardized predictive coefficients; edition-specific correlations/semantics remain
Stefano legacy,lb,signed_modifier_explicit_only,15,20,second-year-update legacy,second-year-update legacy,33,0.40915924772380025,0.4609691720743535,standardized predictive coefficients; edition-specific correlations/semantics remain
Stefano legacy,lb,signed_modifier_explicit_only,15,21,second-year-update legacy,second-year-update legacy,33,0.49845094590488254,0.5473387281860425,standardized predictive coefficients; edition-specific correlations/semantics remain
Stefano legacy,lb,signed_modifier_explicit_only,15,22,second-year-update legacy,second-year-update legacy,33,0.3176887908490047,0.3660607888097034,standardized predictive coefficients; edition-specific correlations/semantics remain
Stefano legacy,lb,signed_modifier_explicit_only,15,23,second-year-update legacy,second-year-update legacy,33,0.3186843307646607,0.36062412248959436,standardized predictive coefficients; edition-specific correlations/semantics remain
Stefano legacy,lb,signed_modifier_explicit_only,16,17,second-year-update legacy,second-year-update legacy,33,0.592161459192073,0.630330919336861,standardized predictive coefficients; edition-specific correlations/semantics remain
Stefano legacy,lb,signed_modifier_explicit_only,16,18,second-year-update legacy,second-year-update legacy,33,0.543845945431045,0.5786098946058754,standardized predictive coefficients; edition-specific correlations/semantics remain
Stefano legacy,lb,signed_modifier_explicit_only,16,19,second-year-update legacy,second-year-update legacy,33,0.6602077651510382,0.6664884376771988,standardized predictive coefficients; edition-specific correlations/semantics remain
Stefano legacy,lb,signed_modifier_explicit_only,16,20,second-year-update legacy,second-year-update legacy,33,0.45739629660722336,0.49666884171611103,standardized predictive coefficients; edition-specific correlations/semantics remain
Stefano legacy,lb,signed_modifier_explicit_only,16,21,second-year-update legacy,second-year-update legacy,33,0.5815218735528827,0.6190834043546749,standardized predictive coefficients; edition-specific correlations/semantics remain
Stefano legacy,lb,signed_modifier_explicit_only,16,22,second-year-update legacy,second-year-update legacy,33,0.5359645077680939,0.5776250569778056,standardized predictive coefficients; edition-specific correlations/semantics remain
Stefano legacy,lb,signed_modifier_explicit_only,16,23,second-year-update legacy,second-year-update legacy,33,0.5718188747302678,0.6081047616599466,standardized predictive coefficients; edition-specific correlations/semantics remain
Stefano legacy,lb,signed_modifier_explicit_only,17,18,second-year-update legacy,second-year-update legacy,34,0.9471084289450239,0.9465592234100733,standardized predictive coefficients; edition-specific correlations/semantics remain
Stefano legacy,lb,signed_modifier_explicit_only,17,19,second-year-update legacy,second-year-update legacy,34,0.6903040736701326,0.7046981142142887,standardized predictive coefficients; edition-specific correlations/semantics remain
Stefano legacy,lb,signed_modifier_explicit_only,17,20,second-year-update legacy,second-year-update legacy,34,0.5362767206675899,0.5208378498549275,standardized predictive coefficients; edition-specific correlations/semantics remain
Stefano legacy,lb,signed_modifier_explicit_only,17,21,second-year-update legacy,second-year-update legacy,34,0.5276373824988472,0.515619262604543,standardized predictive coefficients; edition-specific correlations/semantics remain
Stefano legacy,lb,signed_modifier_explicit_only,17,22,second-year-update legacy,second-year-update legacy,34,0.6964067590413887,0.6878892763537083,standardized predictive coefficients; edition-specific correlations/semantics remain
Stefano legacy,lb,signed_modifier_explicit_only,17,23,second-year-update legacy,second-year-update legacy,34,0.68125039432854,0.673481182472851,standardized predictive coefficients; edition-specific correlations/semantics remain
Stefano legacy,lb,signed_modifier_explicit_only,18,19,second-year-update legacy,second-year-update legacy,34,0.663513424152502,0.6728376706616225,standardized predictive coefficients; edition-specific correlations/semantics remain
Stefano legacy,lb,signed_modifier_explicit_only,18,20,second-year-update legacy,second-year-update legacy,34,0.5650263166405989,0.5547234186798573,standardized predictive coefficients; edition-specific correlations/semantics remain
Stefano legacy,lb,signed_modifier_explicit_only,18,21,second-year-update legacy,second-year-update legacy,34,0.5604110519911043,0.551689209708329,standardized predictive coefficients; edition-specific correlations/semantics remain
Stefano legacy,lb,signed_modifier_explicit_only,18,22,second-year-update legacy,second-year-update legacy,34,0.7323233077838066,0.7268061418491026,standardized predictive coefficients; edition-specific correlations/semantics remain
Stefano legacy,lb,signed_modifier_explicit_only,18,23,second-year-update legacy,second-year-update legacy,34,0.695299953597814,0.6894172413560204,standardized predictive coefficients; edition-specific correlations/semantics remain
Stefano legacy,lb,signed_modifier_explicit_only,19,20,second-year-update legacy,second-year-update legacy,34,0.5922263536887407,0.6086203052609509,standardized predictive coefficients; edition-specific correlations/semantics remain
Stefano legacy,lb,signed_modifier_explicit_only,19,21,second-year-update legacy,second-year-update legacy,34,0.6693167044689337,0.6807070229524413,standardized predictive coefficients; edition-specific correlations/semantics remain
Stefano legacy,lb,signed_modifier_explicit_only,19,22,second-year-update legacy,second-year-update legacy,34,0.7713931329048715,0.7860113828283614,standardized predictive coefficients; edition-specific correlations/semantics remain
Stefano legacy,lb,signed_modifier_explicit_only,19,23,second-year-update legacy,second-year-update legacy,34,0.6964298869961573,0.7076349389458823,standardized predictive coefficients; edition-specific correlations/semantics remain
Stefano legacy,lb,signed_modifier_explicit_only,20,21,second-year-update legacy,second-year-update legacy,34,0.6732650086124995,0.664306263964689,standardized predictive coefficients; edition-specific correlations/semantics remain
Stefano legacy,lb,signed_modifier_explicit_only,20,22,second-year-update legacy,second-year-update legacy,34,0.7116759912766593,0.7026975016980794,standardized predictive coefficients; edition-specific correlations/semantics remain
Stefano legacy,lb,signed_modifier_explicit_only,20,23,second-year-update legacy,second-year-update legacy,34,0.695828538470801,0.6879278028503854,standardized predictive coefficients; edition-specific correlations/semantics remain
Stefano legacy,lb,signed_modifier_explicit_only,21,22,second-year-update legacy,second-year-update legacy,34,0.8978764382109997,0.8954413733840296,standardized predictive coefficients; edition-specific correlations/semantics remain
Stefano legacy,lb,signed_modifier_explicit_only,21,23,second-year-update legacy,second-year-update legacy,34,0.8525685980281917,0.8493337696361709,standardized predictive coefficients; edition-specific correlations/semantics remain
Stefano legacy,lb,signed_modifier_explicit_only,22,23,second-year-update legacy,second-year-update legacy,34,0.9089878217094154,0.9069437187636306,standardized predictive coefficients; edition-specific correlations/semantics remain
Stefano legacy,lcb,base_rating,15,16,second-year-update legacy,second-year-update legacy,33,0.9676915923298368,0.9574289322678294,standardized predictive coefficients; edition-specific correlations/semantics remain
Stefano legacy,lcb,base_rating,15,17,second-year-update legacy,second-year-update legacy,33,0.9685886308053204,0.9585902112182614,standardized predictive coefficients; edition-specific correlations/semantics remain
Stefano legacy,lcb,base_rating,15,18,second-year-update legacy,second-year-update legacy,33,0.9677815951449791,0.9575700188323428,standardized predictive coefficients; edition-specific correlations/semantics remain
Stefano legacy,lcb,base_rating,15,19,second-year-update legacy,second-year-update legacy,33,0.9676275701582221,0.9573373216717943,standardized predictive coefficients; edition-specific correlations/semantics remain
Stefano legacy,lcb,base_rating,15,20,second-year-update legacy,second-year-update legacy,33,0.9679495860627565,0.9577504964036099,standardized predictive coefficients; edition-specific correlations/semantics remain
Stefano legacy,lcb,base_rating,15,21,second-year-update legacy,second-year-update legacy,33,0.9680329902105846,0.9578803965675414,standardized predictive coefficients; edition-specific correlations/semantics remain
Stefano legacy,lcb,base_rating,15,22,second-year-update legacy,second-year-update legacy,33,0.9675892987886705,0.9573044416972992,standardized predictive coefficients; edition-specific correlations/semantics remain
Stefano legacy,lcb,base_rating,15,23,second-year-update legacy,second-year-update legacy,33,0.9684331798339108,0.9583617204764076,standardized predictive coefficients; edition-specific correlations/semantics remain
Stefano legacy,lcb,base_rating,16,17,second-year-update legacy,second-year-update legacy,33,0.9999194463659572,0.9998943597598896,standardized predictive coefficients; edition-specific correlations/semantics remain
Stefano legacy,lcb,base_rating,16,18,second-year-update legacy,second-year-update legacy,33,0.999926896431034,0.9999042930900119,standardized predictive coefficients; edition-specific correlations/semantics remain
Stefano legacy,lcb,base_rating,16,19,second-year-update legacy,second-year-update legacy,33,0.9998723224517628,0.9998316787409626,standardized predictive coefficients; edition-specific correlations/semantics remain
Stefano legacy,lcb,base_rating,16,20,second-year-update legacy,second-year-update legacy,33,0.9999179469786503,0.9998922274466676,standardized predictive coefficients; edition-specific correlations/semantics remain
Stefano legacy,lcb,base_rating,16,21,second-year-update legacy,second-year-update legacy,33,0.9999363431368776,0.9999160664871162,standardized predictive coefficients; edition-specific correlations/semantics remain
Stefano legacy,lcb,base_rating,16,22,second-year-update legacy,second-year-update legacy,33,0.9999363286453858,0.9999161977553436,standardized predictive coefficients; edition-specific correlations/semantics remain
Stefano legacy,lcb,base_rating,16,23,second-year-update legacy,second-year-update legacy,33,0.9998987995165607,0.999869509043165,standardized predictive coefficients; edition-specific correlations/semantics remain
Stefano legacy,lcb,base_rating,17,18,second-year-update legacy,second-year-update legacy,34,0.9999524617580081,0.999940491524806,standardized predictive coefficients; edition-specific correlations/semantics remain
Stefano legacy,lcb,base_rating,17,19,second-year-update legacy,second-year-update legacy,34,0.9999458942522333,0.9999295697252742,standardized predictive coefficients; edition-specific correlations/semantics remain
Stefano legacy,lcb,base_rating,17,20,second-year-update legacy,second-year-update legacy,34,0.9999272462840056,0.9999049422394881,standardized predictive coefficients; edition-specific correlations/semantics remain
Stefano legacy,lcb,base_rating,17,21,second-year-update legacy,second-year-update legacy,34,0.9999512558149654,0.9999376932974201,standardized predictive coefficients; edition-specific correlations/semantics remain
Stefano legacy,lcb,base_rating,17,22,second-year-update legacy,second-year-update legacy,34,0.9999360351378428,0.9999182079534754,standardized predictive coefficients; edition-specific correlations/semantics remain
Stefano legacy,lcb,base_rating,17,23,second-year-update legacy,second-year-update legacy,34,0.9999506545948187,0.9999360460907133,standardized predictive coefficients; edition-specific correlations/semantics remain
Stefano legacy,lcb,base_rating,18,19,second-year-update legacy,second-year-update legacy,34,0.9999295418793276,0.9999090923296807,standardized predictive coefficients; edition-specific correlations/semantics remain
Stefano legacy,lcb,base_rating,18,20,second-year-update legacy,second-year-update legacy,34,0.9999473107637566,0.9999329274913135,standardized predictive coefficients; edition-specific correlations/semantics remain
Stefano legacy,lcb,base_rating,18,21,second-year-update legacy,second-year-update legacy,34,0.9999561226685081,0.9999429049294203,standardized predictive coefficients; edition-specific correlations/semantics remain
Stefano legacy,lcb,base_rating,18,22,second-year-update legacy,second-year-update legacy,34,0.9999412709375388,0.9999234137378274,standardized predictive coefficients; edition-specific correlations/semantics remain
Stefano legacy,lcb,base_rating,18,23,second-year-update legacy,second-year-update legacy,34,0.9999391619157719,0.9999262427092785,standardized predictive coefficients; edition-specific correlations/semantics remain
Stefano legacy,lcb,base_rating,19,20,second-year-update legacy,second-year-update legacy,34,0.9999206932700064,0.9998964017971492,standardized predictive coefficients; edition-specific correlations/semantics remain
Stefano legacy,lcb,base_rating,19,21,second-year-update legacy,second-year-update legacy,34,0.9999436691350317,0.9999267981434178,standardized predictive coefficients; edition-specific correlations/semantics remain
Stefano legacy,lcb,base_rating,19,22,second-year-update legacy,second-year-update legacy,34,0.9999568707675097,0.9999442727324908,standardized predictive coefficients; edition-specific correlations/semantics remain
Stefano legacy,lcb,base_rating,19,23,second-year-update legacy,second-year-update legacy,34,0.9999566845695081,0.9999451520636305,standardized predictive coefficients; edition-specific correlations/semantics remain
Stefano legacy,lcb,base_rating,20,21,second-year-update legacy,second-year-update legacy,34,0.9999282880746839,0.9999070958624834,standardized predictive coefficients; edition-specific correlations/semantics remain
Stefano legacy,lcb,base_rating,20,22,second-year-update legacy,second-year-update legacy,34,0.9999323029912293,0.9999126582374772,standardized predictive coefficients; edition-specific correlations/semantics remain
Stefano legacy,lcb,base_rating,20,23,second-year-update legacy,second-year-update legacy,34,0.999941361264455,0.9999244383751169,standardized predictive coefficients; edition-specific correlations/semantics remain
Stefano legacy,lcb,base_rating,21,22,second-year-update legacy,second-year-update legacy,34,0.9999680200230795,0.9999582681556335,standardized predictive coefficients; edition-specific correlations/semantics remain
Stefano legacy,lcb,base_rating,21,23,second-year-update legacy,second-year-update legacy,34,0.9999310075040942,0.9999136723220534,standardized predictive coefficients; edition-specific correlations/semantics remain
Stefano legacy,lcb,base_rating,22,23,second-year-update legacy,second-year-update legacy,34,0.9999220816161355,0.9999026584244324,standardized predictive coefficients; edition-specific correlations/semantics remain
Stefano legacy,lcb,signed_modifier_explicit_only,15,16,second-year-update legacy,second-year-update legacy,33,0.7536322658152526,0.7530546953159228,standardized predictive coefficients; edition-specific correlations/semantics remain
Stefano legacy,lcb,signed_modifier_explicit_only,15,17,second-year-update legacy,second-year-update legacy,33,0.5378755455402697,0.5458316251878167,standardized predictive coefficients; edition-specific correlations/semantics remain
Stefano legacy,lcb,signed_modifier_explicit_only,15,18,second-year-update legacy,second-year-update legacy,33,0.477371722890642,0.49744383371662443,standardized predictive coefficients; edition-specific correlations/semantics remain
Stefano legacy,lcb,signed_modifier_explicit_only,15,19,second-year-update legacy,second-year-update legacy,33,0.5781809682511374,0.5852939896109801,standardized predictive coefficients; edition-specific correlations/semantics remain
Stefano legacy,lcb,signed_modifier_explicit_only,15,20,second-year-update legacy,second-year-update legacy,33,0.48727508634218675,0.49732240826248447,standardized predictive coefficients; edition-specific correlations/semantics remain
Stefano legacy,lcb,signed_modifier_explicit_only,15,21,second-year-update legacy,second-year-update legacy,33,0.5850994687416894,0.6013404745147816,standardized predictive coefficients; edition-specific correlations/semantics remain
Stefano legacy,lcb,signed_modifier_explicit_only,15,22,second-year-update legacy,second-year-update legacy,33,0.45911333763225015,0.47162396464013906,standardized predictive coefficients; edition-specific correlations/semantics remain
Stefano legacy,lcb,signed_modifier_explicit_only,15,23,second-year-update legacy,second-year-update legacy,33,0.5062032943363614,0.5231294642798396,standardized predictive coefficients; edition-specific correlations/semantics remain
Stefano legacy,lcb,signed_modifier_explicit_only,16,17,second-year-update legacy,second-year-update legacy,33,0.7221660665812095,0.7298311664470986,standardized predictive coefficients; edition-specific correlations/semantics remain
Stefano legacy,lcb,signed_modifier_explicit_only,16,18,second-year-update legacy,second-year-update legacy,33,0.6813099612728662,0.7030491713600499,standardized predictive coefficients; edition-specific correlations/semantics remain
Stefano legacy,lcb,signed_modifier_explicit_only,16,19,second-year-update legacy,second-year-update legacy,33,0.6958329569243253,0.7023049586150237,standardized predictive coefficients; edition-specific correlations/semantics remain
Stefano legacy,lcb,signed_modifier_explicit_only,16,20,second-year-update legacy,second-year-update legacy,33,0.5161981496763096,0.5250302245094789,standardized predictive coefficients; edition-specific correlations/semantics remain
Stefano legacy,lcb,signed_modifier_explicit_only,16,21,second-year-update legacy,second-year-update legacy,33,0.5958326880892724,0.6103036123272485,standardized predictive coefficients; edition-specific correlations/semantics remain
Stefano legacy,lcb,signed_modifier_explicit_only,16,22,second-year-update legacy,second-year-update legacy,33,0.5254379560715144,0.5369666928447553,standardized predictive coefficients; edition-specific correlations/semantics remain
Stefano legacy,lcb,signed_modifier_explicit_only,16,23,second-year-update legacy,second-year-update legacy,33,0.5718236894749428,0.5877162317321077,standardized predictive coefficients; edition-specific correlations/semantics remain
Stefano legacy,lcb,signed_modifier_explicit_only,17,18,second-year-update legacy,second-year-update legacy,34,0.903303088047243,0.9044825277139896,standardized predictive coefficients; edition-specific correlations/semantics remain
Stefano legacy,lcb,signed_modifier_explicit_only,17,19,second-year-update legacy,second-year-update legacy,34,0.7127076731713425,0.7111951459666687,standardized predictive coefficients; edition-specific correlations/semantics remain
Stefano legacy,lcb,signed_modifier_explicit_only,17,20,second-year-update legacy,second-year-update legacy,34,0.7334485278803576,0.7317912149214184,standardized predictive coefficients; edition-specific correlations/semantics remain
Stefano legacy,lcb,signed_modifier_explicit_only,17,21,second-year-update legacy,second-year-update legacy,34,0.5941497487104644,0.5911047817852444,standardized predictive coefficients; edition-specific correlations/semantics remain
Stefano legacy,lcb,signed_modifier_explicit_only,17,22,second-year-update legacy,second-year-update legacy,34,0.6954051551707158,0.6936012174693449,standardized predictive coefficients; edition-specific correlations/semantics remain
Stefano legacy,lcb,signed_modifier_explicit_only,17,23,second-year-update legacy,second-year-update legacy,34,0.7005387957952235,0.6995221085228783,standardized predictive coefficients; edition-specific correlations/semantics remain
Stefano legacy,lcb,signed_modifier_explicit_only,18,19,second-year-update legacy,second-year-update legacy,34,0.7575721838533439,0.7574108721968488,standardized predictive coefficients; edition-specific correlations/semantics remain
Stefano legacy,lcb,signed_modifier_explicit_only,18,20,second-year-update legacy,second-year-update legacy,34,0.7000089944355442,0.6944022411659728,standardized predictive coefficients; edition-specific correlations/semantics remain
Stefano legacy,lcb,signed_modifier_explicit_only,18,21,second-year-update legacy,second-year-update legacy,34,0.5986706588054997,0.5894580340698482,standardized predictive coefficients; edition-specific correlations/semantics remain
Stefano legacy,lcb,signed_modifier_explicit_only,18,22,second-year-update legacy,second-year-update legacy,34,0.6566438833617403,0.6492723628623506,standardized predictive coefficients; edition-specific correlations/semantics remain
Stefano legacy,lcb,signed_modifier_explicit_only,18,23,second-year-update legacy,second-year-update legacy,34,0.7343565102764001,0.727884221599384,standardized predictive coefficients; edition-specific correlations/semantics remain
Stefano legacy,lcb,signed_modifier_explicit_only,19,20,second-year-update legacy,second-year-update legacy,34,0.7783956938967903,0.7777774708355856,standardized predictive coefficients; edition-specific correlations/semantics remain
Stefano legacy,lcb,signed_modifier_explicit_only,19,21,second-year-update legacy,second-year-update legacy,34,0.7503074955340321,0.7503325985366298,standardized predictive coefficients; edition-specific correlations/semantics remain
Stefano legacy,lcb,signed_modifier_explicit_only,19,22,second-year-update legacy,second-year-update legacy,34,0.7966135192640784,0.7968072738413322,standardized predictive coefficients; edition-specific correlations/semantics remain
Stefano legacy,lcb,signed_modifier_explicit_only,19,23,second-year-update legacy,second-year-update legacy,34,0.8238657864800333,0.8257308952235005,standardized predictive coefficients; edition-specific correlations/semantics remain
Stefano legacy,lcb,signed_modifier_explicit_only,20,21,second-year-update legacy,second-year-update legacy,34,0.7903972482774727,0.7864744684854519,standardized predictive coefficients; edition-specific correlations/semantics remain
Stefano legacy,lcb,signed_modifier_explicit_only,20,22,second-year-update legacy,second-year-update legacy,34,0.8816460125432172,0.8795467095928319,standardized predictive coefficients; edition-specific correlations/semantics remain
Stefano legacy,lcb,signed_modifier_explicit_only,20,23,second-year-update legacy,second-year-update legacy,34,0.8749696900270215,0.872909310333586,standardized predictive coefficients; edition-specific correlations/semantics remain
Stefano legacy,lcb,signed_modifier_explicit_only,21,22,second-year-update legacy,second-year-update legacy,34,0.904018238904592,0.9019110588106763,standardized predictive coefficients; edition-specific correlations/semantics remain
Stefano legacy,lcb,signed_modifier_explicit_only,21,23,second-year-update legacy,second-year-update legacy,34,0.8516343457476354,0.8478495802329736,standardized predictive coefficients; edition-specific correlations/semantics remain
Stefano legacy,lcb,signed_modifier_explicit_only,22,23,second-year-update legacy,second-year-update legacy,34,0.9341277856032928,0.9327664160153146,standardized predictive coefficients; edition-specific correlations/semantics remain
Stefano legacy,cb,base_rating,15,16,second-year-update legacy,second-year-update legacy,33,0.9676915923298368,0.9574289322678294,standardized predictive coefficients; edition-specific correlations/semantics remain
Stefano legacy,cb,base_rating,15,17,second-year-update legacy,second-year-update legacy,33,0.9685886308053204,0.9585902112182614,standardized predictive coefficients; edition-specific correlations/semantics remain
Stefano legacy,cb,base_rating,15,18,second-year-update legacy,second-year-update legacy,33,0.9677815951449791,0.9575700188323428,standardized predictive coefficients; edition-specific correlations/semantics remain
Stefano legacy,cb,base_rating,15,19,second-year-update legacy,second-year-update legacy,33,0.9676275701582221,0.9573373216717943,standardized predictive coefficients; edition-specific correlations/semantics remain
Stefano legacy,cb,base_rating,15,20,second-year-update legacy,second-year-update legacy,33,0.9679495860627565,0.9577504964036099,standardized predictive coefficients; edition-specific correlations/semantics remain
Stefano legacy,cb,base_rating,15,21,second-year-update legacy,second-year-update legacy,33,0.9680329902105846,0.9578803965675414,standardized predictive coefficients; edition-specific correlations/semantics remain
Stefano legacy,cb,base_rating,15,22,second-year-update legacy,second-year-update legacy,33,0.9675892987886705,0.9573044416972992,standardized predictive coefficients; edition-specific correlations/semantics remain
Stefano legacy,cb,base_rating,15,23,second-year-update legacy,second-year-update legacy,33,0.9684331798339108,0.9583617204764076,standardized predictive coefficients; edition-specific correlations/semantics remain
Stefano legacy,cb,base_rating,16,17,second-year-update legacy,second-year-update legacy,33,0.9999194463659572,0.9998943597598896,standardized predictive coefficients; edition-specific correlations/semantics remain
Stefano legacy,cb,base_rating,16,18,second-year-update legacy,second-year-update legacy,33,0.999926896431034,0.9999042930900119,standardized predictive coefficients; edition-specific correlations/semantics remain
Stefano legacy,cb,base_rating,16,19,second-year-update legacy,second-year-update legacy,33,0.9998723224517628,0.9998316787409626,standardized predictive coefficients; edition-specific correlations/semantics remain
Stefano legacy,cb,base_rating,16,20,second-year-update legacy,second-year-update legacy,33,0.9999179469786503,0.9998922274466676,standardized predictive coefficients; edition-specific correlations/semantics remain
Stefano legacy,cb,base_rating,16,21,second-year-update legacy,second-year-update legacy,33,0.9999363431368776,0.9999160664871162,standardized predictive coefficients; edition-specific correlations/semantics remain
Stefano legacy,cb,base_rating,16,22,second-year-update legacy,second-year-update legacy,33,0.9999363286453858,0.9999161977553436,standardized predictive coefficients; edition-specific correlations/semantics remain
Stefano legacy,cb,base_rating,16,23,second-year-update legacy,second-year-update legacy,33,0.9998987995165607,0.999869509043165,standardized predictive coefficients; edition-specific correlations/semantics remain
Stefano legacy,cb,base_rating,17,18,second-year-update legacy,second-year-update legacy,34,0.9999524617580081,0.999940491524806,standardized predictive coefficients; edition-specific correlations/semantics remain
Stefano legacy,cb,base_rating,17,19,second-year-update legacy,second-year-update legacy,34,0.9999458942522333,0.9999295697252742,standardized predictive coefficients; edition-specific correlations/semantics remain
Stefano legacy,cb,base_rating,17,20,second-year-update legacy,second-year-update legacy,34,0.9999272462840056,0.9999049422394881,standardized predictive coefficients; edition-specific correlations/semantics remain
Stefano legacy,cb,base_rating,17,21,second-year-update legacy,second-year-update legacy,34,0.9999512558149654,0.9999376932974201,standardized predictive coefficients; edition-specific correlations/semantics remain
Stefano legacy,cb,base_rating,17,22,second-year-update legacy,second-year-update legacy,34,0.9999360351378428,0.9999182079534754,standardized predictive coefficients; edition-specific correlations/semantics remain
Stefano legacy,cb,base_rating,17,23,second-year-update legacy,second-year-update legacy,34,0.9999506545948187,0.9999360460907133,standardized predictive coefficients; edition-specific correlations/semantics remain
Stefano legacy,cb,base_rating,18,19,second-year-update legacy,second-year-update legacy,34,0.9999295418793276,0.9999090923296807,standardized predictive coefficients; edition-specific correlations/semantics remain
Stefano legacy,cb,base_rating,18,20,second-year-update legacy,second-year-update legacy,34,0.9999473107637566,0.9999329274913135,standardized predictive coefficients; edition-specific correlations/semantics remain
Stefano legacy,cb,base_rating,18,21,second-year-update legacy,second-year-update legacy,34,0.9999561226685081,0.9999429049294203,standardized predictive coefficients; edition-specific correlations/semantics remain
Stefano legacy,cb,base_rating,18,22,second-year-update legacy,second-year-update legacy,34,0.9999412709375388,0.9999234137378274,standardized predictive coefficients; edition-specific correlations/semantics remain
Stefano legacy,cb,base_rating,18,23,second-year-update legacy,second-year-update legacy,34,0.9999391619157719,0.9999262427092785,standardized predictive coefficients; edition-specific correlations/semantics remain
Stefano legacy,cb,base_rating,19,20,second-year-update legacy,second-year-update legacy,34,0.9999206932700064,0.9998964017971492,standardized predictive coefficients; edition-specific correlations/semantics remain
Stefano legacy,cb,base_rating,19,21,second-year-update legacy,second-year-update legacy,34,0.9999436691350317,0.9999267981434178,standardized predictive coefficients; edition-specific correlations/semantics remain
Stefano legacy,cb,base_rating,19,22,second-year-update legacy,second-year-update legacy,34,0.9999568707675097,0.9999442727324908,standardized predictive coefficients; edition-specific correlations/semantics remain
Stefano legacy,cb,base_rating,19,23,second-year-update legacy,second-year-update legacy,34,0.9999566845695081,0.9999451520636305,standardized predictive coefficients; edition-specific correlations/semantics remain
Stefano legacy,cb,base_rating,20,21,second-year-update legacy,second-year-update legacy,34,0.9999282880746839,0.9999070958624834,standardized predictive coefficients; edition-specific correlations/semantics remain
Stefano legacy,cb,base_rating,20,22,second-year-update legacy,second-year-update legacy,34,0.9999323029912293,0.9999126582374772,standardized predictive coefficients; edition-specific correlations/semantics remain
Stefano legacy,cb,base_rating,20,23,second-year-update legacy,second-year-update legacy,34,0.999941361264455,0.9999244383751169,standardized predictive coefficients; edition-specific correlations/semantics remain
Stefano legacy,cb,base_rating,21,22,second-year-update legacy,second-year-update legacy,34,0.9999680200230795,0.9999582681556335,standardized predictive coefficients; edition-specific correlations/semantics remain
Stefano legacy,cb,base_rating,21,23,second-year-update legacy,second-year-update legacy,34,0.9999310075040942,0.9999136723220534,standardized predictive coefficients; edition-specific correlations/semantics remain
Stefano legacy,cb,base_rating,22,23,second-year-update legacy,second-year-update legacy,34,0.9999220816161355,0.9999026584244324,standardized predictive coefficients; edition-specific correlations/semantics remain
Stefano legacy,cb,signed_modifier_explicit_only,15,16,second-year-update legacy,second-year-update legacy,33,0.7536322658152526,0.7530546953159228,standardized predictive coefficients; edition-specific correlations/semantics remain
Stefano legacy,cb,signed_modifier_explicit_only,15,17,second-year-update legacy,second-year-update legacy,33,0.5378755455402697,0.5458316251878167,standardized predictive coefficients; edition-specific correlations/semantics remain
Stefano legacy,cb,signed_modifier_explicit_only,15,18,second-year-update legacy,second-year-update legacy,33,0.477371722890642,0.49744383371662443,standardized predictive coefficients; edition-specific correlations/semantics remain
Stefano legacy,cb,signed_modifier_explicit_only,15,19,second-year-update legacy,second-year-update legacy,33,0.5781809682511374,0.5852939896109801,standardized predictive coefficients; edition-specific correlations/semantics remain
Stefano legacy,cb,signed_modifier_explicit_only,15,20,second-year-update legacy,second-year-update legacy,33,0.48727508634218675,0.49732240826248447,standardized predictive coefficients; edition-specific correlations/semantics remain
Stefano legacy,cb,signed_modifier_explicit_only,15,21,second-year-update legacy,second-year-update legacy,33,0.5850994687416894,0.6013404745147816,standardized predictive coefficients; edition-specific correlations/semantics remain
Stefano legacy,cb,signed_modifier_explicit_only,15,22,second-year-update legacy,second-year-update legacy,33,0.45911333763225015,0.47162396464013906,standardized predictive coefficients; edition-specific correlations/semantics remain
Stefano legacy,cb,signed_modifier_explicit_only,15,23,second-year-update legacy,second-year-update legacy,33,0.5062032943363614,0.5231294642798396,standardized predictive coefficients; edition-specific correlations/semantics remain
Stefano legacy,cb,signed_modifier_explicit_only,16,17,second-year-update legacy,second-year-update legacy,33,0.7221660665812095,0.7298311664470986,standardized predictive coefficients; edition-specific correlations/semantics remain
Stefano legacy,cb,signed_modifier_explicit_only,16,18,second-year-update legacy,second-year-update legacy,33,0.6813099612728662,0.7030491713600499,standardized predictive coefficients; edition-specific correlations/semantics remain
Stefano legacy,cb,signed_modifier_explicit_only,16,19,second-year-update legacy,second-year-update legacy,33,0.6958329569243253,0.7023049586150237,standardized predictive coefficients; edition-specific correlations/semantics remain
Stefano legacy,cb,signed_modifier_explicit_only,16,20,second-year-update legacy,second-year-update legacy,33,0.5161981496763096,0.5250302245094789,standardized predictive coefficients; edition-specific correlations/semantics remain
Stefano legacy,cb,signed_modifier_explicit_only,16,21,second-year-update legacy,second-year-update legacy,33,0.5958326880892724,0.6103036123272485,standardized predictive coefficients; edition-specific correlations/semantics remain
Stefano legacy,cb,signed_modifier_explicit_only,16,22,second-year-update legacy,second-year-update legacy,33,0.5254379560715144,0.5369666928447553,standardized predictive coefficients; edition-specific correlations/semantics remain
Stefano legacy,cb,signed_modifier_explicit_only,16,23,second-year-update legacy,second-year-update legacy,33,0.5718236894749428,0.5877162317321077,standardized predictive coefficients; edition-specific correlations/semantics remain
Stefano legacy,cb,signed_modifier_explicit_only,17,18,second-year-update legacy,second-year-update legacy,34,0.903303088047243,0.9044825277139896,standardized predictive coefficients; edition-specific correlations/semantics remain
Stefano legacy,cb,signed_modifier_explicit_only,17,19,second-year-update legacy,second-year-update legacy,34,0.7127076731713425,0.7111951459666687,standardized predictive coefficients; edition-specific correlations/semantics remain
Stefano legacy,cb,signed_modifier_explicit_only,17,20,second-year-update legacy,second-year-update legacy,34,0.7334485278803576,0.7317912149214184,standardized predictive coefficients; edition-specific correlations/semantics remain
Stefano legacy,cb,signed_modifier_explicit_only,17,21,second-year-update legacy,second-year-update legacy,34,0.5941497487104644,0.5911047817852444,standardized predictive coefficients; edition-specific correlations/semantics remain
Stefano legacy,cb,signed_modifier_explicit_only,17,22,second-year-update legacy,second-year-update legacy,34,0.6954051551707158,0.6936012174693449,standardized predictive coefficients; edition-specific correlations/semantics remain
Stefano legacy,cb,signed_modifier_explicit_only,17,23,second-year-update legacy,second-year-update legacy,34,0.7005387957952235,0.6995221085228783,standardized predictive coefficients; edition-specific correlations/semantics remain
Stefano legacy,cb,signed_modifier_explicit_only,18,19,second-year-update legacy,second-year-update legacy,34,0.7575721838533439,0.7574108721968488,standardized predictive coefficients; edition-specific correlations/semantics remain
Stefano legacy,cb,signed_modifier_explicit_only,18,20,second-year-update legacy,second-year-update legacy,34,0.7000089944355442,0.6944022411659728,standardized predictive coefficients; edition-specific correlations/semantics remain
Stefano legacy,cb,signed_modifier_explicit_only,18,21,second-year-update legacy,second-year-update legacy,34,0.5986706588054997,0.5894580340698482,standardized predictive coefficients; edition-specific correlations/semantics remain
Stefano legacy,cb,signed_modifier_explicit_only,18,22,second-year-update legacy,second-year-update legacy,34,0.6566438833617403,0.6492723628623506,standardized predictive coefficients; edition-specific correlations/semantics remain
Stefano legacy,cb,signed_modifier_explicit_only,18,23,second-year-update legacy,second-year-update legacy,34,0.7343565102764001,0.727884221599384,standardized predictive coefficients; edition-specific correlations/semantics remain
Stefano legacy,cb,signed_modifier_explicit_only,19,20,second-year-update legacy,second-year-update legacy,34,0.7783956938967903,0.7777774708355856,standardized predictive coefficients; edition-specific correlations/semantics remain
Stefano legacy,cb,signed_modifier_explicit_only,19,21,second-year-update legacy,second-year-update legacy,34,0.7503074955340321,0.7503325985366298,standardized predictive coefficients; edition-specific correlations/semantics remain
Stefano legacy,cb,signed_modifier_explicit_only,19,22,second-year-update legacy,second-year-update legacy,34,0.7966135192640784,0.7968072738413322,standardized predictive coefficients; edition-specific correlations/semantics remain
Stefano legacy,cb,signed_modifier_explicit_only,19,23,second-year-update legacy,second-year-update legacy,34,0.8238657864800333,0.8257308952235005,standardized predictive coefficients; edition-specific correlations/semantics remain
Stefano legacy,cb,signed_modifier_explicit_only,20,21,second-year-update legacy,second-year-update legacy,34,0.7903972482774727,0.7864744684854519,standardized predictive coefficients; edition-specific correlations/semantics remain
Stefano legacy,cb,signed_modifier_explicit_only,20,22,second-year-update legacy,second-year-update legacy,34,0.8816460125432172,0.8795467095928319,standardized predictive coefficients; edition-specific correlations/semantics remain
Stefano legacy,cb,signed_modifier_explicit_only,20,23,second-year-update legacy,second-year-update legacy,34,0.8749696900270215,0.872909310333586,standardized predictive coefficients; edition-specific correlations/semantics remain
Stefano legacy,cb,signed_modifier_explicit_only,21,22,second-year-update legacy,second-year-update legacy,34,0.904018238904592,0.9019110588106763,standardized predictive coefficients; edition-specific correlations/semantics remain
Stefano legacy,cb,signed_modifier_explicit_only,21,23,second-year-update legacy,second-year-update legacy,34,0.8516343457476354,0.8478495802329736,standardized predictive coefficients; edition-specific correlations/semantics remain
Stefano legacy,cb,signed_modifier_explicit_only,22,23,second-year-update legacy,second-year-update legacy,34,0.9341277856032928,0.9327664160153146,standardized predictive coefficients; edition-specific correlations/semantics remain
Stefano legacy,rcb,base_rating,15,16,second-year-update legacy,second-year-update legacy,33,0.9676915923298368,0.9574289322678294,standardized predictive coefficients; edition-specific correlations/semantics remain
Stefano legacy,rcb,base_rating,15,17,second-year-update legacy,second-year-update legacy,33,0.9685886308053204,0.9585902112182614,standardized predictive coefficients; edition-specific correlations/semantics remain
Stefano legacy,rcb,base_rating,15,18,second-year-update legacy,second-year-update legacy,33,0.9677815951449791,0.9575700188323428,standardized predictive coefficients; edition-specific correlations/semantics remain
Stefano legacy,rcb,base_rating,15,19,second-year-update legacy,second-year-update legacy,33,0.9676275701582221,0.9573373216717943,standardized predictive coefficients; edition-specific correlations/semantics remain
Stefano legacy,rcb,base_rating,15,20,second-year-update legacy,second-year-update legacy,33,0.9679495860627565,0.9577504964036099,standardized predictive coefficients; edition-specific correlations/semantics remain
Stefano legacy,rcb,base_rating,15,21,second-year-update legacy,second-year-update legacy,33,0.9680329902105846,0.9578803965675414,standardized predictive coefficients; edition-specific correlations/semantics remain
Stefano legacy,rcb,base_rating,15,22,second-year-update legacy,second-year-update legacy,33,0.9675892987886705,0.9573044416972992,standardized predictive coefficients; edition-specific correlations/semantics remain
Stefano legacy,rcb,base_rating,15,23,second-year-update legacy,second-year-update legacy,33,0.9684331798339108,0.9583617204764076,standardized predictive coefficients; edition-specific correlations/semantics remain
Stefano legacy,rcb,base_rating,16,17,second-year-update legacy,second-year-update legacy,33,0.9999194463659572,0.9998943597598896,standardized predictive coefficients; edition-specific correlations/semantics remain
Stefano legacy,rcb,base_rating,16,18,second-year-update legacy,second-year-update legacy,33,0.999926896431034,0.9999042930900119,standardized predictive coefficients; edition-specific correlations/semantics remain
Stefano legacy,rcb,base_rating,16,19,second-year-update legacy,second-year-update legacy,33,0.9998723224517628,0.9998316787409626,standardized predictive coefficients; edition-specific correlations/semantics remain
Stefano legacy,rcb,base_rating,16,20,second-year-update legacy,second-year-update legacy,33,0.9999179469786503,0.9998922274466676,standardized predictive coefficients; edition-specific correlations/semantics remain
Stefano legacy,rcb,base_rating,16,21,second-year-update legacy,second-year-update legacy,33,0.9999363431368776,0.9999160664871162,standardized predictive coefficients; edition-specific correlations/semantics remain
Stefano legacy,rcb,base_rating,16,22,second-year-update legacy,second-year-update legacy,33,0.9999363286453858,0.9999161977553436,standardized predictive coefficients; edition-specific correlations/semantics remain
Stefano legacy,rcb,base_rating,16,23,second-year-update legacy,second-year-update legacy,33,0.9998987995165607,0.999869509043165,standardized predictive coefficients; edition-specific correlations/semantics remain
Stefano legacy,rcb,base_rating,17,18,second-year-update legacy,second-year-update legacy,34,0.9999524617580081,0.999940491524806,standardized predictive coefficients; edition-specific correlations/semantics remain
Stefano legacy,rcb,base_rating,17,19,second-year-update legacy,second-year-update legacy,34,0.9999458942522333,0.9999295697252742,standardized predictive coefficients; edition-specific correlations/semantics remain
Stefano legacy,rcb,base_rating,17,20,second-year-update legacy,second-year-update legacy,34,0.9999272462840056,0.9999049422394881,standardized predictive coefficients; edition-specific correlations/semantics remain
Stefano legacy,rcb,base_rating,17,21,second-year-update legacy,second-year-update legacy,34,0.9999512558149654,0.9999376932974201,standardized predictive coefficients; edition-specific correlations/semantics remain
Stefano legacy,rcb,base_rating,17,22,second-year-update legacy,second-year-update legacy,34,0.9999360351378428,0.9999182079534754,standardized predictive coefficients; edition-specific correlations/semantics remain
Stefano legacy,rcb,base_rating,17,23,second-year-update legacy,second-year-update legacy,34,0.9999506545948187,0.9999360460907133,standardized predictive coefficients; edition-specific correlations/semantics remain
Stefano legacy,rcb,base_rating,18,19,second-year-update legacy,second-year-update legacy,34,0.9999295418793276,0.9999090923296807,standardized predictive coefficients; edition-specific correlations/semantics remain
Stefano legacy,rcb,base_rating,18,20,second-year-update legacy,second-year-update legacy,34,0.9999473107637566,0.9999329274913135,standardized predictive coefficients; edition-specific correlations/semantics remain
Stefano legacy,rcb,base_rating,18,21,second-year-update legacy,second-year-update legacy,34,0.9999561226685081,0.9999429049294203,standardized predictive coefficients; edition-specific correlations/semantics remain
Stefano legacy,rcb,base_rating,18,22,second-year-update legacy,second-year-update legacy,34,0.9999412709375388,0.9999234137378274,standardized predictive coefficients; edition-specific correlations/semantics remain
Stefano legacy,rcb,base_rating,18,23,second-year-update legacy,second-year-update legacy,34,0.9999391619157719,0.9999262427092785,standardized predictive coefficients; edition-specific correlations/semantics remain
Stefano legacy,rcb,base_rating,19,20,second-year-update legacy,second-year-update legacy,34,0.9999206932700064,0.9998964017971492,standardized predictive coefficients; edition-specific correlations/semantics remain
Stefano legacy,rcb,base_rating,19,21,second-year-update legacy,second-year-update legacy,34,0.9999436691350317,0.9999267981434178,standardized predictive coefficients; edition-specific correlations/semantics remain
Stefano legacy,rcb,base_rating,19,22,second-year-update legacy,second-year-update legacy,34,0.9999568707675097,0.9999442727324908,standardized predictive coefficients; edition-specific correlations/semantics remain
Stefano legacy,rcb,base_rating,19,23,second-year-update legacy,second-year-update legacy,34,0.9999566845695081,0.9999451520636305,standardized predictive coefficients; edition-specific correlations/semantics remain
Stefano legacy,rcb,base_rating,20,21,second-year-update legacy,second-year-update legacy,34,0.9999282880746839,0.9999070958624834,standardized predictive coefficients; edition-specific correlations/semantics remain
Stefano legacy,rcb,base_rating,20,22,second-year-update legacy,second-year-update legacy,34,0.9999323029912293,0.9999126582374772,standardized predictive coefficients; edition-specific correlations/semantics remain
Stefano legacy,rcb,base_rating,20,23,second-year-update legacy,second-year-update legacy,34,0.999941361264455,0.9999244383751169,standardized predictive coefficients; edition-specific correlations/semantics remain
Stefano legacy,rcb,base_rating,21,22,second-year-update legacy,second-year-update legacy,34,0.9999680200230795,0.9999582681556335,standardized predictive coefficients; edition-specific correlations/semantics remain
Stefano legacy,rcb,base_rating,21,23,second-year-update legacy,second-year-update legacy,34,0.9999310075040942,0.9999136723220534,standardized predictive coefficients; edition-specific correlations/semantics remain
Stefano legacy,rcb,base_rating,22,23,second-year-update legacy,second-year-update legacy,34,0.9999220816161355,0.9999026584244324,standardized predictive coefficients; edition-specific correlations/semantics remain
Stefano legacy,rcb,signed_modifier_explicit_only,15,16,second-year-update legacy,second-year-update legacy,33,0.7536322658152526,0.7530546953159228,standardized predictive coefficients; edition-specific correlations/semantics remain
Stefano legacy,rcb,signed_modifier_explicit_only,15,17,second-year-update legacy,second-year-update legacy,33,0.5378755455402697,0.5458316251878167,standardized predictive coefficients; edition-specific correlations/semantics remain
Stefano legacy,rcb,signed_modifier_explicit_only,15,18,second-year-update legacy,second-year-update legacy,33,0.477371722890642,0.49744383371662443,standardized predictive coefficients; edition-specific correlations/semantics remain
Stefano legacy,rcb,signed_modifier_explicit_only,15,19,second-year-update legacy,second-year-update legacy,33,0.5781809682511374,0.5852939896109801,standardized predictive coefficients; edition-specific correlations/semantics remain
Stefano legacy,rcb,signed_modifier_explicit_only,15,20,second-year-update legacy,second-year-update legacy,33,0.48727508634218675,0.49732240826248447,standardized predictive coefficients; edition-specific correlations/semantics remain
Stefano legacy,rcb,signed_modifier_explicit_only,15,21,second-year-update legacy,second-year-update legacy,33,0.5850994687416894,0.6013404745147816,standardized predictive coefficients; edition-specific correlations/semantics remain
Stefano legacy,rcb,signed_modifier_explicit_only,15,22,second-year-update legacy,second-year-update legacy,33,0.45911333763225015,0.47162396464013906,standardized predictive coefficients; edition-specific correlations/semantics remain
Stefano legacy,rcb,signed_modifier_explicit_only,15,23,second-year-update legacy,second-year-update legacy,33,0.5062032943363614,0.5231294642798396,standardized predictive coefficients; edition-specific correlations/semantics remain
Stefano legacy,rcb,signed_modifier_explicit_only,16,17,second-year-update legacy,second-year-update legacy,33,0.7221660665812095,0.7298311664470986,standardized predictive coefficients; edition-specific correlations/semantics remain
Stefano legacy,rcb,signed_modifier_explicit_only,16,18,second-year-update legacy,second-year-update legacy,33,0.6813099612728662,0.7030491713600499,standardized predictive coefficients; edition-specific correlations/semantics remain
Stefano legacy,rcb,signed_modifier_explicit_only,16,19,second-year-update legacy,second-year-update legacy,33,0.6958329569243253,0.7023049586150237,standardized predictive coefficients; edition-specific correlations/semantics remain
Stefano legacy,rcb,signed_modifier_explicit_only,16,20,second-year-update legacy,second-year-update legacy,33,0.5161981496763096,0.5250302245094789,standardized predictive coefficients; edition-specific correlations/semantics remain
Stefano legacy,rcb,signed_modifier_explicit_only,16,21,second-year-update legacy,second-year-update legacy,33,0.5958326880892724,0.6103036123272485,standardized predictive coefficients; edition-specific correlations/semantics remain
Stefano legacy,rcb,signed_modifier_explicit_only,16,22,second-year-update legacy,second-year-update legacy,33,0.5254379560715144,0.5369666928447553,standardized predictive coefficients; edition-specific correlations/semantics remain
Stefano legacy,rcb,signed_modifier_explicit_only,16,23,second-year-update legacy,second-year-update legacy,33,0.5718236894749428,0.5877162317321077,standardized predictive coefficients; edition-specific correlations/semantics remain
Stefano legacy,rcb,signed_modifier_explicit_only,17,18,second-year-update legacy,second-year-update legacy,34,0.903303088047243,0.9044825277139896,standardized predictive coefficients; edition-specific correlations/semantics remain
Stefano legacy,rcb,signed_modifier_explicit_only,17,19,second-year-update legacy,second-year-update legacy,34,0.7127076731713425,0.7111951459666687,standardized predictive coefficients; edition-specific correlations/semantics remain
Stefano legacy,rcb,signed_modifier_explicit_only,17,20,second-year-update legacy,second-year-update legacy,34,0.7334485278803576,0.7317912149214184,standardized predictive coefficients; edition-specific correlations/semantics remain
Stefano legacy,rcb,signed_modifier_explicit_only,17,21,second-year-update legacy,second-year-update legacy,34,0.5941497487104644,0.5911047817852444,standardized predictive coefficients; edition-specific correlations/semantics remain
Stefano legacy,rcb,signed_modifier_explicit_only,17,22,second-year-update legacy,second-year-update legacy,34,0.6954051551707158,0.6936012174693449,standardized predictive coefficients; edition-specific correlations/semantics remain
Stefano legacy,rcb,signed_modifier_explicit_only,17,23,second-year-update legacy,second-year-update legacy,34,0.7005387957952235,0.6995221085228783,standardized predictive coefficients; edition-specific correlations/semantics remain
Stefano legacy,rcb,signed_modifier_explicit_only,18,19,second-year-update legacy,second-year-update legacy,34,0.7575721838533439,0.7574108721968488,standardized predictive coefficients; edition-specific correlations/semantics remain
Stefano legacy,rcb,signed_modifier_explicit_only,18,20,second-year-update legacy,second-year-update legacy,34,0.7000089944355442,0.6944022411659728,standardized predictive coefficients; edition-specific correlations/semantics remain
Stefano legacy,rcb,signed_modifier_explicit_only,18,21,second-year-update legacy,second-year-update legacy,34,0.5986706588054997,0.5894580340698482,standardized predictive coefficients; edition-specific correlations/semantics remain
Stefano legacy,rcb,signed_modifier_explicit_only,18,22,second-year-update legacy,second-year-update legacy,34,0.6566438833617403,0.6492723628623506,standardized predictive coefficients; edition-specific correlations/semantics remain
Stefano legacy,rcb,signed_modifier_explicit_only,18,23,second-year-update legacy,second-year-update legacy,34,0.7343565102764001,0.727884221599384,standardized predictive coefficients; edition-specific correlations/semantics remain
Stefano legacy,rcb,signed_modifier_explicit_only,19,20,second-year-update legacy,second-year-update legacy,34,0.7783956938967903,0.7777774708355856,standardized predictive coefficients; edition-specific correlations/semantics remain
Stefano legacy,rcb,signed_modifier_explicit_only,19,21,second-year-update legacy,second-year-update legacy,34,0.7503074955340321,0.7503325985366298,standardized predictive coefficients; edition-specific correlations/semantics remain
Stefano legacy,rcb,signed_modifier_explicit_only,19,22,second-year-update legacy,second-year-update legacy,34,0.7966135192640784,0.7968072738413322,standardized predictive coefficients; edition-specific correlations/semantics remain
Stefano legacy,rcb,signed_modifier_explicit_only,19,23,second-year-update legacy,second-year-update legacy,34,0.8238657864800333,0.8257308952235005,standardized predictive coefficients; edition-specific correlations/semantics remain
Stefano legacy,rcb,signed_modifier_explicit_only,20,21,second-year-update legacy,second-year-update legacy,34,0.7903972482774727,0.7864744684854519,standardized predictive coefficients; edition-specific correlations/semantics remain
Stefano legacy,rcb,signed_modifier_explicit_only,20,22,second-year-update legacy,second-year-update legacy,34,0.8816460125432172,0.8795467095928319,standardized predictive coefficients; edition-specific correlations/semantics remain
Stefano legacy,rcb,signed_modifier_explicit_only,20,23,second-year-update legacy,second-year-update legacy,34,0.8749696900270215,0.872909310333586,standardized predictive coefficients; edition-specific correlations/semantics remain
Stefano legacy,rcb,signed_modifier_explicit_only,21,22,second-year-update legacy,second-year-update legacy,34,0.904018238904592,0.9019110588106763,standardized predictive coefficients; edition-specific correlations/semantics remain
Stefano legacy,rcb,signed_modifier_explicit_only,21,23,second-year-update legacy,second-year-update legacy,34,0.8516343457476354,0.8478495802329736,standardized predictive coefficients; edition-specific correlations/semantics remain
Stefano legacy,rcb,signed_modifier_explicit_only,22,23,second-year-update legacy,second-year-update legacy,34,0.9341277856032928,0.9327664160153146,standardized predictive coefficients; edition-specific correlations/semantics remain
Stefano legacy,rb,base_rating,15,16,second-year-update legacy,second-year-update legacy,33,0.9685020046006769,0.9553179276527954,standardized predictive coefficients; edition-specific correlations/semantics remain
Stefano legacy,rb,base_rating,15,17,second-year-update legacy,second-year-update legacy,33,0.968547271759797,0.9554220607448005,standardized predictive coefficients; edition-specific correlations/semantics remain
Stefano legacy,rb,base_rating,15,18,second-year-update legacy,second-year-update legacy,33,0.9682473413323103,0.9550131637740201,standardized predictive coefficients; edition-specific correlations/semantics remain
Stefano legacy,rb,base_rating,15,19,second-year-update legacy,second-year-update legacy,33,0.968830878519321,0.9558041136467796,standardized predictive coefficients; edition-specific correlations/semantics remain
Stefano legacy,rb,base_rating,15,20,second-year-update legacy,second-year-update legacy,33,0.9686891625654883,0.95565046675358,standardized predictive coefficients; edition-specific correlations/semantics remain
Stefano legacy,rb,base_rating,15,21,second-year-update legacy,second-year-update legacy,33,0.969245265047058,0.9563765257717332,standardized predictive coefficients; edition-specific correlations/semantics remain
Stefano legacy,rb,base_rating,15,22,second-year-update legacy,second-year-update legacy,33,0.9683284495861464,0.9550372399541907,standardized predictive coefficients; edition-specific correlations/semantics remain
Stefano legacy,rb,base_rating,15,23,second-year-update legacy,second-year-update legacy,33,0.9690016590233035,0.9560237822308723,standardized predictive coefficients; edition-specific correlations/semantics remain
Stefano legacy,rb,base_rating,16,17,second-year-update legacy,second-year-update legacy,33,0.9999465275914133,0.9999253349486831,standardized predictive coefficients; edition-specific correlations/semantics remain
Stefano legacy,rb,base_rating,16,18,second-year-update legacy,second-year-update legacy,33,0.9998619158539491,0.9998066000805146,standardized predictive coefficients; edition-specific correlations/semantics remain
Stefano legacy,rb,base_rating,16,19,second-year-update legacy,second-year-update legacy,33,0.9999019542775306,0.9998614520313774,standardized predictive coefficients; edition-specific correlations/semantics remain
Stefano legacy,rb,base_rating,16,20,second-year-update legacy,second-year-update legacy,33,0.9998927502208527,0.9998510715793514,standardized predictive coefficients; edition-specific correlations/semantics remain
Stefano legacy,rb,base_rating,16,21,second-year-update legacy,second-year-update legacy,33,0.9998345153591601,0.9997656692727191,standardized predictive coefficients; edition-specific correlations/semantics remain
Stefano legacy,rb,base_rating,16,22,second-year-update legacy,second-year-update legacy,33,0.9998501867640731,0.9997884982005546,standardized predictive coefficients; edition-specific correlations/semantics remain
Stefano legacy,rb,base_rating,16,23,second-year-update legacy,second-year-update legacy,33,0.9998850213095162,0.9998371620001477,standardized predictive coefficients; edition-specific correlations/semantics remain
Stefano legacy,rb,base_rating,17,18,second-year-update legacy,second-year-update legacy,34,0.9999382737114418,0.9999138526676886,standardized predictive coefficients; edition-specific correlations/semantics remain
Stefano legacy,rb,base_rating,17,19,second-year-update legacy,second-year-update legacy,34,0.9999479723027012,0.9999273772235056,standardized predictive coefficients; edition-specific correlations/semantics remain
Stefano legacy,rb,base_rating,17,20,second-year-update legacy,second-year-update legacy,34,0.9999529066841729,0.999934779358587,standardized predictive coefficients; edition-specific correlations/semantics remain
Stefano legacy,rb,base_rating,17,21,second-year-update legacy,second-year-update legacy,34,0.9999099494057175,0.9998746842792877,standardized predictive coefficients; edition-specific correlations/semantics remain
Stefano legacy,rb,base_rating,17,22,second-year-update legacy,second-year-update legacy,34,0.9999394996838795,0.9999183521316604,standardized predictive coefficients; edition-specific correlations/semantics remain
Stefano legacy,rb,base_rating,17,23,second-year-update legacy,second-year-update legacy,34,0.9999556969160346,0.9999387929419953,standardized predictive coefficients; edition-specific correlations/semantics remain
Stefano legacy,rb,base_rating,18,19,second-year-update legacy,second-year-update legacy,34,0.9998778771967264,0.999829680265953,standardized predictive coefficients; edition-specific correlations/semantics remain
Stefano legacy,rb,base_rating,18,20,second-year-update legacy,second-year-update legacy,34,0.9998952074096915,0.9998539299801086,standardized predictive coefficients; edition-specific correlations/semantics remain
Stefano legacy,rb,base_rating,18,21,second-year-update legacy,second-year-update legacy,34,0.9998551610301144,0.9997986022471552,standardized predictive coefficients; edition-specific correlations/semantics remain
Stefano legacy,rb,base_rating,18,22,second-year-update legacy,second-year-update legacy,34,0.9999068441160992,0.999873674754742,standardized predictive coefficients; edition-specific correlations/semantics remain
Stefano legacy,rb,base_rating,18,23,second-year-update legacy,second-year-update legacy,34,0.9999310595885406,0.9999048877204509,standardized predictive coefficients; edition-specific correlations/semantics remain
Stefano legacy,rb,base_rating,19,20,second-year-update legacy,second-year-update legacy,34,0.9999376182171571,0.9999138958875511,standardized predictive coefficients; edition-specific correlations/semantics remain
Stefano legacy,rb,base_rating,19,21,second-year-update legacy,second-year-update legacy,34,0.9999434152227321,0.999921109603496,standardized predictive coefficients; edition-specific correlations/semantics remain
Stefano legacy,rb,base_rating,19,22,second-year-update legacy,second-year-update legacy,34,0.9998924628993174,0.9998516431540719,standardized predictive coefficients; edition-specific correlations/semantics remain
Stefano legacy,rb,base_rating,19,23,second-year-update legacy,second-year-update legacy,34,0.999914200854486,0.9998803642745783,standardized predictive coefficients; edition-specific correlations/semantics remain
Stefano legacy,rb,base_rating,20,21,second-year-update legacy,second-year-update legacy,34,0.9999361344569714,0.9999129616865724,standardized predictive coefficients; edition-specific correlations/semantics remain
Stefano legacy,rb,base_rating,20,22,second-year-update legacy,second-year-update legacy,34,0.9999213033817768,0.9998960169294252,standardized predictive coefficients; edition-specific correlations/semantics remain
Stefano legacy,rb,base_rating,20,23,second-year-update legacy,second-year-update legacy,34,0.9999177690114293,0.9998876144611532,standardized predictive coefficients; edition-specific correlations/semantics remain
Stefano legacy,rb,base_rating,21,22,second-year-update legacy,second-year-update legacy,34,0.9998916756624698,0.9998493445063452,standardized predictive coefficients; edition-specific correlations/semantics remain
Stefano legacy,rb,base_rating,21,23,second-year-update legacy,second-year-update legacy,34,0.9998770164895444,0.9998279917100332,standardized predictive coefficients; edition-specific correlations/semantics remain
Stefano legacy,rb,base_rating,22,23,second-year-update legacy,second-year-update legacy,34,0.9999372804933179,0.9999129745629955,standardized predictive coefficients; edition-specific correlations/semantics remain
Stefano legacy,rb,signed_modifier_explicit_only,15,16,second-year-update legacy,second-year-update legacy,33,0.6872416127405384,0.6819967859250262,standardized predictive coefficients; edition-specific correlations/semantics remain
Stefano legacy,rb,signed_modifier_explicit_only,15,17,second-year-update legacy,second-year-update legacy,33,0.27506801574002476,0.316936447582814,standardized predictive coefficients; edition-specific correlations/semantics remain
Stefano legacy,rb,signed_modifier_explicit_only,15,18,second-year-update legacy,second-year-update legacy,33,0.24105147808458335,0.27969831216626934,standardized predictive coefficients; edition-specific correlations/semantics remain
Stefano legacy,rb,signed_modifier_explicit_only,15,19,second-year-update legacy,second-year-update legacy,33,0.4461572708681014,0.454887733050524,standardized predictive coefficients; edition-specific correlations/semantics remain
Stefano legacy,rb,signed_modifier_explicit_only,15,20,second-year-update legacy,second-year-update legacy,33,0.40915924772380025,0.4609691720743535,standardized predictive coefficients; edition-specific correlations/semantics remain
Stefano legacy,rb,signed_modifier_explicit_only,15,21,second-year-update legacy,second-year-update legacy,33,0.49845094590488254,0.5473387281860425,standardized predictive coefficients; edition-specific correlations/semantics remain
Stefano legacy,rb,signed_modifier_explicit_only,15,22,second-year-update legacy,second-year-update legacy,33,0.3176887908490047,0.3660607888097034,standardized predictive coefficients; edition-specific correlations/semantics remain
Stefano legacy,rb,signed_modifier_explicit_only,15,23,second-year-update legacy,second-year-update legacy,33,0.3186843307646607,0.36062412248959436,standardized predictive coefficients; edition-specific correlations/semantics remain
Stefano legacy,rb,signed_modifier_explicit_only,16,17,second-year-update legacy,second-year-update legacy,33,0.592161459192073,0.630330919336861,standardized predictive coefficients; edition-specific correlations/semantics remain
Stefano legacy,rb,signed_modifier_explicit_only,16,18,second-year-update legacy,second-year-update legacy,33,0.543845945431045,0.5786098946058754,standardized predictive coefficients; edition-specific correlations/semantics remain
Stefano legacy,rb,signed_modifier_explicit_only,16,19,second-year-update legacy,second-year-update legacy,33,0.6602077651510382,0.6664884376771988,standardized predictive coefficients; edition-specific correlations/semantics remain
Stefano legacy,rb,signed_modifier_explicit_only,16,20,second-year-update legacy,second-year-update legacy,33,0.45739629660722336,0.49666884171611103,standardized predictive coefficients; edition-specific correlations/semantics remain
Stefano legacy,rb,signed_modifier_explicit_only,16,21,second-year-update legacy,second-year-update legacy,33,0.5815218735528827,0.6190834043546749,standardized predictive coefficients; edition-specific correlations/semantics remain
Stefano legacy,rb,signed_modifier_explicit_only,16,22,second-year-update legacy,second-year-update legacy,33,0.5359645077680939,0.5776250569778056,standardized predictive coefficients; edition-specific correlations/semantics remain
Stefano legacy,rb,signed_modifier_explicit_only,16,23,second-year-update legacy,second-year-update legacy,33,0.5718188747302678,0.6081047616599466,standardized predictive coefficients; edition-specific correlations/semantics remain
Stefano legacy,rb,signed_modifier_explicit_only,17,18,second-year-update legacy,second-year-update legacy,34,0.9471084289450239,0.9465592234100733,standardized predictive coefficients; edition-specific correlations/semantics remain
Stefano legacy,rb,signed_modifier_explicit_only,17,19,second-year-update legacy,second-year-update legacy,34,0.6903040736701326,0.7046981142142887,standardized predictive coefficients; edition-specific correlations/semantics remain
Stefano legacy,rb,signed_modifier_explicit_only,17,20,second-year-update legacy,second-year-update legacy,34,0.5362767206675899,0.5208378498549275,standardized predictive coefficients; edition-specific correlations/semantics remain
Stefano legacy,rb,signed_modifier_explicit_only,17,21,second-year-update legacy,second-year-update legacy,34,0.5276373824988472,0.515619262604543,standardized predictive coefficients; edition-specific correlations/semantics remain
Stefano legacy,rb,signed_modifier_explicit_only,17,22,second-year-update legacy,second-year-update legacy,34,0.6964067590413887,0.6878892763537083,standardized predictive coefficients; edition-specific correlations/semantics remain
Stefano legacy,rb,signed_modifier_explicit_only,17,23,second-year-update legacy,second-year-update legacy,34,0.68125039432854,0.673481182472851,standardized predictive coefficients; edition-specific correlations/semantics remain
Stefano legacy,rb,signed_modifier_explicit_only,18,19,second-year-update legacy,second-year-update legacy,34,0.663513424152502,0.6728376706616225,standardized predictive coefficients; edition-specific correlations/semantics remain
Stefano legacy,rb,signed_modifier_explicit_only,18,20,second-year-update legacy,second-year-update legacy,34,0.5650263166405989,0.5547234186798573,standardized predictive coefficients; edition-specific correlations/semantics remain
Stefano legacy,rb,signed_modifier_explicit_only,18,21,second-year-update legacy,second-year-update legacy,34,0.5604110519911043,0.551689209708329,standardized predictive coefficients; edition-specific correlations/semantics remain
Stefano legacy,rb,signed_modifier_explicit_only,18,22,second-year-update legacy,second-year-update legacy,34,0.7323233077838066,0.7268061418491026,standardized predictive coefficients; edition-specific correlations/semantics remain
Stefano legacy,rb,signed_modifier_explicit_only,18,23,second-year-update legacy,second-year-update legacy,34,0.695299953597814,0.6894172413560204,standardized predictive coefficients; edition-specific correlations/semantics remain
Stefano legacy,rb,signed_modifier_explicit_only,19,20,second-year-update legacy,second-year-update legacy,34,0.5922263536887407,0.6086203052609509,standardized predictive coefficients; edition-specific correlations/semantics remain
Stefano legacy,rb,signed_modifier_explicit_only,19,21,second-year-update legacy,second-year-update legacy,34,0.6693167044689337,0.6807070229524413,standardized predictive coefficients; edition-specific correlations/semantics remain
Stefano legacy,rb,signed_modifier_explicit_only,19,22,second-year-update legacy,second-year-update legacy,34,0.7713931329048715,0.7860113828283614,standardized predictive coefficients; edition-specific correlations/semantics remain
Stefano legacy,rb,signed_modifier_explicit_only,19,23,second-year-update legacy,second-year-update legacy,34,0.6964298869961573,0.7076349389458823,standardized predictive coefficients; edition-specific correlations/semantics remain
Stefano legacy,rb,signed_modifier_explicit_only,20,21,second-year-update legacy,second-year-update legacy,34,0.6732650086124995,0.664306263964689,standardized predictive coefficients; edition-specific correlations/semantics remain
Stefano legacy,rb,signed_modifier_explicit_only,20,22,second-year-update legacy,second-year-update legacy,34,0.7116759912766593,0.7026975016980794,standardized predictive coefficients; edition-specific correlations/semantics remain
Stefano legacy,rb,signed_modifier_explicit_only,20,23,second-year-update legacy,second-year-update legacy,34,0.695828538470801,0.6879278028503854,standardized predictive coefficients; edition-specific correlations/semantics remain
Stefano legacy,rb,signed_modifier_explicit_only,21,22,second-year-update legacy,second-year-update legacy,34,0.8978764382109997,0.8954413733840296,standardized predictive coefficients; edition-specific correlations/semantics remain
Stefano legacy,rb,signed_modifier_explicit_only,21,23,second-year-update legacy,second-year-update legacy,34,0.8525685980281917,0.8493337696361709,standardized predictive coefficients; edition-specific correlations/semantics remain
Stefano legacy,rb,signed_modifier_explicit_only,22,23,second-year-update legacy,second-year-update legacy,34,0.9089878217094154,0.9069437187636306,standardized predictive coefficients; edition-specific correlations/semantics remain
Stefano legacy,gk,base_rating,15,16,second-year-update legacy,second-year-update legacy,33,0.9960687252589927,0.9954003878471707,standardized predictive coefficients; edition-specific correlations/semantics remain
Stefano legacy,gk,base_rating,15,17,second-year-update legacy,second-year-update legacy,33,0.995499873632667,0.9947285488091457,standardized predictive coefficients; edition-specific correlations/semantics remain
Stefano legacy,gk,base_rating,15,18,second-year-update legacy,second-year-update legacy,33,0.9954815227656127,0.9947069842898165,standardized predictive coefficients; edition-specific correlations/semantics remain
Stefano legacy,gk,base_rating,15,19,second-year-update legacy,second-year-update legacy,33,0.9959925334134045,0.9953132242944841,standardized predictive coefficients; edition-specific correlations/semantics remain
Stefano legacy,gk,base_rating,15,20,second-year-update legacy,second-year-update legacy,33,0.9941284293344558,0.9931327556870696,standardized predictive coefficients; edition-specific correlations/semantics remain
Stefano legacy,gk,base_rating,15,21,second-year-update legacy,second-year-update legacy,33,0.9939147820951355,0.9928830254305387,standardized predictive coefficients; edition-specific correlations/semantics remain
Stefano legacy,gk,base_rating,15,22,second-year-update legacy,second-year-update legacy,33,0.9947931073173616,0.993917691723205,standardized predictive coefficients; edition-specific correlations/semantics remain
Stefano legacy,gk,base_rating,15,23,second-year-update legacy,second-year-update legacy,33,0.9949913327704298,0.9941324362580276,standardized predictive coefficients; edition-specific correlations/semantics remain
Stefano legacy,gk,base_rating,16,17,second-year-update legacy,second-year-update legacy,33,0.999514230952003,0.9994299371933146,standardized predictive coefficients; edition-specific correlations/semantics remain
Stefano legacy,gk,base_rating,16,18,second-year-update legacy,second-year-update legacy,33,0.9993401503600673,0.9992252929203636,standardized predictive coefficients; edition-specific correlations/semantics remain
Stefano legacy,gk,base_rating,16,19,second-year-update legacy,second-year-update legacy,33,0.9994478776343471,0.9993504940568593,standardized predictive coefficients; edition-specific correlations/semantics remain
Stefano legacy,gk,base_rating,16,20,second-year-update legacy,second-year-update legacy,33,0.9966372293888615,0.9960432385691732,standardized predictive coefficients; edition-specific correlations/semantics remain
Stefano legacy,gk,base_rating,16,21,second-year-update legacy,second-year-update legacy,33,0.9969769059189358,0.9964435169786896,standardized predictive coefficients; edition-specific correlations/semantics remain
Stefano legacy,gk,base_rating,16,22,second-year-update legacy,second-year-update legacy,33,0.9975752780856971,0.9971489371935132,standardized predictive coefficients; edition-specific correlations/semantics remain
Stefano legacy,gk,base_rating,16,23,second-year-update legacy,second-year-update legacy,33,0.9984041012191905,0.9981241445152832,standardized predictive coefficients; edition-specific correlations/semantics remain
Stefano legacy,gk,base_rating,17,18,second-year-update legacy,second-year-update legacy,34,0.999636781451759,0.9995753807010858,standardized predictive coefficients; edition-specific correlations/semantics remain
Stefano legacy,gk,base_rating,17,19,second-year-update legacy,second-year-update legacy,34,0.9994162968722172,0.999318945013434,standardized predictive coefficients; edition-specific correlations/semantics remain
Stefano legacy,gk,base_rating,17,20,second-year-update legacy,second-year-update legacy,34,0.9958629643513951,0.9951642966178555,standardized predictive coefficients; edition-specific correlations/semantics remain
Stefano legacy,gk,base_rating,17,21,second-year-update legacy,second-year-update legacy,34,0.9965541226324095,0.9959736542759188,standardized predictive coefficients; edition-specific correlations/semantics remain
Stefano legacy,gk,base_rating,17,22,second-year-update legacy,second-year-update legacy,34,0.997259624319993,0.9968004028966206,standardized predictive coefficients; edition-specific correlations/semantics remain
Stefano legacy,gk,base_rating,17,23,second-year-update legacy,second-year-update legacy,34,0.9978545695902376,0.997491950621417,standardized predictive coefficients; edition-specific correlations/semantics remain
Stefano legacy,gk,base_rating,18,19,second-year-update legacy,second-year-update legacy,34,0.9996471177930694,0.9995891325436165,standardized predictive coefficients; edition-specific correlations/semantics remain
Stefano legacy,gk,base_rating,18,20,second-year-update legacy,second-year-update legacy,34,0.996248840103566,0.9956165144087893,standardized predictive coefficients; edition-specific correlations/semantics remain
Stefano legacy,gk,base_rating,18,21,second-year-update legacy,second-year-update legacy,34,0.9969309151455303,0.9964152223245367,standardized predictive coefficients; edition-specific correlations/semantics remain
Stefano legacy,gk,base_rating,18,22,second-year-update legacy,second-year-update legacy,34,0.9974778202922856,0.9970562854076107,standardized predictive coefficients; edition-specific correlations/semantics remain
Stefano legacy,gk,base_rating,18,23,second-year-update legacy,second-year-update legacy,34,0.9978730197134452,0.9975135759974375,standardized predictive coefficients; edition-specific correlations/semantics remain
Stefano legacy,gk,base_rating,19,20,second-year-update legacy,second-year-update legacy,34,0.9969647471878414,0.9964457582748912,standardized predictive coefficients; edition-specific correlations/semantics remain
Stefano legacy,gk,base_rating,19,21,second-year-update legacy,second-year-update legacy,34,0.9975342141498262,0.9971130737265085,standardized predictive coefficients; edition-specific correlations/semantics remain
Stefano legacy,gk,base_rating,19,22,second-year-update legacy,second-year-update legacy,34,0.9977883388722073,0.9974111427078458,standardized predictive coefficients; edition-specific correlations/semantics remain
Stefano legacy,gk,base_rating,19,23,second-year-update legacy,second-year-update legacy,34,0.9981764915312457,0.9978688210993322,standardized predictive coefficients; edition-specific correlations/semantics remain
Stefano legacy,gk,base_rating,20,21,second-year-update legacy,second-year-update legacy,34,0.9994484719553189,0.9993531869536357,standardized predictive coefficients; edition-specific correlations/semantics remain
Stefano legacy,gk,base_rating,20,22,second-year-update legacy,second-year-update legacy,34,0.9994224771095757,0.999322673993152,standardized predictive coefficients; edition-specific correlations/semantics remain
Stefano legacy,gk,base_rating,20,23,second-year-update legacy,second-year-update legacy,34,0.9991181253845279,0.998976424507438,standardized predictive coefficients; edition-specific correlations/semantics remain
Stefano legacy,gk,base_rating,21,22,second-year-update legacy,second-year-update legacy,34,0.9995544043152791,0.9994773951266929,standardized predictive coefficients; edition-specific correlations/semantics remain
Stefano legacy,gk,base_rating,21,23,second-year-update legacy,second-year-update legacy,34,0.9991994229891852,0.9990717167188389,standardized predictive coefficients; edition-specific correlations/semantics remain
Stefano legacy,gk,base_rating,22,23,second-year-update legacy,second-year-update legacy,34,0.9996022848243605,0.9995443306131861,standardized predictive coefficients; edition-specific correlations/semantics remain
Stefano legacy,gk,signed_modifier_explicit_only,17,18,second-year-update legacy,second-year-update legacy,34,0.8940476515828626,0.8937950931020359,standardized predictive coefficients; edition-specific correlations/semantics remain
Stefano legacy,gk,signed_modifier_explicit_only,17,19,second-year-update legacy,second-year-update legacy,34,0.6756140107214726,0.6746470524635698,standardized predictive coefficients; edition-specific correlations/semantics remain
Stefano legacy,gk,signed_modifier_explicit_only,17,20,second-year-update legacy,second-year-update legacy,34,0.364272627576468,0.37470069903903847,standardized predictive coefficients; edition-specific correlations/semantics remain
Stefano legacy,gk,signed_modifier_explicit_only,17,21,second-year-update legacy,second-year-update legacy,34,0.3777077314169462,0.3916645422796056,standardized predictive coefficients; edition-specific correlations/semantics remain
Stefano legacy,gk,signed_modifier_explicit_only,17,22,second-year-update legacy,second-year-update legacy,34,0.3082266531284939,0.3209692761640869,standardized predictive coefficients; edition-specific correlations/semantics remain
Stefano legacy,gk,signed_modifier_explicit_only,17,23,second-year-update legacy,second-year-update legacy,34,0.3955051475600133,0.41434640525061406,standardized predictive coefficients; edition-specific correlations/semantics remain
Stefano legacy,gk,signed_modifier_explicit_only,18,19,second-year-update legacy,second-year-update legacy,34,0.7709336660174728,0.7703662820850311,standardized predictive coefficients; edition-specific correlations/semantics remain
Stefano legacy,gk,signed_modifier_explicit_only,18,20,second-year-update legacy,second-year-update legacy,34,0.25302174547804007,0.260999781282462,standardized predictive coefficients; edition-specific correlations/semantics remain
Stefano legacy,gk,signed_modifier_explicit_only,18,21,second-year-update legacy,second-year-update legacy,34,0.2790049286545009,0.2898638901255712,standardized predictive coefficients; edition-specific correlations/semantics remain
Stefano legacy,gk,signed_modifier_explicit_only,18,22,second-year-update legacy,second-year-update legacy,34,0.20230889692422568,0.21197881694457016,standardized predictive coefficients; edition-specific correlations/semantics remain
Stefano legacy,gk,signed_modifier_explicit_only,18,23,second-year-update legacy,second-year-update legacy,34,0.30055239177350057,0.3153427855778984,standardized predictive coefficients; edition-specific correlations/semantics remain
Stefano legacy,gk,signed_modifier_explicit_only,19,20,second-year-update legacy,second-year-update legacy,34,0.18738626353274393,0.19518998508270932,standardized predictive coefficients; edition-specific correlations/semantics remain
Stefano legacy,gk,signed_modifier_explicit_only,19,21,second-year-update legacy,second-year-update legacy,34,0.19354983923894936,0.20380212547312127,standardized predictive coefficients; edition-specific correlations/semantics remain
Stefano legacy,gk,signed_modifier_explicit_only,19,22,second-year-update legacy,second-year-update legacy,34,0.2728228599836237,0.28382468464647875,standardized predictive coefficients; edition-specific correlations/semantics remain
Stefano legacy,gk,signed_modifier_explicit_only,19,23,second-year-update legacy,second-year-update legacy,34,0.31629689768532415,0.33197946999941486,standardized predictive coefficients; edition-specific correlations/semantics remain
Stefano legacy,gk,signed_modifier_explicit_only,20,21,second-year-update legacy,second-year-update legacy,34,0.951437148597135,0.9509961449113575,standardized predictive coefficients; edition-specific correlations/semantics remain
Stefano legacy,gk,signed_modifier_explicit_only,20,22,second-year-update legacy,second-year-update legacy,34,0.8987152350722122,0.8972472950273634,standardized predictive coefficients; edition-specific correlations/semantics remain
Stefano legacy,gk,signed_modifier_explicit_only,20,23,second-year-update legacy,second-year-update legacy,34,0.8310686383914584,0.8291005185539402,standardized predictive coefficients; edition-specific correlations/semantics remain
Stefano legacy,gk,signed_modifier_explicit_only,21,22,second-year-update legacy,second-year-update legacy,34,0.9095819638982691,0.9075491894297758,standardized predictive coefficients; edition-specific correlations/semantics remain
Stefano legacy,gk,signed_modifier_explicit_only,21,23,second-year-update legacy,second-year-update legacy,34,0.8573607013374336,0.853857842494858,standardized predictive coefficients; edition-specific correlations/semantics remain
Stefano legacy,gk,signed_modifier_explicit_only,22,23,second-year-update legacy,second-year-update legacy,34,0.887052055859196,0.8845715850926051,standardized predictive coefficients; edition-specific correlations/semantics remain
