source,edition,raw_field,semantic_group,row_count,nonnull_count,nonnull_pct,has_field
FIFA18 demo SoFIFA,18,,other raw field; semantics source-specific/unmapped,17981,17981,1.0,1
FIFA18 demo SoFIFA,18,Acceleration,physical speed/agility attribute; source-era meaning needs verification,17981,17981,1.0,1
FIFA18 demo SoFIFA,18,Age,biographical covariate,17981,17981,1.0,1
FIFA18 demo SoFIFA,18,Aggression,defensive attribute; mapping is approximate,17981,17981,1.0,1
FIFA18 demo SoFIFA,18,Agility,physical speed/agility attribute; source-era meaning needs verification,17981,17981,1.0,1
FIFA18 demo SoFIFA,18,Balance,other raw field; semantics source-specific/unmapped,17981,17981,1.0,1
FIFA18 demo SoFIFA,18,Ball control,other raw field; semantics source-specific/unmapped,17981,17981,1.0,1
FIFA18 demo SoFIFA,18,CAM,native position rating label (source-specific code),17981,15952,0.887159,1
FIFA18 demo SoFIFA,18,CB,native position rating label (source-specific code),17981,15952,0.887159,1
FIFA18 demo SoFIFA,18,CDM,native position rating label (source-specific code),17981,15952,0.887159,1
FIFA18 demo SoFIFA,18,CF,native position rating label (source-specific code),17981,15952,0.887159,1
FIFA18 demo SoFIFA,18,CM,native position rating label (source-specific code),17981,15952,0.887159,1
FIFA18 demo SoFIFA,18,Club,identity / roster metadata,17981,17733,0.986208,1
FIFA18 demo SoFIFA,18,Club Logo,identity / roster metadata,17981,17981,1.0,1
FIFA18 demo SoFIFA,18,Composure,other raw field; semantics source-specific/unmapped,17981,17981,1.0,1
FIFA18 demo SoFIFA,18,Crossing,passing/creation attribute; mapping is approximate,17981,17981,1.0,1
FIFA18 demo SoFIFA,18,Curve,passing/creation attribute; mapping is approximate,17981,17981,1.0,1
FIFA18 demo SoFIFA,18,Dribbling,other raw field; semantics source-specific/unmapped,17981,17981,1.0,1
FIFA18 demo SoFIFA,18,Finishing,other raw field; semantics source-specific/unmapped,17981,17981,1.0,1
FIFA18 demo SoFIFA,18,Flag,other raw field; semantics source-specific/unmapped,17981,17981,1.0,1
FIFA18 demo SoFIFA,18,Free kick accuracy,other raw field; semantics source-specific/unmapped,17981,17981,1.0,1
FIFA18 demo SoFIFA,18,GK diving,other raw field; semantics source-specific/unmapped,17981,17981,1.0,1
FIFA18 demo SoFIFA,18,GK handling,other raw field; semantics source-specific/unmapped,17981,17981,1.0,1
FIFA18 demo SoFIFA,18,GK kicking,other raw field; semantics source-specific/unmapped,17981,17981,1.0,1
FIFA18 demo SoFIFA,18,GK positioning,other raw field; semantics source-specific/unmapped,17981,17981,1.0,1
FIFA18 demo SoFIFA,18,GK reflexes,other raw field; semantics source-specific/unmapped,17981,17981,1.0,1
FIFA18 demo SoFIFA,18,Heading accuracy,other raw field; semantics source-specific/unmapped,17981,17981,1.0,1
FIFA18 demo SoFIFA,18,ID,identity / roster metadata,17981,17981,1.0,1
FIFA18 demo SoFIFA,18,Interceptions,defensive attribute; mapping is approximate,17981,17981,1.0,1
FIFA18 demo SoFIFA,18,Jumping,other raw field; semantics source-specific/unmapped,17981,17981,1.0,1
FIFA18 demo SoFIFA,18,LAM,native position rating label (source-specific code),17981,15952,0.887159,1
FIFA18 demo SoFIFA,18,LB,native position rating label (source-specific code),17981,15952,0.887159,1
FIFA18 demo SoFIFA,18,LCB,native position rating label (source-specific code),17981,15952,0.887159,1
FIFA18 demo SoFIFA,18,LCM,native position rating label (source-specific code),17981,15952,0.887159,1
FIFA18 demo SoFIFA,18,LDM,native position rating label (source-specific code),17981,15952,0.887159,1
FIFA18 demo SoFIFA,18,LF,native position rating label (source-specific code),17981,15952,0.887159,1
FIFA18 demo SoFIFA,18,LM,native position rating label (source-specific code),17981,15952,0.887159,1
FIFA18 demo SoFIFA,18,LS,native position rating label (source-specific code),17981,15952,0.887159,1
FIFA18 demo SoFIFA,18,LW,native position rating label (source-specific code),17981,15952,0.887159,1
FIFA18 demo SoFIFA,18,LWB,native position rating label (source-specific code),17981,15952,0.887159,1
FIFA18 demo SoFIFA,18,Long passing,passing/creation attribute; mapping is approximate,17981,17981,1.0,1
FIFA18 demo SoFIFA,18,Long shots,other raw field; semantics source-specific/unmapped,17981,17981,1.0,1
FIFA18 demo SoFIFA,18,Marking,defensive attribute; mapping is approximate,17981,17981,1.0,1
FIFA18 demo SoFIFA,18,Name,identity / roster metadata,17981,17981,1.0,1
FIFA18 demo SoFIFA,18,Nationality,identity / roster metadata,17981,17981,1.0,1
FIFA18 demo SoFIFA,18,Overall,overall rating; labels differ by publisher/source,17981,17981,1.0,1
FIFA18 demo SoFIFA,18,Penalties,other raw field; semantics source-specific/unmapped,17981,17981,1.0,1
FIFA18 demo SoFIFA,18,Photo,other raw field; semantics source-specific/unmapped,17981,17981,1.0,1
FIFA18 demo SoFIFA,18,Positioning,other raw field; semantics source-specific/unmapped,17981,17981,1.0,1
FIFA18 demo SoFIFA,18,Potential,potential; not current ability,17981,17981,1.0,1
FIFA18 demo SoFIFA,18,Preferred Positions,position vocabulary / roster label; not formation geometry,17981,17981,1.0,1
FIFA18 demo SoFIFA,18,RAM,native position rating label (source-specific code),17981,15952,0.887159,1
FIFA18 demo SoFIFA,18,RB,native position rating label (source-specific code),17981,15952,0.887159,1
FIFA18 demo SoFIFA,18,RCB,native position rating label (source-specific code),17981,15952,0.887159,1
FIFA18 demo SoFIFA,18,RCM,native position rating label (source-specific code),17981,15952,0.887159,1
FIFA18 demo SoFIFA,18,RDM,native position rating label (source-specific code),17981,15952,0.887159,1
FIFA18 demo SoFIFA,18,RF,native position rating label (source-specific code),17981,15952,0.887159,1
FIFA18 demo SoFIFA,18,RM,native position rating label (source-specific code),17981,15952,0.887159,1
FIFA18 demo SoFIFA,18,RS,native position rating label (source-specific code),17981,15952,0.887159,1
FIFA18 demo SoFIFA,18,RW,native position rating label (source-specific code),17981,15952,0.887159,1
FIFA18 demo SoFIFA,18,RWB,native position rating label (source-specific code),17981,15952,0.887159,1
FIFA18 demo SoFIFA,18,Reactions,other raw field; semantics source-specific/unmapped,17981,17981,1.0,1
FIFA18 demo SoFIFA,18,ST,native position rating label (source-specific code),17981,15952,0.887159,1
FIFA18 demo SoFIFA,18,Short passing,passing/creation attribute; mapping is approximate,17981,17981,1.0,1
FIFA18 demo SoFIFA,18,Shot power,other raw field; semantics source-specific/unmapped,17981,17981,1.0,1
FIFA18 demo SoFIFA,18,Sliding tackle,defensive attribute; mapping is approximate,17981,17981,1.0,1
FIFA18 demo SoFIFA,18,Special,other raw field; semantics source-specific/unmapped,17981,17981,1.0,1
FIFA18 demo SoFIFA,18,Sprint speed,other raw field; semantics source-specific/unmapped,17981,17981,1.0,1
FIFA18 demo SoFIFA,18,Stamina,other raw field; semantics source-specific/unmapped,17981,17981,1.0,1
FIFA18 demo SoFIFA,18,Standing tackle,defensive attribute; mapping is approximate,17981,17981,1.0,1
FIFA18 demo SoFIFA,18,Strength,other raw field; semantics source-specific/unmapped,17981,17981,1.0,1
FIFA18 demo SoFIFA,18,Value,other raw field; semantics source-specific/unmapped,17981,17981,1.0,1
FIFA18 demo SoFIFA,18,Vision,passing/creation attribute; mapping is approximate,17981,17981,1.0,1
FIFA18 demo SoFIFA,18,Volleys,other raw field; semantics source-specific/unmapped,17981,17981,1.0,1
FIFA18 demo SoFIFA,18,Wage,other raw field; semantics source-specific/unmapped,17981,17981,1.0,1
Mzafram SoFIFA,FC24,acceleration,physical speed/agility attribute; source-era meaning needs verification,18508,18508,1.0,1
Mzafram SoFIFA,FC24,age,biographical covariate,18508,18508,1.0,1
Mzafram SoFIFA,FC24,aggression,defensive attribute; mapping is approximate,18508,18508,1.0,1
Mzafram SoFIFA,FC24,agility,physical speed/agility attribute; source-era meaning needs verification,18508,18508,1.0,1
Mzafram SoFIFA,FC24,alias,other raw field; semantics source-specific/unmapped,18508,18508,1.0,1
Mzafram SoFIFA,FC24,balance,other raw field; semantics source-specific/unmapped,18508,18508,1.0,1
Mzafram SoFIFA,FC24,ball_control,other raw field; semantics source-specific/unmapped,18508,18508,1.0,1
Mzafram SoFIFA,FC24,club_name,identity / roster metadata,18508,18413,0.994867,1
Mzafram SoFIFA,FC24,composure,other raw field; semantics source-specific/unmapped,18508,18508,1.0,1
Mzafram SoFIFA,FC24,crossing,passing/creation attribute; mapping is approximate,18508,18508,1.0,1
Mzafram SoFIFA,FC24,curve,passing/creation attribute; mapping is approximate,18508,18508,1.0,1
Mzafram SoFIFA,FC24,defending,defensive attribute; mapping is approximate,18508,18508,1.0,1
Mzafram SoFIFA,FC24,defensive_awareness,other raw field; semantics source-specific/unmapped,18508,18508,1.0,1
Mzafram SoFIFA,FC24,dribbling,other raw field; semantics source-specific/unmapped,18508,18508,1.0,1
Mzafram SoFIFA,FC24,dribbling_stat,other raw field; semantics source-specific/unmapped,18508,18508,1.0,1
Mzafram SoFIFA,FC24,finishing,other raw field; semantics source-specific/unmapped,18508,18508,1.0,1
Mzafram SoFIFA,FC24,fk_accuracy,passing/creation attribute; mapping is approximate,18508,18508,1.0,1
Mzafram SoFIFA,FC24,game_version,snapshot/version metadata,18508,18508,1.0,1
Mzafram SoFIFA,FC24,gk_diving,goalkeeping attribute,18508,18508,1.0,1
Mzafram SoFIFA,FC24,gk_handling,goalkeeping attribute,18508,18508,1.0,1
Mzafram SoFIFA,FC24,gk_kicking,goalkeeping attribute,18508,18508,1.0,1
Mzafram SoFIFA,FC24,gk_positioning,goalkeeping attribute,18508,18508,1.0,1
Mzafram SoFIFA,FC24,gk_reflexes,goalkeeping attribute,18508,18508,1.0,1
Mzafram SoFIFA,FC24,heading_accuracy,other raw field; semantics source-specific/unmapped,18508,18508,1.0,1
Mzafram SoFIFA,FC24,height_cm,biographical covariate,18508,18508,1.0,1
Mzafram SoFIFA,FC24,interceptions,defensive attribute; mapping is approximate,18508,18508,1.0,1
Mzafram SoFIFA,FC24,jumping,other raw field; semantics source-specific/unmapped,18508,18508,1.0,1
Mzafram SoFIFA,FC24,long_name,identity / roster metadata,18508,18508,1.0,1
Mzafram SoFIFA,FC24,long_passing,passing/creation attribute; mapping is approximate,18508,18508,1.0,1
Mzafram SoFIFA,FC24,long_shots,other raw field; semantics source-specific/unmapped,18508,18508,1.0,1
Mzafram SoFIFA,FC24,nationality,identity / roster metadata,18508,18508,1.0,1
Mzafram SoFIFA,FC24,overall,overall rating; labels differ by publisher/source,18508,18508,1.0,1
Mzafram SoFIFA,FC24,pace,physical speed/agility attribute; source-era meaning needs verification,18508,18508,1.0,1
Mzafram SoFIFA,FC24,passing,passing/creation attribute; mapping is approximate,18508,18508,1.0,1
Mzafram SoFIFA,FC24,penalties,other raw field; semantics source-specific/unmapped,18508,18508,1.0,1
Mzafram SoFIFA,FC24,physical,other raw field; semantics source-specific/unmapped,18508,18508,1.0,1
Mzafram SoFIFA,FC24,player_url,other raw field; semantics source-specific/unmapped,18508,18508,1.0,1
Mzafram SoFIFA,FC24,playstyles,other raw field; semantics source-specific/unmapped,18508,9779,0.528366,1
Mzafram SoFIFA,FC24,playstyles_plus,other raw field; semantics source-specific/unmapped,18508,95,0.005133,1
Mzafram SoFIFA,FC24,positioning,other raw field; semantics source-specific/unmapped,18508,18508,1.0,1
Mzafram SoFIFA,FC24,positions,position vocabulary / roster label; not formation geometry,18508,18508,1.0,1
Mzafram SoFIFA,FC24,potential,potential; not current ability,18508,18508,1.0,1
Mzafram SoFIFA,FC24,preferred_foot,other raw field; semantics source-specific/unmapped,18508,18508,1.0,1
Mzafram SoFIFA,FC24,reactions,other raw field; semantics source-specific/unmapped,18508,18508,1.0,1
Mzafram SoFIFA,FC24,shooting,other raw field; semantics source-specific/unmapped,18508,18508,1.0,1
Mzafram SoFIFA,FC24,short_name,identity / roster metadata,18508,18508,1.0,1
Mzafram SoFIFA,FC24,short_passing,passing/creation attribute; mapping is approximate,18508,18508,1.0,1
Mzafram SoFIFA,FC24,shot_power,other raw field; semantics source-specific/unmapped,18508,18508,1.0,1
Mzafram SoFIFA,FC24,sliding_tackle,defensive attribute; mapping is approximate,18508,18508,1.0,1
Mzafram SoFIFA,FC24,sofifa_id,identity / roster metadata,18508,18508,1.0,1
Mzafram SoFIFA,FC24,sprint_speed,physical speed/agility attribute; source-era meaning needs verification,18508,18508,1.0,1
Mzafram SoFIFA,FC24,stamina,other raw field; semantics source-specific/unmapped,18508,18508,1.0,1
Mzafram SoFIFA,FC24,standing_tackle,defensive attribute; mapping is approximate,18508,18508,1.0,1
Mzafram SoFIFA,FC24,strength,other raw field; semantics source-specific/unmapped,18508,18508,1.0,1
Mzafram SoFIFA,FC24,value_eur,other raw field; semantics source-specific/unmapped,18508,18508,1.0,1
Mzafram SoFIFA,FC24,vision,passing/creation attribute; mapping is approximate,18508,18508,1.0,1
Mzafram SoFIFA,FC24,volleys,other raw field; semantics source-specific/unmapped,18508,18508,1.0,1
Mzafram SoFIFA,FC24,wage_eur,other raw field; semantics source-specific/unmapped,18508,18508,1.0,1
Mzafram SoFIFA,FC24,weight_kg,biographical covariate,18508,18508,1.0,1
Mzafram SoFIFA,FC25,acceleration,physical speed/agility attribute; source-era meaning needs verification,18507,18507,1.0,1
Mzafram SoFIFA,FC25,age,biographical covariate,18507,18507,1.0,1
Mzafram SoFIFA,FC25,aggression,defensive attribute; mapping is approximate,18507,18507,1.0,1
Mzafram SoFIFA,FC25,agility,physical speed/agility attribute; source-era meaning needs verification,18507,18507,1.0,1
Mzafram SoFIFA,FC25,alias,other raw field; semantics source-specific/unmapped,18507,18507,1.0,1
Mzafram SoFIFA,FC25,balance,other raw field; semantics source-specific/unmapped,18507,18507,1.0,1
Mzafram SoFIFA,FC25,ball_control,other raw field; semantics source-specific/unmapped,18507,18507,1.0,1
Mzafram SoFIFA,FC25,club_name,identity / roster metadata,18507,18422,0.995407,1
Mzafram SoFIFA,FC25,composure,other raw field; semantics source-specific/unmapped,18507,18507,1.0,1
Mzafram SoFIFA,FC25,crossing,passing/creation attribute; mapping is approximate,18507,18507,1.0,1
Mzafram SoFIFA,FC25,curve,passing/creation attribute; mapping is approximate,18507,18507,1.0,1
Mzafram SoFIFA,FC25,defending,defensive attribute; mapping is approximate,18507,18507,1.0,1
Mzafram SoFIFA,FC25,defensive_awareness,other raw field; semantics source-specific/unmapped,18507,18507,1.0,1
Mzafram SoFIFA,FC25,dribbling,other raw field; semantics source-specific/unmapped,18507,18507,1.0,1
Mzafram SoFIFA,FC25,dribbling_stat,other raw field; semantics source-specific/unmapped,18507,18507,1.0,1
Mzafram SoFIFA,FC25,finishing,other raw field; semantics source-specific/unmapped,18507,18507,1.0,1
Mzafram SoFIFA,FC25,fk_accuracy,passing/creation attribute; mapping is approximate,18507,18507,1.0,1
Mzafram SoFIFA,FC25,game_version,snapshot/version metadata,18507,18507,1.0,1
Mzafram SoFIFA,FC25,gk_diving,goalkeeping attribute,18507,18507,1.0,1
Mzafram SoFIFA,FC25,gk_handling,goalkeeping attribute,18507,18507,1.0,1
Mzafram SoFIFA,FC25,gk_kicking,goalkeeping attribute,18507,18507,1.0,1
Mzafram SoFIFA,FC25,gk_positioning,goalkeeping attribute,18507,18507,1.0,1
Mzafram SoFIFA,FC25,gk_reflexes,goalkeeping attribute,18507,18507,1.0,1
Mzafram SoFIFA,FC25,heading_accuracy,other raw field; semantics source-specific/unmapped,18507,18507,1.0,1
Mzafram SoFIFA,FC25,height_cm,biographical covariate,18507,18507,1.0,1
Mzafram SoFIFA,FC25,interceptions,defensive attribute; mapping is approximate,18507,18507,1.0,1
Mzafram SoFIFA,FC25,jumping,other raw field; semantics source-specific/unmapped,18507,18507,1.0,1
Mzafram SoFIFA,FC25,long_name,identity / roster metadata,18507,18507,1.0,1
Mzafram SoFIFA,FC25,long_passing,passing/creation attribute; mapping is approximate,18507,18507,1.0,1
Mzafram SoFIFA,FC25,long_shots,other raw field; semantics source-specific/unmapped,18507,18507,1.0,1
Mzafram SoFIFA,FC25,nationality,identity / roster metadata,18507,18507,1.0,1
Mzafram SoFIFA,FC25,overall,overall rating; labels differ by publisher/source,18507,18507,1.0,1
Mzafram SoFIFA,FC25,pace,physical speed/agility attribute; source-era meaning needs verification,18507,18507,1.0,1
Mzafram SoFIFA,FC25,passing,passing/creation attribute; mapping is approximate,18507,18507,1.0,1
Mzafram SoFIFA,FC25,penalties,other raw field; semantics source-specific/unmapped,18507,18507,1.0,1
Mzafram SoFIFA,FC25,physical,other raw field; semantics source-specific/unmapped,18507,18507,1.0,1
Mzafram SoFIFA,FC25,player_url,other raw field; semantics source-specific/unmapped,18507,18507,1.0,1
Mzafram SoFIFA,FC25,playstyles,other raw field; semantics source-specific/unmapped,18507,8897,0.480737,1
Mzafram SoFIFA,FC25,playstyles_plus,other raw field; semantics source-specific/unmapped,18507,130,0.007024,1
Mzafram SoFIFA,FC25,positioning,other raw field; semantics source-specific/unmapped,18507,18507,1.0,1
Mzafram SoFIFA,FC25,positions,position vocabulary / roster label; not formation geometry,18507,18507,1.0,1
Mzafram SoFIFA,FC25,potential,potential; not current ability,18507,18507,1.0,1
Mzafram SoFIFA,FC25,preferred_foot,other raw field; semantics source-specific/unmapped,18507,18507,1.0,1
Mzafram SoFIFA,FC25,reactions,other raw field; semantics source-specific/unmapped,18507,18507,1.0,1
Mzafram SoFIFA,FC25,shooting,other raw field; semantics source-specific/unmapped,18507,18507,1.0,1
Mzafram SoFIFA,FC25,short_name,identity / roster metadata,18507,18507,1.0,1
Mzafram SoFIFA,FC25,short_passing,passing/creation attribute; mapping is approximate,18507,18507,1.0,1
Mzafram SoFIFA,FC25,shot_power,other raw field; semantics source-specific/unmapped,18507,18507,1.0,1
Mzafram SoFIFA,FC25,sliding_tackle,defensive attribute; mapping is approximate,18507,18507,1.0,1
Mzafram SoFIFA,FC25,sofifa_id,identity / roster metadata,18507,18507,1.0,1
Mzafram SoFIFA,FC25,sprint_speed,physical speed/agility attribute; source-era meaning needs verification,18507,18507,1.0,1
Mzafram SoFIFA,FC25,stamina,other raw field; semantics source-specific/unmapped,18507,18507,1.0,1
Mzafram SoFIFA,FC25,standing_tackle,defensive attribute; mapping is approximate,18507,18507,1.0,1
Mzafram SoFIFA,FC25,strength,other raw field; semantics source-specific/unmapped,18507,18507,1.0,1
Mzafram SoFIFA,FC25,value_eur,other raw field; semantics source-specific/unmapped,18507,18507,1.0,1
Mzafram SoFIFA,FC25,vision,passing/creation attribute; mapping is approximate,18507,18507,1.0,1
Mzafram SoFIFA,FC25,volleys,other raw field; semantics source-specific/unmapped,18507,18507,1.0,1
Mzafram SoFIFA,FC25,wage_eur,other raw field; semantics source-specific/unmapped,18507,18507,1.0,1
Mzafram SoFIFA,FC25,weight_kg,biographical covariate,18507,18507,1.0,1
Mzafram SoFIFA,FIFA07,acceleration,physical speed/agility attribute; source-era meaning needs verification,10907,10907,1.0,1
Mzafram SoFIFA,FIFA07,age,biographical covariate,10907,10907,1.0,1
Mzafram SoFIFA,FIFA07,aggression,defensive attribute; mapping is approximate,10907,10907,1.0,1
Mzafram SoFIFA,FIFA07,agility,physical speed/agility attribute; source-era meaning needs verification,10907,10907,1.0,1
Mzafram SoFIFA,FIFA07,alias,other raw field; semantics source-specific/unmapped,10907,10907,1.0,1
Mzafram SoFIFA,FIFA07,balance,other raw field; semantics source-specific/unmapped,10907,10907,1.0,1
Mzafram SoFIFA,FIFA07,ball_control,other raw field; semantics source-specific/unmapped,10907,10907,1.0,1
Mzafram SoFIFA,FIFA07,club_name,identity / roster metadata,10907,10689,0.980013,1
Mzafram SoFIFA,FIFA07,composure,other raw field; semantics source-specific/unmapped,10907,10907,1.0,1
Mzafram SoFIFA,FIFA07,crossing,passing/creation attribute; mapping is approximate,10907,10907,1.0,1
Mzafram SoFIFA,FIFA07,curve,passing/creation attribute; mapping is approximate,10907,10907,1.0,1
Mzafram SoFIFA,FIFA07,defending,defensive attribute; mapping is approximate,10907,10907,1.0,1
Mzafram SoFIFA,FIFA07,defensive_awareness,other raw field; semantics source-specific/unmapped,10907,10907,1.0,1
Mzafram SoFIFA,FIFA07,dribbling,other raw field; semantics source-specific/unmapped,10907,10907,1.0,1
Mzafram SoFIFA,FIFA07,dribbling_stat,other raw field; semantics source-specific/unmapped,10907,10907,1.0,1
Mzafram SoFIFA,FIFA07,finishing,other raw field; semantics source-specific/unmapped,10907,10907,1.0,1
Mzafram SoFIFA,FIFA07,fk_accuracy,passing/creation attribute; mapping is approximate,10907,10907,1.0,1
Mzafram SoFIFA,FIFA07,game_version,snapshot/version metadata,10907,10907,1.0,1
Mzafram SoFIFA,FIFA07,gk_diving,goalkeeping attribute,10907,10907,1.0,1
Mzafram SoFIFA,FIFA07,gk_handling,goalkeeping attribute,10907,10907,1.0,1
Mzafram SoFIFA,FIFA07,gk_kicking,goalkeeping attribute,10907,10907,1.0,1
Mzafram SoFIFA,FIFA07,gk_positioning,goalkeeping attribute,10907,10907,1.0,1
Mzafram SoFIFA,FIFA07,gk_reflexes,goalkeeping attribute,10907,10907,1.0,1
Mzafram SoFIFA,FIFA07,heading_accuracy,other raw field; semantics source-specific/unmapped,10907,10907,1.0,1
Mzafram SoFIFA,FIFA07,height_cm,biographical covariate,10907,10907,1.0,1
Mzafram SoFIFA,FIFA07,interceptions,defensive attribute; mapping is approximate,10907,10907,1.0,1
Mzafram SoFIFA,FIFA07,jumping,other raw field; semantics source-specific/unmapped,10907,10907,1.0,1
Mzafram SoFIFA,FIFA07,long_name,identity / roster metadata,10907,10907,1.0,1
Mzafram SoFIFA,FIFA07,long_passing,passing/creation attribute; mapping is approximate,10907,10907,1.0,1
Mzafram SoFIFA,FIFA07,long_shots,other raw field; semantics source-specific/unmapped,10907,10907,1.0,1
Mzafram SoFIFA,FIFA07,nationality,identity / roster metadata,10907,10907,1.0,1
Mzafram SoFIFA,FIFA07,overall,overall rating; labels differ by publisher/source,10907,10907,1.0,1
Mzafram SoFIFA,FIFA07,pace,physical speed/agility attribute; source-era meaning needs verification,10907,10907,1.0,1
Mzafram SoFIFA,FIFA07,passing,passing/creation attribute; mapping is approximate,10907,10907,1.0,1
Mzafram SoFIFA,FIFA07,penalties,other raw field; semantics source-specific/unmapped,10907,10907,1.0,1
Mzafram SoFIFA,FIFA07,physical,other raw field; semantics source-specific/unmapped,10907,10907,1.0,1
Mzafram SoFIFA,FIFA07,player_url,other raw field; semantics source-specific/unmapped,10907,10907,1.0,1
Mzafram SoFIFA,FIFA07,playstyles,other raw field; semantics source-specific/unmapped,10907,0,0.0,1
Mzafram SoFIFA,FIFA07,playstyles_plus,other raw field; semantics source-specific/unmapped,10907,0,0.0,1
Mzafram SoFIFA,FIFA07,positioning,other raw field; semantics source-specific/unmapped,10907,10907,1.0,1
Mzafram SoFIFA,FIFA07,positions,position vocabulary / roster label; not formation geometry,10907,10907,1.0,1
Mzafram SoFIFA,FIFA07,potential,potential; not current ability,10907,10907,1.0,1
Mzafram SoFIFA,FIFA07,preferred_foot,other raw field; semantics source-specific/unmapped,10907,10907,1.0,1
Mzafram SoFIFA,FIFA07,reactions,other raw field; semantics source-specific/unmapped,10907,10907,1.0,1
Mzafram SoFIFA,FIFA07,shooting,other raw field; semantics source-specific/unmapped,10907,10907,1.0,1
Mzafram SoFIFA,FIFA07,short_name,identity / roster metadata,10907,10907,1.0,1
Mzafram SoFIFA,FIFA07,short_passing,passing/creation attribute; mapping is approximate,10907,10907,1.0,1
Mzafram SoFIFA,FIFA07,shot_power,other raw field; semantics source-specific/unmapped,10907,10907,1.0,1
Mzafram SoFIFA,FIFA07,sliding_tackle,defensive attribute; mapping is approximate,10907,10907,1.0,1
Mzafram SoFIFA,FIFA07,sofifa_id,identity / roster metadata,10907,10907,1.0,1
Mzafram SoFIFA,FIFA07,sprint_speed,physical speed/agility attribute; source-era meaning needs verification,10907,10907,1.0,1
Mzafram SoFIFA,FIFA07,stamina,other raw field; semantics source-specific/unmapped,10907,10907,1.0,1
Mzafram SoFIFA,FIFA07,standing_tackle,defensive attribute; mapping is approximate,10907,10907,1.0,1
Mzafram SoFIFA,FIFA07,strength,other raw field; semantics source-specific/unmapped,10907,10907,1.0,1
Mzafram SoFIFA,FIFA07,value_eur,other raw field; semantics source-specific/unmapped,10907,10907,1.0,1
Mzafram SoFIFA,FIFA07,vision,passing/creation attribute; mapping is approximate,10907,10907,1.0,1
Mzafram SoFIFA,FIFA07,volleys,other raw field; semantics source-specific/unmapped,10907,10907,1.0,1
Mzafram SoFIFA,FIFA07,wage_eur,other raw field; semantics source-specific/unmapped,10907,10907,1.0,1
Mzafram SoFIFA,FIFA07,weight_kg,biographical covariate,10907,10907,1.0,1
Mzafram SoFIFA,FIFA08,acceleration,physical speed/agility attribute; source-era meaning needs verification,12800,12800,1.0,1
Mzafram SoFIFA,FIFA08,age,biographical covariate,12800,12800,1.0,1
Mzafram SoFIFA,FIFA08,aggression,defensive attribute; mapping is approximate,12800,12800,1.0,1
Mzafram SoFIFA,FIFA08,agility,physical speed/agility attribute; source-era meaning needs verification,12800,12800,1.0,1
Mzafram SoFIFA,FIFA08,alias,other raw field; semantics source-specific/unmapped,12800,12800,1.0,1
Mzafram SoFIFA,FIFA08,balance,other raw field; semantics source-specific/unmapped,12800,12800,1.0,1
Mzafram SoFIFA,FIFA08,ball_control,other raw field; semantics source-specific/unmapped,12800,12800,1.0,1
Mzafram SoFIFA,FIFA08,club_name,identity / roster metadata,12800,12546,0.980156,1
Mzafram SoFIFA,FIFA08,composure,other raw field; semantics source-specific/unmapped,12800,12800,1.0,1
Mzafram SoFIFA,FIFA08,crossing,passing/creation attribute; mapping is approximate,12800,12800,1.0,1
Mzafram SoFIFA,FIFA08,curve,passing/creation attribute; mapping is approximate,12800,12800,1.0,1
Mzafram SoFIFA,FIFA08,defending,defensive attribute; mapping is approximate,12800,12800,1.0,1
Mzafram SoFIFA,FIFA08,defensive_awareness,other raw field; semantics source-specific/unmapped,12800,12800,1.0,1
Mzafram SoFIFA,FIFA08,dribbling,other raw field; semantics source-specific/unmapped,12800,12800,1.0,1
Mzafram SoFIFA,FIFA08,dribbling_stat,other raw field; semantics source-specific/unmapped,12800,12800,1.0,1
Mzafram SoFIFA,FIFA08,finishing,other raw field; semantics source-specific/unmapped,12800,12800,1.0,1
Mzafram SoFIFA,FIFA08,fk_accuracy,passing/creation attribute; mapping is approximate,12800,12800,1.0,1
Mzafram SoFIFA,FIFA08,game_version,snapshot/version metadata,12800,12800,1.0,1
Mzafram SoFIFA,FIFA08,gk_diving,goalkeeping attribute,12800,12800,1.0,1
Mzafram SoFIFA,FIFA08,gk_handling,goalkeeping attribute,12800,12800,1.0,1
Mzafram SoFIFA,FIFA08,gk_kicking,goalkeeping attribute,12800,12800,1.0,1
Mzafram SoFIFA,FIFA08,gk_positioning,goalkeeping attribute,12800,12800,1.0,1
Mzafram SoFIFA,FIFA08,gk_reflexes,goalkeeping attribute,12800,12800,1.0,1
Mzafram SoFIFA,FIFA08,heading_accuracy,other raw field; semantics source-specific/unmapped,12800,12800,1.0,1
Mzafram SoFIFA,FIFA08,height_cm,biographical covariate,12800,12800,1.0,1
Mzafram SoFIFA,FIFA08,interceptions,defensive attribute; mapping is approximate,12800,12800,1.0,1
Mzafram SoFIFA,FIFA08,jumping,other raw field; semantics source-specific/unmapped,12800,12800,1.0,1
Mzafram SoFIFA,FIFA08,long_name,identity / roster metadata,12800,12800,1.0,1
Mzafram SoFIFA,FIFA08,long_passing,passing/creation attribute; mapping is approximate,12800,12800,1.0,1
Mzafram SoFIFA,FIFA08,long_shots,other raw field; semantics source-specific/unmapped,12800,12800,1.0,1
Mzafram SoFIFA,FIFA08,nationality,identity / roster metadata,12800,12800,1.0,1
Mzafram SoFIFA,FIFA08,overall,overall rating; labels differ by publisher/source,12800,12800,1.0,1
Mzafram SoFIFA,FIFA08,pace,physical speed/agility attribute; source-era meaning needs verification,12800,12800,1.0,1
Mzafram SoFIFA,FIFA08,passing,passing/creation attribute; mapping is approximate,12800,12800,1.0,1
Mzafram SoFIFA,FIFA08,penalties,other raw field; semantics source-specific/unmapped,12800,12800,1.0,1
Mzafram SoFIFA,FIFA08,physical,other raw field; semantics source-specific/unmapped,12800,12800,1.0,1
Mzafram SoFIFA,FIFA08,player_url,other raw field; semantics source-specific/unmapped,12800,12800,1.0,1
Mzafram SoFIFA,FIFA08,playstyles,other raw field; semantics source-specific/unmapped,12800,0,0.0,1
Mzafram SoFIFA,FIFA08,playstyles_plus,other raw field; semantics source-specific/unmapped,12800,0,0.0,1
Mzafram SoFIFA,FIFA08,positioning,other raw field; semantics source-specific/unmapped,12800,12800,1.0,1
Mzafram SoFIFA,FIFA08,positions,position vocabulary / roster label; not formation geometry,12800,12800,1.0,1
Mzafram SoFIFA,FIFA08,potential,potential; not current ability,12800,12800,1.0,1
Mzafram SoFIFA,FIFA08,preferred_foot,other raw field; semantics source-specific/unmapped,12800,12800,1.0,1
Mzafram SoFIFA,FIFA08,reactions,other raw field; semantics source-specific/unmapped,12800,12800,1.0,1
Mzafram SoFIFA,FIFA08,shooting,other raw field; semantics source-specific/unmapped,12800,12800,1.0,1
Mzafram SoFIFA,FIFA08,short_name,identity / roster metadata,12800,12800,1.0,1
Mzafram SoFIFA,FIFA08,short_passing,passing/creation attribute; mapping is approximate,12800,12800,1.0,1
Mzafram SoFIFA,FIFA08,shot_power,other raw field; semantics source-specific/unmapped,12800,12800,1.0,1
Mzafram SoFIFA,FIFA08,sliding_tackle,defensive attribute; mapping is approximate,12800,12800,1.0,1
Mzafram SoFIFA,FIFA08,sofifa_id,identity / roster metadata,12800,12800,1.0,1
Mzafram SoFIFA,FIFA08,sprint_speed,physical speed/agility attribute; source-era meaning needs verification,12800,12800,1.0,1
Mzafram SoFIFA,FIFA08,stamina,other raw field; semantics source-specific/unmapped,12800,12800,1.0,1
Mzafram SoFIFA,FIFA08,standing_tackle,defensive attribute; mapping is approximate,12800,12800,1.0,1
Mzafram SoFIFA,FIFA08,strength,other raw field; semantics source-specific/unmapped,12800,12800,1.0,1
Mzafram SoFIFA,FIFA08,value_eur,other raw field; semantics source-specific/unmapped,12800,12800,1.0,1
Mzafram SoFIFA,FIFA08,vision,passing/creation attribute; mapping is approximate,12800,12800,1.0,1
Mzafram SoFIFA,FIFA08,volleys,other raw field; semantics source-specific/unmapped,12800,12800,1.0,1
Mzafram SoFIFA,FIFA08,wage_eur,other raw field; semantics source-specific/unmapped,12800,12800,1.0,1
Mzafram SoFIFA,FIFA08,weight_kg,biographical covariate,12800,12800,1.0,1
Mzafram SoFIFA,FIFA09,acceleration,physical speed/agility attribute; source-era meaning needs verification,16198,16198,1.0,1
Mzafram SoFIFA,FIFA09,age,biographical covariate,16198,16198,1.0,1
Mzafram SoFIFA,FIFA09,aggression,defensive attribute; mapping is approximate,16198,16198,1.0,1
Mzafram SoFIFA,FIFA09,agility,physical speed/agility attribute; source-era meaning needs verification,16198,16198,1.0,1
Mzafram SoFIFA,FIFA09,alias,other raw field; semantics source-specific/unmapped,16198,16198,1.0,1
Mzafram SoFIFA,FIFA09,balance,other raw field; semantics source-specific/unmapped,16198,16198,1.0,1
Mzafram SoFIFA,FIFA09,ball_control,other raw field; semantics source-specific/unmapped,16198,16198,1.0,1
Mzafram SoFIFA,FIFA09,club_name,identity / roster metadata,16198,14508,0.895666,1
Mzafram SoFIFA,FIFA09,composure,other raw field; semantics source-specific/unmapped,16198,16198,1.0,1
Mzafram SoFIFA,FIFA09,crossing,passing/creation attribute; mapping is approximate,16198,16198,1.0,1
Mzafram SoFIFA,FIFA09,curve,passing/creation attribute; mapping is approximate,16198,16198,1.0,1
Mzafram SoFIFA,FIFA09,defending,defensive attribute; mapping is approximate,16198,16198,1.0,1
Mzafram SoFIFA,FIFA09,defensive_awareness,other raw field; semantics source-specific/unmapped,16198,16198,1.0,1
Mzafram SoFIFA,FIFA09,dribbling,other raw field; semantics source-specific/unmapped,16198,16198,1.0,1
Mzafram SoFIFA,FIFA09,dribbling_stat,other raw field; semantics source-specific/unmapped,16198,16198,1.0,1
Mzafram SoFIFA,FIFA09,finishing,other raw field; semantics source-specific/unmapped,16198,16198,1.0,1
Mzafram SoFIFA,FIFA09,fk_accuracy,passing/creation attribute; mapping is approximate,16198,16198,1.0,1
Mzafram SoFIFA,FIFA09,game_version,snapshot/version metadata,16198,16198,1.0,1
Mzafram SoFIFA,FIFA09,gk_diving,goalkeeping attribute,16198,16198,1.0,1
Mzafram SoFIFA,FIFA09,gk_handling,goalkeeping attribute,16198,16198,1.0,1
Mzafram SoFIFA,FIFA09,gk_kicking,goalkeeping attribute,16198,16198,1.0,1
Mzafram SoFIFA,FIFA09,gk_positioning,goalkeeping attribute,16198,16198,1.0,1
Mzafram SoFIFA,FIFA09,gk_reflexes,goalkeeping attribute,16198,16198,1.0,1
Mzafram SoFIFA,FIFA09,heading_accuracy,other raw field; semantics source-specific/unmapped,16198,16198,1.0,1
Mzafram SoFIFA,FIFA09,height_cm,biographical covariate,16198,16198,1.0,1
Mzafram SoFIFA,FIFA09,interceptions,defensive attribute; mapping is approximate,16198,16198,1.0,1
Mzafram SoFIFA,FIFA09,jumping,other raw field; semantics source-specific/unmapped,16198,16198,1.0,1
Mzafram SoFIFA,FIFA09,long_name,identity / roster metadata,16198,16198,1.0,1
Mzafram SoFIFA,FIFA09,long_passing,passing/creation attribute; mapping is approximate,16198,16198,1.0,1
Mzafram SoFIFA,FIFA09,long_shots,other raw field; semantics source-specific/unmapped,16198,16198,1.0,1
Mzafram SoFIFA,FIFA09,nationality,identity / roster metadata,16198,16198,1.0,1
Mzafram SoFIFA,FIFA09,overall,overall rating; labels differ by publisher/source,16198,16198,1.0,1
Mzafram SoFIFA,FIFA09,pace,physical speed/agility attribute; source-era meaning needs verification,16198,16198,1.0,1
Mzafram SoFIFA,FIFA09,passing,passing/creation attribute; mapping is approximate,16198,16198,1.0,1
Mzafram SoFIFA,FIFA09,penalties,other raw field; semantics source-specific/unmapped,16198,16198,1.0,1
Mzafram SoFIFA,FIFA09,physical,other raw field; semantics source-specific/unmapped,16198,16198,1.0,1
Mzafram SoFIFA,FIFA09,player_url,other raw field; semantics source-specific/unmapped,16198,16198,1.0,1
Mzafram SoFIFA,FIFA09,playstyles,other raw field; semantics source-specific/unmapped,16198,0,0.0,1
Mzafram SoFIFA,FIFA09,playstyles_plus,other raw field; semantics source-specific/unmapped,16198,0,0.0,1
Mzafram SoFIFA,FIFA09,positioning,other raw field; semantics source-specific/unmapped,16198,16198,1.0,1
Mzafram SoFIFA,FIFA09,positions,position vocabulary / roster label; not formation geometry,16198,16198,1.0,1
Mzafram SoFIFA,FIFA09,potential,potential; not current ability,16198,16198,1.0,1
Mzafram SoFIFA,FIFA09,preferred_foot,other raw field; semantics source-specific/unmapped,16198,16198,1.0,1
Mzafram SoFIFA,FIFA09,reactions,other raw field; semantics source-specific/unmapped,16198,16198,1.0,1
Mzafram SoFIFA,FIFA09,shooting,other raw field; semantics source-specific/unmapped,16198,16198,1.0,1
Mzafram SoFIFA,FIFA09,short_name,identity / roster metadata,16198,16198,1.0,1
Mzafram SoFIFA,FIFA09,short_passing,passing/creation attribute; mapping is approximate,16198,16198,1.0,1
Mzafram SoFIFA,FIFA09,shot_power,other raw field; semantics source-specific/unmapped,16198,16198,1.0,1
Mzafram SoFIFA,FIFA09,sliding_tackle,defensive attribute; mapping is approximate,16198,16198,1.0,1
Mzafram SoFIFA,FIFA09,sofifa_id,identity / roster metadata,16198,16198,1.0,1
Mzafram SoFIFA,FIFA09,sprint_speed,physical speed/agility attribute; source-era meaning needs verification,16198,16198,1.0,1
Mzafram SoFIFA,FIFA09,stamina,other raw field; semantics source-specific/unmapped,16198,16198,1.0,1
Mzafram SoFIFA,FIFA09,standing_tackle,defensive attribute; mapping is approximate,16198,16198,1.0,1
Mzafram SoFIFA,FIFA09,strength,other raw field; semantics source-specific/unmapped,16198,16198,1.0,1
Mzafram SoFIFA,FIFA09,value_eur,other raw field; semantics source-specific/unmapped,16198,16198,1.0,1
Mzafram SoFIFA,FIFA09,vision,passing/creation attribute; mapping is approximate,16198,16198,1.0,1
Mzafram SoFIFA,FIFA09,volleys,other raw field; semantics source-specific/unmapped,16198,16198,1.0,1
Mzafram SoFIFA,FIFA09,wage_eur,other raw field; semantics source-specific/unmapped,16198,16198,1.0,1
Mzafram SoFIFA,FIFA09,weight_kg,biographical covariate,16198,16198,1.0,1
Mzafram SoFIFA,FIFA10,acceleration,physical speed/agility attribute; source-era meaning needs verification,16700,16700,1.0,1
Mzafram SoFIFA,FIFA10,age,biographical covariate,16700,16700,1.0,1
Mzafram SoFIFA,FIFA10,aggression,defensive attribute; mapping is approximate,16700,16700,1.0,1
Mzafram SoFIFA,FIFA10,agility,physical speed/agility attribute; source-era meaning needs verification,16700,16700,1.0,1
Mzafram SoFIFA,FIFA10,alias,other raw field; semantics source-specific/unmapped,16700,16700,1.0,1
Mzafram SoFIFA,FIFA10,balance,other raw field; semantics source-specific/unmapped,16700,16700,1.0,1
Mzafram SoFIFA,FIFA10,ball_control,other raw field; semantics source-specific/unmapped,16700,16700,1.0,1
Mzafram SoFIFA,FIFA10,club_name,identity / roster metadata,16700,14987,0.897425,1
Mzafram SoFIFA,FIFA10,composure,other raw field; semantics source-specific/unmapped,16700,16700,1.0,1
Mzafram SoFIFA,FIFA10,crossing,passing/creation attribute; mapping is approximate,16700,16700,1.0,1
Mzafram SoFIFA,FIFA10,curve,passing/creation attribute; mapping is approximate,16700,16700,1.0,1
Mzafram SoFIFA,FIFA10,defending,defensive attribute; mapping is approximate,16700,16700,1.0,1
Mzafram SoFIFA,FIFA10,defensive_awareness,other raw field; semantics source-specific/unmapped,16700,16700,1.0,1
Mzafram SoFIFA,FIFA10,dribbling,other raw field; semantics source-specific/unmapped,16700,16700,1.0,1
Mzafram SoFIFA,FIFA10,dribbling_stat,other raw field; semantics source-specific/unmapped,16700,16700,1.0,1
Mzafram SoFIFA,FIFA10,finishing,other raw field; semantics source-specific/unmapped,16700,16700,1.0,1
Mzafram SoFIFA,FIFA10,fk_accuracy,passing/creation attribute; mapping is approximate,16700,16700,1.0,1
Mzafram SoFIFA,FIFA10,game_version,snapshot/version metadata,16700,16700,1.0,1
Mzafram SoFIFA,FIFA10,gk_diving,goalkeeping attribute,16700,16700,1.0,1
Mzafram SoFIFA,FIFA10,gk_handling,goalkeeping attribute,16700,16700,1.0,1
Mzafram SoFIFA,FIFA10,gk_kicking,goalkeeping attribute,16700,16700,1.0,1
Mzafram SoFIFA,FIFA10,gk_positioning,goalkeeping attribute,16700,16700,1.0,1
Mzafram SoFIFA,FIFA10,gk_reflexes,goalkeeping attribute,16700,16700,1.0,1
Mzafram SoFIFA,FIFA10,heading_accuracy,other raw field; semantics source-specific/unmapped,16700,16700,1.0,1
Mzafram SoFIFA,FIFA10,height_cm,biographical covariate,16700,16700,1.0,1
Mzafram SoFIFA,FIFA10,interceptions,defensive attribute; mapping is approximate,16700,16700,1.0,1
Mzafram SoFIFA,FIFA10,jumping,other raw field; semantics source-specific/unmapped,16700,16700,1.0,1
Mzafram SoFIFA,FIFA10,long_name,identity / roster metadata,16700,16700,1.0,1
Mzafram SoFIFA,FIFA10,long_passing,passing/creation attribute; mapping is approximate,16700,16700,1.0,1
Mzafram SoFIFA,FIFA10,long_shots,other raw field; semantics source-specific/unmapped,16700,16700,1.0,1
Mzafram SoFIFA,FIFA10,nationality,identity / roster metadata,16700,16700,1.0,1
Mzafram SoFIFA,FIFA10,overall,overall rating; labels differ by publisher/source,16700,16700,1.0,1
Mzafram SoFIFA,FIFA10,pace,physical speed/agility attribute; source-era meaning needs verification,16700,16700,1.0,1
Mzafram SoFIFA,FIFA10,passing,passing/creation attribute; mapping is approximate,16700,16700,1.0,1
Mzafram SoFIFA,FIFA10,penalties,other raw field; semantics source-specific/unmapped,16700,16700,1.0,1
Mzafram SoFIFA,FIFA10,physical,other raw field; semantics source-specific/unmapped,16700,16700,1.0,1
Mzafram SoFIFA,FIFA10,player_url,other raw field; semantics source-specific/unmapped,16700,16700,1.0,1
Mzafram SoFIFA,FIFA10,playstyles,other raw field; semantics source-specific/unmapped,16700,0,0.0,1
Mzafram SoFIFA,FIFA10,playstyles_plus,other raw field; semantics source-specific/unmapped,16700,0,0.0,1
Mzafram SoFIFA,FIFA10,positioning,other raw field; semantics source-specific/unmapped,16700,16700,1.0,1
Mzafram SoFIFA,FIFA10,positions,position vocabulary / roster label; not formation geometry,16700,16700,1.0,1
Mzafram SoFIFA,FIFA10,potential,potential; not current ability,16700,16700,1.0,1
Mzafram SoFIFA,FIFA10,preferred_foot,other raw field; semantics source-specific/unmapped,16700,16700,1.0,1
Mzafram SoFIFA,FIFA10,reactions,other raw field; semantics source-specific/unmapped,16700,16700,1.0,1
Mzafram SoFIFA,FIFA10,shooting,other raw field; semantics source-specific/unmapped,16700,16700,1.0,1
Mzafram SoFIFA,FIFA10,short_name,identity / roster metadata,16700,16700,1.0,1
Mzafram SoFIFA,FIFA10,short_passing,passing/creation attribute; mapping is approximate,16700,16700,1.0,1
Mzafram SoFIFA,FIFA10,shot_power,other raw field; semantics source-specific/unmapped,16700,16700,1.0,1
Mzafram SoFIFA,FIFA10,sliding_tackle,defensive attribute; mapping is approximate,16700,16700,1.0,1
Mzafram SoFIFA,FIFA10,sofifa_id,identity / roster metadata,16700,16700,1.0,1
Mzafram SoFIFA,FIFA10,sprint_speed,physical speed/agility attribute; source-era meaning needs verification,16700,16700,1.0,1
Mzafram SoFIFA,FIFA10,stamina,other raw field; semantics source-specific/unmapped,16700,16700,1.0,1
Mzafram SoFIFA,FIFA10,standing_tackle,defensive attribute; mapping is approximate,16700,16700,1.0,1
Mzafram SoFIFA,FIFA10,strength,other raw field; semantics source-specific/unmapped,16700,16700,1.0,1
Mzafram SoFIFA,FIFA10,value_eur,other raw field; semantics source-specific/unmapped,16700,16700,1.0,1
Mzafram SoFIFA,FIFA10,vision,passing/creation attribute; mapping is approximate,16700,16700,1.0,1
Mzafram SoFIFA,FIFA10,volleys,other raw field; semantics source-specific/unmapped,16700,16700,1.0,1
Mzafram SoFIFA,FIFA10,wage_eur,other raw field; semantics source-specific/unmapped,16700,16700,1.0,1
Mzafram SoFIFA,FIFA10,weight_kg,biographical covariate,16700,16700,1.0,1
Mzafram SoFIFA,FIFA11,acceleration,physical speed/agility attribute; source-era meaning needs verification,15204,15204,1.0,1
Mzafram SoFIFA,FIFA11,age,biographical covariate,15204,15204,1.0,1
Mzafram SoFIFA,FIFA11,aggression,defensive attribute; mapping is approximate,15204,15204,1.0,1
Mzafram SoFIFA,FIFA11,agility,physical speed/agility attribute; source-era meaning needs verification,15204,15204,1.0,1
Mzafram SoFIFA,FIFA11,alias,other raw field; semantics source-specific/unmapped,15204,15204,1.0,1
Mzafram SoFIFA,FIFA11,balance,other raw field; semantics source-specific/unmapped,15204,15204,1.0,1
Mzafram SoFIFA,FIFA11,ball_control,other raw field; semantics source-specific/unmapped,15204,15204,1.0,1
Mzafram SoFIFA,FIFA11,club_name,identity / roster metadata,15204,15034,0.988819,1
Mzafram SoFIFA,FIFA11,composure,other raw field; semantics source-specific/unmapped,15204,15204,1.0,1
Mzafram SoFIFA,FIFA11,crossing,passing/creation attribute; mapping is approximate,15204,15204,1.0,1
Mzafram SoFIFA,FIFA11,curve,passing/creation attribute; mapping is approximate,15204,15204,1.0,1
Mzafram SoFIFA,FIFA11,defending,defensive attribute; mapping is approximate,15204,15204,1.0,1
Mzafram SoFIFA,FIFA11,defensive_awareness,other raw field; semantics source-specific/unmapped,15204,15204,1.0,1
Mzafram SoFIFA,FIFA11,dribbling,other raw field; semantics source-specific/unmapped,15204,15204,1.0,1
Mzafram SoFIFA,FIFA11,dribbling_stat,other raw field; semantics source-specific/unmapped,15204,15204,1.0,1
Mzafram SoFIFA,FIFA11,finishing,other raw field; semantics source-specific/unmapped,15204,15204,1.0,1
Mzafram SoFIFA,FIFA11,fk_accuracy,passing/creation attribute; mapping is approximate,15204,15204,1.0,1
Mzafram SoFIFA,FIFA11,game_version,snapshot/version metadata,15204,15204,1.0,1
Mzafram SoFIFA,FIFA11,gk_diving,goalkeeping attribute,15204,15204,1.0,1
Mzafram SoFIFA,FIFA11,gk_handling,goalkeeping attribute,15204,15204,1.0,1
Mzafram SoFIFA,FIFA11,gk_kicking,goalkeeping attribute,15204,15204,1.0,1
Mzafram SoFIFA,FIFA11,gk_positioning,goalkeeping attribute,15204,15204,1.0,1
Mzafram SoFIFA,FIFA11,gk_reflexes,goalkeeping attribute,15204,15204,1.0,1
Mzafram SoFIFA,FIFA11,heading_accuracy,other raw field; semantics source-specific/unmapped,15204,15204,1.0,1
Mzafram SoFIFA,FIFA11,height_cm,biographical covariate,15204,15204,1.0,1
Mzafram SoFIFA,FIFA11,interceptions,defensive attribute; mapping is approximate,15204,15204,1.0,1
Mzafram SoFIFA,FIFA11,jumping,other raw field; semantics source-specific/unmapped,15204,15204,1.0,1
Mzafram SoFIFA,FIFA11,long_name,identity / roster metadata,15204,15204,1.0,1
Mzafram SoFIFA,FIFA11,long_passing,passing/creation attribute; mapping is approximate,15204,15204,1.0,1
Mzafram SoFIFA,FIFA11,long_shots,other raw field; semantics source-specific/unmapped,15204,15204,1.0,1
Mzafram SoFIFA,FIFA11,nationality,identity / roster metadata,15204,15204,1.0,1
Mzafram SoFIFA,FIFA11,overall,overall rating; labels differ by publisher/source,15204,15204,1.0,1
Mzafram SoFIFA,FIFA11,pace,physical speed/agility attribute; source-era meaning needs verification,15204,15204,1.0,1
Mzafram SoFIFA,FIFA11,passing,passing/creation attribute; mapping is approximate,15204,15204,1.0,1
Mzafram SoFIFA,FIFA11,penalties,other raw field; semantics source-specific/unmapped,15204,15204,1.0,1
Mzafram SoFIFA,FIFA11,physical,other raw field; semantics source-specific/unmapped,15204,15204,1.0,1
Mzafram SoFIFA,FIFA11,player_url,other raw field; semantics source-specific/unmapped,15204,15204,1.0,1
Mzafram SoFIFA,FIFA11,playstyles,other raw field; semantics source-specific/unmapped,15204,0,0.0,1
Mzafram SoFIFA,FIFA11,playstyles_plus,other raw field; semantics source-specific/unmapped,15204,0,0.0,1
Mzafram SoFIFA,FIFA11,positioning,other raw field; semantics source-specific/unmapped,15204,15204,1.0,1
Mzafram SoFIFA,FIFA11,positions,position vocabulary / roster label; not formation geometry,15204,15204,1.0,1
Mzafram SoFIFA,FIFA11,potential,potential; not current ability,15204,15204,1.0,1
Mzafram SoFIFA,FIFA11,preferred_foot,other raw field; semantics source-specific/unmapped,15204,15204,1.0,1
Mzafram SoFIFA,FIFA11,reactions,other raw field; semantics source-specific/unmapped,15204,15204,1.0,1
Mzafram SoFIFA,FIFA11,shooting,other raw field; semantics source-specific/unmapped,15204,15204,1.0,1
Mzafram SoFIFA,FIFA11,short_name,identity / roster metadata,15204,15204,1.0,1
Mzafram SoFIFA,FIFA11,short_passing,passing/creation attribute; mapping is approximate,15204,15204,1.0,1
Mzafram SoFIFA,FIFA11,shot_power,other raw field; semantics source-specific/unmapped,15204,15204,1.0,1
Mzafram SoFIFA,FIFA11,sliding_tackle,defensive attribute; mapping is approximate,15204,15204,1.0,1
Mzafram SoFIFA,FIFA11,sofifa_id,identity / roster metadata,15204,15204,1.0,1
Mzafram SoFIFA,FIFA11,sprint_speed,physical speed/agility attribute; source-era meaning needs verification,15204,15204,1.0,1
Mzafram SoFIFA,FIFA11,stamina,other raw field; semantics source-specific/unmapped,15204,15204,1.0,1
Mzafram SoFIFA,FIFA11,standing_tackle,defensive attribute; mapping is approximate,15204,15204,1.0,1
Mzafram SoFIFA,FIFA11,strength,other raw field; semantics source-specific/unmapped,15204,15204,1.0,1
Mzafram SoFIFA,FIFA11,value_eur,other raw field; semantics source-specific/unmapped,15204,15204,1.0,1
Mzafram SoFIFA,FIFA11,vision,passing/creation attribute; mapping is approximate,15204,15204,1.0,1
Mzafram SoFIFA,FIFA11,volleys,other raw field; semantics source-specific/unmapped,15204,15204,1.0,1
Mzafram SoFIFA,FIFA11,wage_eur,other raw field; semantics source-specific/unmapped,15204,15204,1.0,1
Mzafram SoFIFA,FIFA11,weight_kg,biographical covariate,15204,15204,1.0,1
Mzafram SoFIFA,FIFA12,acceleration,physical speed/agility attribute; source-era meaning needs verification,14455,14455,1.0,1
Mzafram SoFIFA,FIFA12,age,biographical covariate,14455,14455,1.0,1
Mzafram SoFIFA,FIFA12,aggression,defensive attribute; mapping is approximate,14455,14455,1.0,1
Mzafram SoFIFA,FIFA12,agility,physical speed/agility attribute; source-era meaning needs verification,14455,14455,1.0,1
Mzafram SoFIFA,FIFA12,alias,other raw field; semantics source-specific/unmapped,14455,14455,1.0,1
Mzafram SoFIFA,FIFA12,balance,other raw field; semantics source-specific/unmapped,14455,14455,1.0,1
Mzafram SoFIFA,FIFA12,ball_control,other raw field; semantics source-specific/unmapped,14455,14455,1.0,1
Mzafram SoFIFA,FIFA12,club_name,identity / roster metadata,14455,14141,0.978277,1
Mzafram SoFIFA,FIFA12,composure,other raw field; semantics source-specific/unmapped,14455,14455,1.0,1
Mzafram SoFIFA,FIFA12,crossing,passing/creation attribute; mapping is approximate,14455,14455,1.0,1
Mzafram SoFIFA,FIFA12,curve,passing/creation attribute; mapping is approximate,14455,14455,1.0,1
Mzafram SoFIFA,FIFA12,defending,defensive attribute; mapping is approximate,14455,14455,1.0,1
Mzafram SoFIFA,FIFA12,defensive_awareness,other raw field; semantics source-specific/unmapped,14455,14455,1.0,1
Mzafram SoFIFA,FIFA12,dribbling,other raw field; semantics source-specific/unmapped,14455,14455,1.0,1
Mzafram SoFIFA,FIFA12,dribbling_stat,other raw field; semantics source-specific/unmapped,14455,14455,1.0,1
Mzafram SoFIFA,FIFA12,finishing,other raw field; semantics source-specific/unmapped,14455,14455,1.0,1
Mzafram SoFIFA,FIFA12,fk_accuracy,passing/creation attribute; mapping is approximate,14455,14455,1.0,1
Mzafram SoFIFA,FIFA12,game_version,snapshot/version metadata,14455,14455,1.0,1
Mzafram SoFIFA,FIFA12,gk_diving,goalkeeping attribute,14455,14455,1.0,1
Mzafram SoFIFA,FIFA12,gk_handling,goalkeeping attribute,14455,14455,1.0,1
Mzafram SoFIFA,FIFA12,gk_kicking,goalkeeping attribute,14455,14455,1.0,1
Mzafram SoFIFA,FIFA12,gk_positioning,goalkeeping attribute,14455,14455,1.0,1
Mzafram SoFIFA,FIFA12,gk_reflexes,goalkeeping attribute,14455,14455,1.0,1
Mzafram SoFIFA,FIFA12,heading_accuracy,other raw field; semantics source-specific/unmapped,14455,14455,1.0,1
Mzafram SoFIFA,FIFA12,height_cm,biographical covariate,14455,14455,1.0,1
Mzafram SoFIFA,FIFA12,interceptions,defensive attribute; mapping is approximate,14455,14455,1.0,1
Mzafram SoFIFA,FIFA12,jumping,other raw field; semantics source-specific/unmapped,14455,14455,1.0,1
Mzafram SoFIFA,FIFA12,long_name,identity / roster metadata,14455,14455,1.0,1
Mzafram SoFIFA,FIFA12,long_passing,passing/creation attribute; mapping is approximate,14455,14455,1.0,1
Mzafram SoFIFA,FIFA12,long_shots,other raw field; semantics source-specific/unmapped,14455,14455,1.0,1
Mzafram SoFIFA,FIFA12,nationality,identity / roster metadata,14455,14455,1.0,1
Mzafram SoFIFA,FIFA12,overall,overall rating; labels differ by publisher/source,14455,14455,1.0,1
Mzafram SoFIFA,FIFA12,pace,physical speed/agility attribute; source-era meaning needs verification,14455,14455,1.0,1
Mzafram SoFIFA,FIFA12,passing,passing/creation attribute; mapping is approximate,14455,14455,1.0,1
Mzafram SoFIFA,FIFA12,penalties,other raw field; semantics source-specific/unmapped,14455,14455,1.0,1
Mzafram SoFIFA,FIFA12,physical,other raw field; semantics source-specific/unmapped,14455,14455,1.0,1
Mzafram SoFIFA,FIFA12,player_url,other raw field; semantics source-specific/unmapped,14455,14455,1.0,1
Mzafram SoFIFA,FIFA12,playstyles,other raw field; semantics source-specific/unmapped,14455,0,0.0,1
Mzafram SoFIFA,FIFA12,playstyles_plus,other raw field; semantics source-specific/unmapped,14455,0,0.0,1
Mzafram SoFIFA,FIFA12,positioning,other raw field; semantics source-specific/unmapped,14455,14455,1.0,1
Mzafram SoFIFA,FIFA12,positions,position vocabulary / roster label; not formation geometry,14455,14455,1.0,1
Mzafram SoFIFA,FIFA12,potential,potential; not current ability,14455,14455,1.0,1
Mzafram SoFIFA,FIFA12,preferred_foot,other raw field; semantics source-specific/unmapped,14455,14455,1.0,1
Mzafram SoFIFA,FIFA12,reactions,other raw field; semantics source-specific/unmapped,14455,14455,1.0,1
Mzafram SoFIFA,FIFA12,shooting,other raw field; semantics source-specific/unmapped,14455,14455,1.0,1
Mzafram SoFIFA,FIFA12,short_name,identity / roster metadata,14455,14455,1.0,1
Mzafram SoFIFA,FIFA12,short_passing,passing/creation attribute; mapping is approximate,14455,14455,1.0,1
Mzafram SoFIFA,FIFA12,shot_power,other raw field; semantics source-specific/unmapped,14455,14455,1.0,1
Mzafram SoFIFA,FIFA12,sliding_tackle,defensive attribute; mapping is approximate,14455,14455,1.0,1
Mzafram SoFIFA,FIFA12,sofifa_id,identity / roster metadata,14455,14455,1.0,1
Mzafram SoFIFA,FIFA12,sprint_speed,physical speed/agility attribute; source-era meaning needs verification,14455,14455,1.0,1
Mzafram SoFIFA,FIFA12,stamina,other raw field; semantics source-specific/unmapped,14455,14455,1.0,1
Mzafram SoFIFA,FIFA12,standing_tackle,defensive attribute; mapping is approximate,14455,14455,1.0,1
Mzafram SoFIFA,FIFA12,strength,other raw field; semantics source-specific/unmapped,14455,14455,1.0,1
Mzafram SoFIFA,FIFA12,value_eur,other raw field; semantics source-specific/unmapped,14455,14455,1.0,1
Mzafram SoFIFA,FIFA12,vision,passing/creation attribute; mapping is approximate,14455,14455,1.0,1
Mzafram SoFIFA,FIFA12,volleys,other raw field; semantics source-specific/unmapped,14455,14455,1.0,1
Mzafram SoFIFA,FIFA12,wage_eur,other raw field; semantics source-specific/unmapped,14455,14455,1.0,1
Mzafram SoFIFA,FIFA12,weight_kg,biographical covariate,14455,14455,1.0,1
Mzafram SoFIFA,FIFA13,acceleration,physical speed/agility attribute; source-era meaning needs verification,14975,14975,1.0,1
Mzafram SoFIFA,FIFA13,age,biographical covariate,14975,14975,1.0,1
Mzafram SoFIFA,FIFA13,aggression,defensive attribute; mapping is approximate,14975,14975,1.0,1
Mzafram SoFIFA,FIFA13,agility,physical speed/agility attribute; source-era meaning needs verification,14975,14975,1.0,1
Mzafram SoFIFA,FIFA13,alias,other raw field; semantics source-specific/unmapped,14975,14975,1.0,1
Mzafram SoFIFA,FIFA13,balance,other raw field; semantics source-specific/unmapped,14975,14975,1.0,1
Mzafram SoFIFA,FIFA13,ball_control,other raw field; semantics source-specific/unmapped,14975,14975,1.0,1
Mzafram SoFIFA,FIFA13,club_name,identity / roster metadata,14975,14703,0.981836,1
Mzafram SoFIFA,FIFA13,composure,other raw field; semantics source-specific/unmapped,14975,14975,1.0,1
Mzafram SoFIFA,FIFA13,crossing,passing/creation attribute; mapping is approximate,14975,14975,1.0,1
Mzafram SoFIFA,FIFA13,curve,passing/creation attribute; mapping is approximate,14975,14975,1.0,1
Mzafram SoFIFA,FIFA13,defending,defensive attribute; mapping is approximate,14975,14975,1.0,1
Mzafram SoFIFA,FIFA13,defensive_awareness,other raw field; semantics source-specific/unmapped,14975,14975,1.0,1
Mzafram SoFIFA,FIFA13,dribbling,other raw field; semantics source-specific/unmapped,14975,14975,1.0,1
Mzafram SoFIFA,FIFA13,dribbling_stat,other raw field; semantics source-specific/unmapped,14975,14975,1.0,1
Mzafram SoFIFA,FIFA13,finishing,other raw field; semantics source-specific/unmapped,14975,14975,1.0,1
Mzafram SoFIFA,FIFA13,fk_accuracy,passing/creation attribute; mapping is approximate,14975,14975,1.0,1
Mzafram SoFIFA,FIFA13,game_version,snapshot/version metadata,14975,14975,1.0,1
Mzafram SoFIFA,FIFA13,gk_diving,goalkeeping attribute,14975,14975,1.0,1
Mzafram SoFIFA,FIFA13,gk_handling,goalkeeping attribute,14975,14975,1.0,1
Mzafram SoFIFA,FIFA13,gk_kicking,goalkeeping attribute,14975,14975,1.0,1
Mzafram SoFIFA,FIFA13,gk_positioning,goalkeeping attribute,14975,14975,1.0,1
Mzafram SoFIFA,FIFA13,gk_reflexes,goalkeeping attribute,14975,14975,1.0,1
Mzafram SoFIFA,FIFA13,heading_accuracy,other raw field; semantics source-specific/unmapped,14975,14975,1.0,1
Mzafram SoFIFA,FIFA13,height_cm,biographical covariate,14975,14975,1.0,1
Mzafram SoFIFA,FIFA13,interceptions,defensive attribute; mapping is approximate,14975,14975,1.0,1
Mzafram SoFIFA,FIFA13,jumping,other raw field; semantics source-specific/unmapped,14975,14975,1.0,1
Mzafram SoFIFA,FIFA13,long_name,identity / roster metadata,14975,14975,1.0,1
Mzafram SoFIFA,FIFA13,long_passing,passing/creation attribute; mapping is approximate,14975,14975,1.0,1
Mzafram SoFIFA,FIFA13,long_shots,other raw field; semantics source-specific/unmapped,14975,14975,1.0,1
Mzafram SoFIFA,FIFA13,nationality,identity / roster metadata,14975,14975,1.0,1
Mzafram SoFIFA,FIFA13,overall,overall rating; labels differ by publisher/source,14975,14975,1.0,1
Mzafram SoFIFA,FIFA13,pace,physical speed/agility attribute; source-era meaning needs verification,14975,14975,1.0,1
Mzafram SoFIFA,FIFA13,passing,passing/creation attribute; mapping is approximate,14975,14975,1.0,1
Mzafram SoFIFA,FIFA13,penalties,other raw field; semantics source-specific/unmapped,14975,14975,1.0,1
Mzafram SoFIFA,FIFA13,physical,other raw field; semantics source-specific/unmapped,14975,14975,1.0,1
Mzafram SoFIFA,FIFA13,player_url,other raw field; semantics source-specific/unmapped,14975,14975,1.0,1
Mzafram SoFIFA,FIFA13,playstyles,other raw field; semantics source-specific/unmapped,14975,0,0.0,1
Mzafram SoFIFA,FIFA13,playstyles_plus,other raw field; semantics source-specific/unmapped,14975,0,0.0,1
Mzafram SoFIFA,FIFA13,positioning,other raw field; semantics source-specific/unmapped,14975,14975,1.0,1
Mzafram SoFIFA,FIFA13,positions,position vocabulary / roster label; not formation geometry,14975,14975,1.0,1
Mzafram SoFIFA,FIFA13,potential,potential; not current ability,14975,14975,1.0,1
Mzafram SoFIFA,FIFA13,preferred_foot,other raw field; semantics source-specific/unmapped,14975,14975,1.0,1
Mzafram SoFIFA,FIFA13,reactions,other raw field; semantics source-specific/unmapped,14975,14975,1.0,1
Mzafram SoFIFA,FIFA13,shooting,other raw field; semantics source-specific/unmapped,14975,14975,1.0,1
Mzafram SoFIFA,FIFA13,short_name,identity / roster metadata,14975,14975,1.0,1
Mzafram SoFIFA,FIFA13,short_passing,passing/creation attribute; mapping is approximate,14975,14975,1.0,1
Mzafram SoFIFA,FIFA13,shot_power,other raw field; semantics source-specific/unmapped,14975,14975,1.0,1
Mzafram SoFIFA,FIFA13,sliding_tackle,defensive attribute; mapping is approximate,14975,14975,1.0,1
Mzafram SoFIFA,FIFA13,sofifa_id,identity / roster metadata,14975,14975,1.0,1
Mzafram SoFIFA,FIFA13,sprint_speed,physical speed/agility attribute; source-era meaning needs verification,14975,14975,1.0,1
Mzafram SoFIFA,FIFA13,stamina,other raw field; semantics source-specific/unmapped,14975,14975,1.0,1
Mzafram SoFIFA,FIFA13,standing_tackle,defensive attribute; mapping is approximate,14975,14975,1.0,1
Mzafram SoFIFA,FIFA13,strength,other raw field; semantics source-specific/unmapped,14975,14975,1.0,1
Mzafram SoFIFA,FIFA13,value_eur,other raw field; semantics source-specific/unmapped,14975,14975,1.0,1
Mzafram SoFIFA,FIFA13,vision,passing/creation attribute; mapping is approximate,14975,14975,1.0,1
Mzafram SoFIFA,FIFA13,volleys,other raw field; semantics source-specific/unmapped,14975,14975,1.0,1
Mzafram SoFIFA,FIFA13,wage_eur,other raw field; semantics source-specific/unmapped,14975,14975,1.0,1
Mzafram SoFIFA,FIFA13,weight_kg,biographical covariate,14975,14975,1.0,1
Mzafram SoFIFA,FIFA14,acceleration,physical speed/agility attribute; source-era meaning needs verification,16607,16607,1.0,1
Mzafram SoFIFA,FIFA14,age,biographical covariate,16607,16607,1.0,1
Mzafram SoFIFA,FIFA14,aggression,defensive attribute; mapping is approximate,16607,16607,1.0,1
Mzafram SoFIFA,FIFA14,agility,physical speed/agility attribute; source-era meaning needs verification,16607,16607,1.0,1
Mzafram SoFIFA,FIFA14,alias,other raw field; semantics source-specific/unmapped,16607,16607,1.0,1
Mzafram SoFIFA,FIFA14,balance,other raw field; semantics source-specific/unmapped,16607,16607,1.0,1
Mzafram SoFIFA,FIFA14,ball_control,other raw field; semantics source-specific/unmapped,16607,16607,1.0,1
Mzafram SoFIFA,FIFA14,club_name,identity / roster metadata,16607,16333,0.983501,1
Mzafram SoFIFA,FIFA14,composure,other raw field; semantics source-specific/unmapped,16607,16607,1.0,1
Mzafram SoFIFA,FIFA14,crossing,passing/creation attribute; mapping is approximate,16607,16607,1.0,1
Mzafram SoFIFA,FIFA14,curve,passing/creation attribute; mapping is approximate,16607,16607,1.0,1
Mzafram SoFIFA,FIFA14,defending,defensive attribute; mapping is approximate,16607,16607,1.0,1
Mzafram SoFIFA,FIFA14,defensive_awareness,other raw field; semantics source-specific/unmapped,16607,16607,1.0,1
Mzafram SoFIFA,FIFA14,dribbling,other raw field; semantics source-specific/unmapped,16607,16607,1.0,1
Mzafram SoFIFA,FIFA14,dribbling_stat,other raw field; semantics source-specific/unmapped,16607,16607,1.0,1
Mzafram SoFIFA,FIFA14,finishing,other raw field; semantics source-specific/unmapped,16607,16607,1.0,1
Mzafram SoFIFA,FIFA14,fk_accuracy,passing/creation attribute; mapping is approximate,16607,16607,1.0,1
Mzafram SoFIFA,FIFA14,game_version,snapshot/version metadata,16607,16607,1.0,1
Mzafram SoFIFA,FIFA14,gk_diving,goalkeeping attribute,16607,16607,1.0,1
Mzafram SoFIFA,FIFA14,gk_handling,goalkeeping attribute,16607,16607,1.0,1
Mzafram SoFIFA,FIFA14,gk_kicking,goalkeeping attribute,16607,16607,1.0,1
Mzafram SoFIFA,FIFA14,gk_positioning,goalkeeping attribute,16607,16607,1.0,1
Mzafram SoFIFA,FIFA14,gk_reflexes,goalkeeping attribute,16607,16607,1.0,1
Mzafram SoFIFA,FIFA14,heading_accuracy,other raw field; semantics source-specific/unmapped,16607,16607,1.0,1
Mzafram SoFIFA,FIFA14,height_cm,biographical covariate,16607,16607,1.0,1
Mzafram SoFIFA,FIFA14,interceptions,defensive attribute; mapping is approximate,16607,16607,1.0,1
Mzafram SoFIFA,FIFA14,jumping,other raw field; semantics source-specific/unmapped,16607,16607,1.0,1
Mzafram SoFIFA,FIFA14,long_name,identity / roster metadata,16607,16607,1.0,1
Mzafram SoFIFA,FIFA14,long_passing,passing/creation attribute; mapping is approximate,16607,16607,1.0,1
Mzafram SoFIFA,FIFA14,long_shots,other raw field; semantics source-specific/unmapped,16607,16607,1.0,1
Mzafram SoFIFA,FIFA14,nationality,identity / roster metadata,16607,16607,1.0,1
Mzafram SoFIFA,FIFA14,overall,overall rating; labels differ by publisher/source,16607,16607,1.0,1
Mzafram SoFIFA,FIFA14,pace,physical speed/agility attribute; source-era meaning needs verification,16607,16607,1.0,1
Mzafram SoFIFA,FIFA14,passing,passing/creation attribute; mapping is approximate,16607,16607,1.0,1
Mzafram SoFIFA,FIFA14,penalties,other raw field; semantics source-specific/unmapped,16607,16607,1.0,1
Mzafram SoFIFA,FIFA14,physical,other raw field; semantics source-specific/unmapped,16607,16607,1.0,1
Mzafram SoFIFA,FIFA14,player_url,other raw field; semantics source-specific/unmapped,16607,16607,1.0,1
Mzafram SoFIFA,FIFA14,playstyles,other raw field; semantics source-specific/unmapped,16607,0,0.0,1
Mzafram SoFIFA,FIFA14,playstyles_plus,other raw field; semantics source-specific/unmapped,16607,0,0.0,1
Mzafram SoFIFA,FIFA14,positioning,other raw field; semantics source-specific/unmapped,16607,16607,1.0,1
Mzafram SoFIFA,FIFA14,positions,position vocabulary / roster label; not formation geometry,16607,16607,1.0,1
Mzafram SoFIFA,FIFA14,potential,potential; not current ability,16607,16607,1.0,1
Mzafram SoFIFA,FIFA14,preferred_foot,other raw field; semantics source-specific/unmapped,16607,16607,1.0,1
Mzafram SoFIFA,FIFA14,reactions,other raw field; semantics source-specific/unmapped,16607,16607,1.0,1
Mzafram SoFIFA,FIFA14,shooting,other raw field; semantics source-specific/unmapped,16607,16607,1.0,1
Mzafram SoFIFA,FIFA14,short_name,identity / roster metadata,16607,16607,1.0,1
Mzafram SoFIFA,FIFA14,short_passing,passing/creation attribute; mapping is approximate,16607,16607,1.0,1
Mzafram SoFIFA,FIFA14,shot_power,other raw field; semantics source-specific/unmapped,16607,16607,1.0,1
Mzafram SoFIFA,FIFA14,sliding_tackle,defensive attribute; mapping is approximate,16607,16607,1.0,1
Mzafram SoFIFA,FIFA14,sofifa_id,identity / roster metadata,16607,16607,1.0,1
Mzafram SoFIFA,FIFA14,sprint_speed,physical speed/agility attribute; source-era meaning needs verification,16607,16607,1.0,1
Mzafram SoFIFA,FIFA14,stamina,other raw field; semantics source-specific/unmapped,16607,16607,1.0,1
Mzafram SoFIFA,FIFA14,standing_tackle,defensive attribute; mapping is approximate,16607,16607,1.0,1
Mzafram SoFIFA,FIFA14,strength,other raw field; semantics source-specific/unmapped,16607,16607,1.0,1
Mzafram SoFIFA,FIFA14,value_eur,other raw field; semantics source-specific/unmapped,16607,16607,1.0,1
Mzafram SoFIFA,FIFA14,vision,passing/creation attribute; mapping is approximate,16607,16607,1.0,1
Mzafram SoFIFA,FIFA14,volleys,other raw field; semantics source-specific/unmapped,16607,16607,1.0,1
Mzafram SoFIFA,FIFA14,wage_eur,other raw field; semantics source-specific/unmapped,16607,16607,1.0,1
Mzafram SoFIFA,FIFA14,weight_kg,biographical covariate,16607,16607,1.0,1
Mzafram SoFIFA,FIFA15,acceleration,physical speed/agility attribute; source-era meaning needs verification,16423,16423,1.0,1
Mzafram SoFIFA,FIFA15,age,biographical covariate,16423,16423,1.0,1
Mzafram SoFIFA,FIFA15,aggression,defensive attribute; mapping is approximate,16423,16423,1.0,1
Mzafram SoFIFA,FIFA15,agility,physical speed/agility attribute; source-era meaning needs verification,16423,16423,1.0,1
Mzafram SoFIFA,FIFA15,alias,other raw field; semantics source-specific/unmapped,16423,16423,1.0,1
Mzafram SoFIFA,FIFA15,balance,other raw field; semantics source-specific/unmapped,16423,16423,1.0,1
Mzafram SoFIFA,FIFA15,ball_control,other raw field; semantics source-specific/unmapped,16423,16423,1.0,1
Mzafram SoFIFA,FIFA15,club_name,identity / roster metadata,16423,16161,0.984047,1
Mzafram SoFIFA,FIFA15,composure,other raw field; semantics source-specific/unmapped,16423,16423,1.0,1
Mzafram SoFIFA,FIFA15,crossing,passing/creation attribute; mapping is approximate,16423,16423,1.0,1
Mzafram SoFIFA,FIFA15,curve,passing/creation attribute; mapping is approximate,16423,16423,1.0,1
Mzafram SoFIFA,FIFA15,defending,defensive attribute; mapping is approximate,16423,16423,1.0,1
Mzafram SoFIFA,FIFA15,defensive_awareness,other raw field; semantics source-specific/unmapped,16423,16423,1.0,1
Mzafram SoFIFA,FIFA15,dribbling,other raw field; semantics source-specific/unmapped,16423,16423,1.0,1
Mzafram SoFIFA,FIFA15,dribbling_stat,other raw field; semantics source-specific/unmapped,16423,16423,1.0,1
Mzafram SoFIFA,FIFA15,finishing,other raw field; semantics source-specific/unmapped,16423,16423,1.0,1
Mzafram SoFIFA,FIFA15,fk_accuracy,passing/creation attribute; mapping is approximate,16423,16423,1.0,1
Mzafram SoFIFA,FIFA15,game_version,snapshot/version metadata,16423,16423,1.0,1
Mzafram SoFIFA,FIFA15,gk_diving,goalkeeping attribute,16423,16423,1.0,1
Mzafram SoFIFA,FIFA15,gk_handling,goalkeeping attribute,16423,16423,1.0,1
Mzafram SoFIFA,FIFA15,gk_kicking,goalkeeping attribute,16423,16423,1.0,1
Mzafram SoFIFA,FIFA15,gk_positioning,goalkeeping attribute,16423,16423,1.0,1
Mzafram SoFIFA,FIFA15,gk_reflexes,goalkeeping attribute,16423,16423,1.0,1
Mzafram SoFIFA,FIFA15,heading_accuracy,other raw field; semantics source-specific/unmapped,16423,16423,1.0,1
Mzafram SoFIFA,FIFA15,height_cm,biographical covariate,16423,16423,1.0,1
Mzafram SoFIFA,FIFA15,interceptions,defensive attribute; mapping is approximate,16423,16423,1.0,1
Mzafram SoFIFA,FIFA15,jumping,other raw field; semantics source-specific/unmapped,16423,16423,1.0,1
Mzafram SoFIFA,FIFA15,long_name,identity / roster metadata,16423,16423,1.0,1
Mzafram SoFIFA,FIFA15,long_passing,passing/creation attribute; mapping is approximate,16423,16423,1.0,1
Mzafram SoFIFA,FIFA15,long_shots,other raw field; semantics source-specific/unmapped,16423,16423,1.0,1
Mzafram SoFIFA,FIFA15,nationality,identity / roster metadata,16423,16423,1.0,1
Mzafram SoFIFA,FIFA15,overall,overall rating; labels differ by publisher/source,16423,16423,1.0,1
Mzafram SoFIFA,FIFA15,pace,physical speed/agility attribute; source-era meaning needs verification,16423,16423,1.0,1
Mzafram SoFIFA,FIFA15,passing,passing/creation attribute; mapping is approximate,16423,16423,1.0,1
Mzafram SoFIFA,FIFA15,penalties,other raw field; semantics source-specific/unmapped,16423,16423,1.0,1
Mzafram SoFIFA,FIFA15,physical,other raw field; semantics source-specific/unmapped,16423,16423,1.0,1
Mzafram SoFIFA,FIFA15,player_url,other raw field; semantics source-specific/unmapped,16423,16423,1.0,1
Mzafram SoFIFA,FIFA15,playstyles,other raw field; semantics source-specific/unmapped,16423,0,0.0,1
Mzafram SoFIFA,FIFA15,playstyles_plus,other raw field; semantics source-specific/unmapped,16423,0,0.0,1
Mzafram SoFIFA,FIFA15,positioning,other raw field; semantics source-specific/unmapped,16423,16423,1.0,1
Mzafram SoFIFA,FIFA15,positions,position vocabulary / roster label; not formation geometry,16423,16423,1.0,1
Mzafram SoFIFA,FIFA15,potential,potential; not current ability,16423,16423,1.0,1
Mzafram SoFIFA,FIFA15,preferred_foot,other raw field; semantics source-specific/unmapped,16423,16423,1.0,1
Mzafram SoFIFA,FIFA15,reactions,other raw field; semantics source-specific/unmapped,16423,16423,1.0,1
Mzafram SoFIFA,FIFA15,shooting,other raw field; semantics source-specific/unmapped,16423,16423,1.0,1
Mzafram SoFIFA,FIFA15,short_name,identity / roster metadata,16423,16423,1.0,1
Mzafram SoFIFA,FIFA15,short_passing,passing/creation attribute; mapping is approximate,16423,16423,1.0,1
Mzafram SoFIFA,FIFA15,shot_power,other raw field; semantics source-specific/unmapped,16423,16423,1.0,1
Mzafram SoFIFA,FIFA15,sliding_tackle,defensive attribute; mapping is approximate,16423,16423,1.0,1
Mzafram SoFIFA,FIFA15,sofifa_id,identity / roster metadata,16423,16423,1.0,1
Mzafram SoFIFA,FIFA15,sprint_speed,physical speed/agility attribute; source-era meaning needs verification,16423,16423,1.0,1
Mzafram SoFIFA,FIFA15,stamina,other raw field; semantics source-specific/unmapped,16423,16423,1.0,1
Mzafram SoFIFA,FIFA15,standing_tackle,defensive attribute; mapping is approximate,16423,16423,1.0,1
Mzafram SoFIFA,FIFA15,strength,other raw field; semantics source-specific/unmapped,16423,16423,1.0,1
Mzafram SoFIFA,FIFA15,value_eur,other raw field; semantics source-specific/unmapped,16423,16423,1.0,1
Mzafram SoFIFA,FIFA15,vision,passing/creation attribute; mapping is approximate,16423,16423,1.0,1
Mzafram SoFIFA,FIFA15,volleys,other raw field; semantics source-specific/unmapped,16423,16423,1.0,1
Mzafram SoFIFA,FIFA15,wage_eur,other raw field; semantics source-specific/unmapped,16423,16423,1.0,1
Mzafram SoFIFA,FIFA15,weight_kg,biographical covariate,16423,16423,1.0,1
Mzafram SoFIFA,FIFA16,acceleration,physical speed/agility attribute; source-era meaning needs verification,17026,17026,1.0,1
Mzafram SoFIFA,FIFA16,age,biographical covariate,17026,17026,1.0,1
Mzafram SoFIFA,FIFA16,aggression,defensive attribute; mapping is approximate,17026,17026,1.0,1
Mzafram SoFIFA,FIFA16,agility,physical speed/agility attribute; source-era meaning needs verification,17026,17026,1.0,1
Mzafram SoFIFA,FIFA16,alias,other raw field; semantics source-specific/unmapped,17026,17026,1.0,1
Mzafram SoFIFA,FIFA16,balance,other raw field; semantics source-specific/unmapped,17026,17026,1.0,1
Mzafram SoFIFA,FIFA16,ball_control,other raw field; semantics source-specific/unmapped,17026,17026,1.0,1
Mzafram SoFIFA,FIFA16,club_name,identity / roster metadata,17026,16747,0.983613,1
Mzafram SoFIFA,FIFA16,composure,other raw field; semantics source-specific/unmapped,17026,17026,1.0,1
Mzafram SoFIFA,FIFA16,crossing,passing/creation attribute; mapping is approximate,17026,17026,1.0,1
Mzafram SoFIFA,FIFA16,curve,passing/creation attribute; mapping is approximate,17026,17026,1.0,1
Mzafram SoFIFA,FIFA16,defending,defensive attribute; mapping is approximate,17026,17026,1.0,1
Mzafram SoFIFA,FIFA16,defensive_awareness,other raw field; semantics source-specific/unmapped,17026,17026,1.0,1
Mzafram SoFIFA,FIFA16,dribbling,other raw field; semantics source-specific/unmapped,17026,17026,1.0,1
Mzafram SoFIFA,FIFA16,dribbling_stat,other raw field; semantics source-specific/unmapped,17026,17026,1.0,1
Mzafram SoFIFA,FIFA16,finishing,other raw field; semantics source-specific/unmapped,17026,17026,1.0,1
Mzafram SoFIFA,FIFA16,fk_accuracy,passing/creation attribute; mapping is approximate,17026,17026,1.0,1
Mzafram SoFIFA,FIFA16,game_version,snapshot/version metadata,17026,17026,1.0,1
Mzafram SoFIFA,FIFA16,gk_diving,goalkeeping attribute,17026,17026,1.0,1
Mzafram SoFIFA,FIFA16,gk_handling,goalkeeping attribute,17026,17026,1.0,1
Mzafram SoFIFA,FIFA16,gk_kicking,goalkeeping attribute,17026,17026,1.0,1
Mzafram SoFIFA,FIFA16,gk_positioning,goalkeeping attribute,17026,17026,1.0,1
Mzafram SoFIFA,FIFA16,gk_reflexes,goalkeeping attribute,17026,17026,1.0,1
Mzafram SoFIFA,FIFA16,heading_accuracy,other raw field; semantics source-specific/unmapped,17026,17026,1.0,1
Mzafram SoFIFA,FIFA16,height_cm,biographical covariate,17026,17026,1.0,1
Mzafram SoFIFA,FIFA16,interceptions,defensive attribute; mapping is approximate,17026,17026,1.0,1
Mzafram SoFIFA,FIFA16,jumping,other raw field; semantics source-specific/unmapped,17026,17026,1.0,1
Mzafram SoFIFA,FIFA16,long_name,identity / roster metadata,17026,17026,1.0,1
Mzafram SoFIFA,FIFA16,long_passing,passing/creation attribute; mapping is approximate,17026,17026,1.0,1
Mzafram SoFIFA,FIFA16,long_shots,other raw field; semantics source-specific/unmapped,17026,17026,1.0,1
Mzafram SoFIFA,FIFA16,nationality,identity / roster metadata,17026,17026,1.0,1
Mzafram SoFIFA,FIFA16,overall,overall rating; labels differ by publisher/source,17026,17026,1.0,1
Mzafram SoFIFA,FIFA16,pace,physical speed/agility attribute; source-era meaning needs verification,17026,17026,1.0,1
Mzafram SoFIFA,FIFA16,passing,passing/creation attribute; mapping is approximate,17026,17026,1.0,1
Mzafram SoFIFA,FIFA16,penalties,other raw field; semantics source-specific/unmapped,17026,17026,1.0,1
Mzafram SoFIFA,FIFA16,physical,other raw field; semantics source-specific/unmapped,17026,17026,1.0,1
Mzafram SoFIFA,FIFA16,player_url,other raw field; semantics source-specific/unmapped,17026,17026,1.0,1
Mzafram SoFIFA,FIFA16,playstyles,other raw field; semantics source-specific/unmapped,17026,0,0.0,1
Mzafram SoFIFA,FIFA16,playstyles_plus,other raw field; semantics source-specific/unmapped,17026,0,0.0,1
Mzafram SoFIFA,FIFA16,positioning,other raw field; semantics source-specific/unmapped,17026,17026,1.0,1
Mzafram SoFIFA,FIFA16,positions,position vocabulary / roster label; not formation geometry,17026,17026,1.0,1
Mzafram SoFIFA,FIFA16,potential,potential; not current ability,17026,17026,1.0,1
Mzafram SoFIFA,FIFA16,preferred_foot,other raw field; semantics source-specific/unmapped,17026,17026,1.0,1
Mzafram SoFIFA,FIFA16,reactions,other raw field; semantics source-specific/unmapped,17026,17026,1.0,1
Mzafram SoFIFA,FIFA16,shooting,other raw field; semantics source-specific/unmapped,17026,17026,1.0,1
Mzafram SoFIFA,FIFA16,short_name,identity / roster metadata,17026,17026,1.0,1
Mzafram SoFIFA,FIFA16,short_passing,passing/creation attribute; mapping is approximate,17026,17026,1.0,1
Mzafram SoFIFA,FIFA16,shot_power,other raw field; semantics source-specific/unmapped,17026,17026,1.0,1
Mzafram SoFIFA,FIFA16,sliding_tackle,defensive attribute; mapping is approximate,17026,17026,1.0,1
Mzafram SoFIFA,FIFA16,sofifa_id,identity / roster metadata,17026,17026,1.0,1
Mzafram SoFIFA,FIFA16,sprint_speed,physical speed/agility attribute; source-era meaning needs verification,17026,17026,1.0,1
Mzafram SoFIFA,FIFA16,stamina,other raw field; semantics source-specific/unmapped,17026,17026,1.0,1
Mzafram SoFIFA,FIFA16,standing_tackle,defensive attribute; mapping is approximate,17026,17026,1.0,1
Mzafram SoFIFA,FIFA16,strength,other raw field; semantics source-specific/unmapped,17026,17026,1.0,1
Mzafram SoFIFA,FIFA16,value_eur,other raw field; semantics source-specific/unmapped,17026,17026,1.0,1
Mzafram SoFIFA,FIFA16,vision,passing/creation attribute; mapping is approximate,17026,17026,1.0,1
Mzafram SoFIFA,FIFA16,volleys,other raw field; semantics source-specific/unmapped,17026,17026,1.0,1
Mzafram SoFIFA,FIFA16,wage_eur,other raw field; semantics source-specific/unmapped,17026,17026,1.0,1
Mzafram SoFIFA,FIFA16,weight_kg,biographical covariate,17026,17026,1.0,1
Mzafram SoFIFA,FIFA17,acceleration,physical speed/agility attribute; source-era meaning needs verification,17540,17540,1.0,1
Mzafram SoFIFA,FIFA17,age,biographical covariate,17540,17540,1.0,1
Mzafram SoFIFA,FIFA17,aggression,defensive attribute; mapping is approximate,17540,17540,1.0,1
Mzafram SoFIFA,FIFA17,agility,physical speed/agility attribute; source-era meaning needs verification,17540,17540,1.0,1
Mzafram SoFIFA,FIFA17,alias,other raw field; semantics source-specific/unmapped,17540,17540,1.0,1
Mzafram SoFIFA,FIFA17,balance,other raw field; semantics source-specific/unmapped,17540,17540,1.0,1
Mzafram SoFIFA,FIFA17,ball_control,other raw field; semantics source-specific/unmapped,17540,17540,1.0,1
Mzafram SoFIFA,FIFA17,club_name,identity / roster metadata,17540,17297,0.986146,1
Mzafram SoFIFA,FIFA17,composure,other raw field; semantics source-specific/unmapped,17540,17540,1.0,1
Mzafram SoFIFA,FIFA17,crossing,passing/creation attribute; mapping is approximate,17540,17540,1.0,1
Mzafram SoFIFA,FIFA17,curve,passing/creation attribute; mapping is approximate,17540,17540,1.0,1
Mzafram SoFIFA,FIFA17,defending,defensive attribute; mapping is approximate,17540,17540,1.0,1
Mzafram SoFIFA,FIFA17,defensive_awareness,other raw field; semantics source-specific/unmapped,17540,17540,1.0,1
Mzafram SoFIFA,FIFA17,dribbling,other raw field; semantics source-specific/unmapped,17540,17540,1.0,1
Mzafram SoFIFA,FIFA17,dribbling_stat,other raw field; semantics source-specific/unmapped,17540,17540,1.0,1
Mzafram SoFIFA,FIFA17,finishing,other raw field; semantics source-specific/unmapped,17540,17540,1.0,1
Mzafram SoFIFA,FIFA17,fk_accuracy,passing/creation attribute; mapping is approximate,17540,17540,1.0,1
Mzafram SoFIFA,FIFA17,game_version,snapshot/version metadata,17540,17540,1.0,1
Mzafram SoFIFA,FIFA17,gk_diving,goalkeeping attribute,17540,17540,1.0,1
Mzafram SoFIFA,FIFA17,gk_handling,goalkeeping attribute,17540,17540,1.0,1
Mzafram SoFIFA,FIFA17,gk_kicking,goalkeeping attribute,17540,17540,1.0,1
Mzafram SoFIFA,FIFA17,gk_positioning,goalkeeping attribute,17540,17540,1.0,1
Mzafram SoFIFA,FIFA17,gk_reflexes,goalkeeping attribute,17540,17540,1.0,1
Mzafram SoFIFA,FIFA17,heading_accuracy,other raw field; semantics source-specific/unmapped,17540,17540,1.0,1
Mzafram SoFIFA,FIFA17,height_cm,biographical covariate,17540,17540,1.0,1
Mzafram SoFIFA,FIFA17,interceptions,defensive attribute; mapping is approximate,17540,17540,1.0,1
Mzafram SoFIFA,FIFA17,jumping,other raw field; semantics source-specific/unmapped,17540,17540,1.0,1
Mzafram SoFIFA,FIFA17,long_name,identity / roster metadata,17540,17540,1.0,1
Mzafram SoFIFA,FIFA17,long_passing,passing/creation attribute; mapping is approximate,17540,17540,1.0,1
Mzafram SoFIFA,FIFA17,long_shots,other raw field; semantics source-specific/unmapped,17540,17540,1.0,1
Mzafram SoFIFA,FIFA17,nationality,identity / roster metadata,17540,17540,1.0,1
Mzafram SoFIFA,FIFA17,overall,overall rating; labels differ by publisher/source,17540,17540,1.0,1
Mzafram SoFIFA,FIFA17,pace,physical speed/agility attribute; source-era meaning needs verification,17540,17540,1.0,1
Mzafram SoFIFA,FIFA17,passing,passing/creation attribute; mapping is approximate,17540,17540,1.0,1
Mzafram SoFIFA,FIFA17,penalties,other raw field; semantics source-specific/unmapped,17540,17540,1.0,1
Mzafram SoFIFA,FIFA17,physical,other raw field; semantics source-specific/unmapped,17540,17540,1.0,1
Mzafram SoFIFA,FIFA17,player_url,other raw field; semantics source-specific/unmapped,17540,17540,1.0,1
Mzafram SoFIFA,FIFA17,playstyles,other raw field; semantics source-specific/unmapped,17540,0,0.0,1
Mzafram SoFIFA,FIFA17,playstyles_plus,other raw field; semantics source-specific/unmapped,17540,0,0.0,1
Mzafram SoFIFA,FIFA17,positioning,other raw field; semantics source-specific/unmapped,17540,17540,1.0,1
Mzafram SoFIFA,FIFA17,positions,position vocabulary / roster label; not formation geometry,17540,17540,1.0,1
Mzafram SoFIFA,FIFA17,potential,potential; not current ability,17540,17540,1.0,1
Mzafram SoFIFA,FIFA17,preferred_foot,other raw field; semantics source-specific/unmapped,17540,17540,1.0,1
Mzafram SoFIFA,FIFA17,reactions,other raw field; semantics source-specific/unmapped,17540,17540,1.0,1
Mzafram SoFIFA,FIFA17,shooting,other raw field; semantics source-specific/unmapped,17540,17540,1.0,1
Mzafram SoFIFA,FIFA17,short_name,identity / roster metadata,17540,17540,1.0,1
Mzafram SoFIFA,FIFA17,short_passing,passing/creation attribute; mapping is approximate,17540,17540,1.0,1
Mzafram SoFIFA,FIFA17,shot_power,other raw field; semantics source-specific/unmapped,17540,17540,1.0,1
Mzafram SoFIFA,FIFA17,sliding_tackle,defensive attribute; mapping is approximate,17540,17540,1.0,1
Mzafram SoFIFA,FIFA17,sofifa_id,identity / roster metadata,17540,17540,1.0,1
Mzafram SoFIFA,FIFA17,sprint_speed,physical speed/agility attribute; source-era meaning needs verification,17540,17540,1.0,1
Mzafram SoFIFA,FIFA17,stamina,other raw field; semantics source-specific/unmapped,17540,17540,1.0,1
Mzafram SoFIFA,FIFA17,standing_tackle,defensive attribute; mapping is approximate,17540,17540,1.0,1
Mzafram SoFIFA,FIFA17,strength,other raw field; semantics source-specific/unmapped,17540,17540,1.0,1
Mzafram SoFIFA,FIFA17,value_eur,other raw field; semantics source-specific/unmapped,17540,17540,1.0,1
Mzafram SoFIFA,FIFA17,vision,passing/creation attribute; mapping is approximate,17540,17540,1.0,1
Mzafram SoFIFA,FIFA17,volleys,other raw field; semantics source-specific/unmapped,17540,17540,1.0,1
Mzafram SoFIFA,FIFA17,wage_eur,other raw field; semantics source-specific/unmapped,17540,17540,1.0,1
Mzafram SoFIFA,FIFA17,weight_kg,biographical covariate,17540,17540,1.0,1
Mzafram SoFIFA,FIFA18,acceleration,physical speed/agility attribute; source-era meaning needs verification,17943,17943,1.0,1
Mzafram SoFIFA,FIFA18,age,biographical covariate,17943,17943,1.0,1
Mzafram SoFIFA,FIFA18,aggression,defensive attribute; mapping is approximate,17943,17943,1.0,1
Mzafram SoFIFA,FIFA18,agility,physical speed/agility attribute; source-era meaning needs verification,17943,17943,1.0,1
Mzafram SoFIFA,FIFA18,alias,other raw field; semantics source-specific/unmapped,17943,17943,1.0,1
Mzafram SoFIFA,FIFA18,balance,other raw field; semantics source-specific/unmapped,17943,17943,1.0,1
Mzafram SoFIFA,FIFA18,ball_control,other raw field; semantics source-specific/unmapped,17943,17943,1.0,1
Mzafram SoFIFA,FIFA18,club_name,identity / roster metadata,17943,17689,0.985844,1
Mzafram SoFIFA,FIFA18,composure,other raw field; semantics source-specific/unmapped,17943,17943,1.0,1
Mzafram SoFIFA,FIFA18,crossing,passing/creation attribute; mapping is approximate,17943,17943,1.0,1
Mzafram SoFIFA,FIFA18,curve,passing/creation attribute; mapping is approximate,17943,17943,1.0,1
Mzafram SoFIFA,FIFA18,defending,defensive attribute; mapping is approximate,17943,17943,1.0,1
Mzafram SoFIFA,FIFA18,defensive_awareness,other raw field; semantics source-specific/unmapped,17943,17943,1.0,1
Mzafram SoFIFA,FIFA18,dribbling,other raw field; semantics source-specific/unmapped,17943,17943,1.0,1
Mzafram SoFIFA,FIFA18,dribbling_stat,other raw field; semantics source-specific/unmapped,17943,17943,1.0,1
Mzafram SoFIFA,FIFA18,finishing,other raw field; semantics source-specific/unmapped,17943,17943,1.0,1
Mzafram SoFIFA,FIFA18,fk_accuracy,passing/creation attribute; mapping is approximate,17943,17943,1.0,1
Mzafram SoFIFA,FIFA18,game_version,snapshot/version metadata,17943,17943,1.0,1
Mzafram SoFIFA,FIFA18,gk_diving,goalkeeping attribute,17943,17943,1.0,1
Mzafram SoFIFA,FIFA18,gk_handling,goalkeeping attribute,17943,17943,1.0,1
Mzafram SoFIFA,FIFA18,gk_kicking,goalkeeping attribute,17943,17943,1.0,1
Mzafram SoFIFA,FIFA18,gk_positioning,goalkeeping attribute,17943,17943,1.0,1
Mzafram SoFIFA,FIFA18,gk_reflexes,goalkeeping attribute,17943,17943,1.0,1
Mzafram SoFIFA,FIFA18,heading_accuracy,other raw field; semantics source-specific/unmapped,17943,17943,1.0,1
Mzafram SoFIFA,FIFA18,height_cm,biographical covariate,17943,17943,1.0,1
Mzafram SoFIFA,FIFA18,interceptions,defensive attribute; mapping is approximate,17943,17943,1.0,1
Mzafram SoFIFA,FIFA18,jumping,other raw field; semantics source-specific/unmapped,17943,17943,1.0,1
Mzafram SoFIFA,FIFA18,long_name,identity / roster metadata,17943,17943,1.0,1
Mzafram SoFIFA,FIFA18,long_passing,passing/creation attribute; mapping is approximate,17943,17943,1.0,1
Mzafram SoFIFA,FIFA18,long_shots,other raw field; semantics source-specific/unmapped,17943,17943,1.0,1
Mzafram SoFIFA,FIFA18,nationality,identity / roster metadata,17943,17943,1.0,1
Mzafram SoFIFA,FIFA18,overall,overall rating; labels differ by publisher/source,17943,17943,1.0,1
Mzafram SoFIFA,FIFA18,pace,physical speed/agility attribute; source-era meaning needs verification,17943,17943,1.0,1
Mzafram SoFIFA,FIFA18,passing,passing/creation attribute; mapping is approximate,17943,17943,1.0,1
Mzafram SoFIFA,FIFA18,penalties,other raw field; semantics source-specific/unmapped,17943,17943,1.0,1
Mzafram SoFIFA,FIFA18,physical,other raw field; semantics source-specific/unmapped,17943,17943,1.0,1
Mzafram SoFIFA,FIFA18,player_url,other raw field; semantics source-specific/unmapped,17943,17943,1.0,1
Mzafram SoFIFA,FIFA18,playstyles,other raw field; semantics source-specific/unmapped,17943,0,0.0,1
Mzafram SoFIFA,FIFA18,playstyles_plus,other raw field; semantics source-specific/unmapped,17943,0,0.0,1
Mzafram SoFIFA,FIFA18,positioning,other raw field; semantics source-specific/unmapped,17943,17943,1.0,1
Mzafram SoFIFA,FIFA18,positions,position vocabulary / roster label; not formation geometry,17943,17943,1.0,1
Mzafram SoFIFA,FIFA18,potential,potential; not current ability,17943,17943,1.0,1
Mzafram SoFIFA,FIFA18,preferred_foot,other raw field; semantics source-specific/unmapped,17943,17943,1.0,1
Mzafram SoFIFA,FIFA18,reactions,other raw field; semantics source-specific/unmapped,17943,17943,1.0,1
Mzafram SoFIFA,FIFA18,shooting,other raw field; semantics source-specific/unmapped,17943,17943,1.0,1
Mzafram SoFIFA,FIFA18,short_name,identity / roster metadata,17943,17943,1.0,1
Mzafram SoFIFA,FIFA18,short_passing,passing/creation attribute; mapping is approximate,17943,17943,1.0,1
Mzafram SoFIFA,FIFA18,shot_power,other raw field; semantics source-specific/unmapped,17943,17943,1.0,1
Mzafram SoFIFA,FIFA18,sliding_tackle,defensive attribute; mapping is approximate,17943,17943,1.0,1
Mzafram SoFIFA,FIFA18,sofifa_id,identity / roster metadata,17943,17943,1.0,1
Mzafram SoFIFA,FIFA18,sprint_speed,physical speed/agility attribute; source-era meaning needs verification,17943,17943,1.0,1
Mzafram SoFIFA,FIFA18,stamina,other raw field; semantics source-specific/unmapped,17943,17943,1.0,1
Mzafram SoFIFA,FIFA18,standing_tackle,defensive attribute; mapping is approximate,17943,17943,1.0,1
Mzafram SoFIFA,FIFA18,strength,other raw field; semantics source-specific/unmapped,17943,17943,1.0,1
Mzafram SoFIFA,FIFA18,value_eur,other raw field; semantics source-specific/unmapped,17943,17943,1.0,1
Mzafram SoFIFA,FIFA18,vision,passing/creation attribute; mapping is approximate,17943,17943,1.0,1
Mzafram SoFIFA,FIFA18,volleys,other raw field; semantics source-specific/unmapped,17943,17943,1.0,1
Mzafram SoFIFA,FIFA18,wage_eur,other raw field; semantics source-specific/unmapped,17943,17943,1.0,1
Mzafram SoFIFA,FIFA18,weight_kg,biographical covariate,17943,17943,1.0,1
Mzafram SoFIFA,FIFA19,acceleration,physical speed/agility attribute; source-era meaning needs verification,17958,17958,1.0,1
Mzafram SoFIFA,FIFA19,age,biographical covariate,17958,17958,1.0,1
Mzafram SoFIFA,FIFA19,aggression,defensive attribute; mapping is approximate,17958,17958,1.0,1
Mzafram SoFIFA,FIFA19,agility,physical speed/agility attribute; source-era meaning needs verification,17958,17958,1.0,1
Mzafram SoFIFA,FIFA19,alias,other raw field; semantics source-specific/unmapped,17958,17958,1.0,1
Mzafram SoFIFA,FIFA19,balance,other raw field; semantics source-specific/unmapped,17958,17958,1.0,1
Mzafram SoFIFA,FIFA19,ball_control,other raw field; semantics source-specific/unmapped,17958,17958,1.0,1
Mzafram SoFIFA,FIFA19,club_name,identity / roster metadata,17958,17721,0.986803,1
Mzafram SoFIFA,FIFA19,composure,other raw field; semantics source-specific/unmapped,17958,17958,1.0,1
Mzafram SoFIFA,FIFA19,crossing,passing/creation attribute; mapping is approximate,17958,17958,1.0,1
Mzafram SoFIFA,FIFA19,curve,passing/creation attribute; mapping is approximate,17958,17958,1.0,1
Mzafram SoFIFA,FIFA19,defending,defensive attribute; mapping is approximate,17958,17958,1.0,1
Mzafram SoFIFA,FIFA19,defensive_awareness,other raw field; semantics source-specific/unmapped,17958,17958,1.0,1
Mzafram SoFIFA,FIFA19,dribbling,other raw field; semantics source-specific/unmapped,17958,17958,1.0,1
Mzafram SoFIFA,FIFA19,dribbling_stat,other raw field; semantics source-specific/unmapped,17958,17958,1.0,1
Mzafram SoFIFA,FIFA19,finishing,other raw field; semantics source-specific/unmapped,17958,17958,1.0,1
Mzafram SoFIFA,FIFA19,fk_accuracy,passing/creation attribute; mapping is approximate,17958,17958,1.0,1
Mzafram SoFIFA,FIFA19,game_version,snapshot/version metadata,17958,17958,1.0,1
Mzafram SoFIFA,FIFA19,gk_diving,goalkeeping attribute,17958,17958,1.0,1
Mzafram SoFIFA,FIFA19,gk_handling,goalkeeping attribute,17958,17958,1.0,1
Mzafram SoFIFA,FIFA19,gk_kicking,goalkeeping attribute,17958,17958,1.0,1
Mzafram SoFIFA,FIFA19,gk_positioning,goalkeeping attribute,17958,17958,1.0,1
Mzafram SoFIFA,FIFA19,gk_reflexes,goalkeeping attribute,17958,17958,1.0,1
Mzafram SoFIFA,FIFA19,heading_accuracy,other raw field; semantics source-specific/unmapped,17958,17958,1.0,1
Mzafram SoFIFA,FIFA19,height_cm,biographical covariate,17958,17958,1.0,1
Mzafram SoFIFA,FIFA19,interceptions,defensive attribute; mapping is approximate,17958,17958,1.0,1
Mzafram SoFIFA,FIFA19,jumping,other raw field; semantics source-specific/unmapped,17958,17958,1.0,1
Mzafram SoFIFA,FIFA19,long_name,identity / roster metadata,17958,17958,1.0,1
Mzafram SoFIFA,FIFA19,long_passing,passing/creation attribute; mapping is approximate,17958,17958,1.0,1
Mzafram SoFIFA,FIFA19,long_shots,other raw field; semantics source-specific/unmapped,17958,17958,1.0,1
Mzafram SoFIFA,FIFA19,nationality,identity / roster metadata,17958,17958,1.0,1
Mzafram SoFIFA,FIFA19,overall,overall rating; labels differ by publisher/source,17958,17958,1.0,1
Mzafram SoFIFA,FIFA19,pace,physical speed/agility attribute; source-era meaning needs verification,17958,17958,1.0,1
Mzafram SoFIFA,FIFA19,passing,passing/creation attribute; mapping is approximate,17958,17958,1.0,1
Mzafram SoFIFA,FIFA19,penalties,other raw field; semantics source-specific/unmapped,17958,17958,1.0,1
Mzafram SoFIFA,FIFA19,physical,other raw field; semantics source-specific/unmapped,17958,17958,1.0,1
Mzafram SoFIFA,FIFA19,player_url,other raw field; semantics source-specific/unmapped,17958,17958,1.0,1
Mzafram SoFIFA,FIFA19,playstyles,other raw field; semantics source-specific/unmapped,17958,0,0.0,1
Mzafram SoFIFA,FIFA19,playstyles_plus,other raw field; semantics source-specific/unmapped,17958,0,0.0,1
Mzafram SoFIFA,FIFA19,positioning,other raw field; semantics source-specific/unmapped,17958,17958,1.0,1
Mzafram SoFIFA,FIFA19,positions,position vocabulary / roster label; not formation geometry,17958,17958,1.0,1
Mzafram SoFIFA,FIFA19,potential,potential; not current ability,17958,17958,1.0,1
Mzafram SoFIFA,FIFA19,preferred_foot,other raw field; semantics source-specific/unmapped,17958,17958,1.0,1
Mzafram SoFIFA,FIFA19,reactions,other raw field; semantics source-specific/unmapped,17958,17958,1.0,1
Mzafram SoFIFA,FIFA19,shooting,other raw field; semantics source-specific/unmapped,17958,17958,1.0,1
Mzafram SoFIFA,FIFA19,short_name,identity / roster metadata,17958,17958,1.0,1
Mzafram SoFIFA,FIFA19,short_passing,passing/creation attribute; mapping is approximate,17958,17958,1.0,1
Mzafram SoFIFA,FIFA19,shot_power,other raw field; semantics source-specific/unmapped,17958,17958,1.0,1
Mzafram SoFIFA,FIFA19,sliding_tackle,defensive attribute; mapping is approximate,17958,17958,1.0,1
Mzafram SoFIFA,FIFA19,sofifa_id,identity / roster metadata,17958,17958,1.0,1
Mzafram SoFIFA,FIFA19,sprint_speed,physical speed/agility attribute; source-era meaning needs verification,17958,17958,1.0,1
Mzafram SoFIFA,FIFA19,stamina,other raw field; semantics source-specific/unmapped,17958,17958,1.0,1
Mzafram SoFIFA,FIFA19,standing_tackle,defensive attribute; mapping is approximate,17958,17958,1.0,1
Mzafram SoFIFA,FIFA19,strength,other raw field; semantics source-specific/unmapped,17958,17958,1.0,1
Mzafram SoFIFA,FIFA19,value_eur,other raw field; semantics source-specific/unmapped,17958,17958,1.0,1
Mzafram SoFIFA,FIFA19,vision,passing/creation attribute; mapping is approximate,17958,17958,1.0,1
Mzafram SoFIFA,FIFA19,volleys,other raw field; semantics source-specific/unmapped,17958,17958,1.0,1
Mzafram SoFIFA,FIFA19,wage_eur,other raw field; semantics source-specific/unmapped,17958,17958,1.0,1
Mzafram SoFIFA,FIFA19,weight_kg,biographical covariate,17958,17958,1.0,1
Mzafram SoFIFA,FIFA20,acceleration,physical speed/agility attribute; source-era meaning needs verification,18490,18490,1.0,1
Mzafram SoFIFA,FIFA20,age,biographical covariate,18490,18490,1.0,1
Mzafram SoFIFA,FIFA20,aggression,defensive attribute; mapping is approximate,18490,18490,1.0,1
Mzafram SoFIFA,FIFA20,agility,physical speed/agility attribute; source-era meaning needs verification,18490,18490,1.0,1
Mzafram SoFIFA,FIFA20,alias,other raw field; semantics source-specific/unmapped,18490,18490,1.0,1
Mzafram SoFIFA,FIFA20,balance,other raw field; semantics source-specific/unmapped,18490,18490,1.0,1
Mzafram SoFIFA,FIFA20,ball_control,other raw field; semantics source-specific/unmapped,18490,18490,1.0,1
Mzafram SoFIFA,FIFA20,club_name,identity / roster metadata,18490,18276,0.988426,1
Mzafram SoFIFA,FIFA20,composure,other raw field; semantics source-specific/unmapped,18490,18490,1.0,1
Mzafram SoFIFA,FIFA20,crossing,passing/creation attribute; mapping is approximate,18490,18490,1.0,1
Mzafram SoFIFA,FIFA20,curve,passing/creation attribute; mapping is approximate,18490,18490,1.0,1
Mzafram SoFIFA,FIFA20,defending,defensive attribute; mapping is approximate,18490,18490,1.0,1
Mzafram SoFIFA,FIFA20,defensive_awareness,other raw field; semantics source-specific/unmapped,18490,18490,1.0,1
Mzafram SoFIFA,FIFA20,dribbling,other raw field; semantics source-specific/unmapped,18490,18490,1.0,1
Mzafram SoFIFA,FIFA20,dribbling_stat,other raw field; semantics source-specific/unmapped,18490,18490,1.0,1
Mzafram SoFIFA,FIFA20,finishing,other raw field; semantics source-specific/unmapped,18490,18490,1.0,1
Mzafram SoFIFA,FIFA20,fk_accuracy,passing/creation attribute; mapping is approximate,18490,18490,1.0,1
Mzafram SoFIFA,FIFA20,game_version,snapshot/version metadata,18490,18490,1.0,1
Mzafram SoFIFA,FIFA20,gk_diving,goalkeeping attribute,18490,18490,1.0,1
Mzafram SoFIFA,FIFA20,gk_handling,goalkeeping attribute,18490,18490,1.0,1
Mzafram SoFIFA,FIFA20,gk_kicking,goalkeeping attribute,18490,18490,1.0,1
Mzafram SoFIFA,FIFA20,gk_positioning,goalkeeping attribute,18490,18490,1.0,1
Mzafram SoFIFA,FIFA20,gk_reflexes,goalkeeping attribute,18490,18490,1.0,1
Mzafram SoFIFA,FIFA20,heading_accuracy,other raw field; semantics source-specific/unmapped,18490,18490,1.0,1
Mzafram SoFIFA,FIFA20,height_cm,biographical covariate,18490,18490,1.0,1
Mzafram SoFIFA,FIFA20,interceptions,defensive attribute; mapping is approximate,18490,18490,1.0,1
Mzafram SoFIFA,FIFA20,jumping,other raw field; semantics source-specific/unmapped,18490,18490,1.0,1
Mzafram SoFIFA,FIFA20,long_name,identity / roster metadata,18490,18490,1.0,1
Mzafram SoFIFA,FIFA20,long_passing,passing/creation attribute; mapping is approximate,18490,18490,1.0,1
Mzafram SoFIFA,FIFA20,long_shots,other raw field; semantics source-specific/unmapped,18490,18490,1.0,1
Mzafram SoFIFA,FIFA20,nationality,identity / roster metadata,18490,18490,1.0,1
Mzafram SoFIFA,FIFA20,overall,overall rating; labels differ by publisher/source,18490,18490,1.0,1
Mzafram SoFIFA,FIFA20,pace,physical speed/agility attribute; source-era meaning needs verification,18490,18490,1.0,1
Mzafram SoFIFA,FIFA20,passing,passing/creation attribute; mapping is approximate,18490,18490,1.0,1
Mzafram SoFIFA,FIFA20,penalties,other raw field; semantics source-specific/unmapped,18490,18490,1.0,1
Mzafram SoFIFA,FIFA20,physical,other raw field; semantics source-specific/unmapped,18490,18490,1.0,1
Mzafram SoFIFA,FIFA20,player_url,other raw field; semantics source-specific/unmapped,18490,18490,1.0,1
Mzafram SoFIFA,FIFA20,playstyles,other raw field; semantics source-specific/unmapped,18490,0,0.0,1
Mzafram SoFIFA,FIFA20,playstyles_plus,other raw field; semantics source-specific/unmapped,18490,0,0.0,1
Mzafram SoFIFA,FIFA20,positioning,other raw field; semantics source-specific/unmapped,18490,18490,1.0,1
Mzafram SoFIFA,FIFA20,positions,position vocabulary / roster label; not formation geometry,18490,18490,1.0,1
Mzafram SoFIFA,FIFA20,potential,potential; not current ability,18490,18490,1.0,1
Mzafram SoFIFA,FIFA20,preferred_foot,other raw field; semantics source-specific/unmapped,18490,18490,1.0,1
Mzafram SoFIFA,FIFA20,reactions,other raw field; semantics source-specific/unmapped,18490,18490,1.0,1
Mzafram SoFIFA,FIFA20,shooting,other raw field; semantics source-specific/unmapped,18490,18490,1.0,1
Mzafram SoFIFA,FIFA20,short_name,identity / roster metadata,18490,18490,1.0,1
Mzafram SoFIFA,FIFA20,short_passing,passing/creation attribute; mapping is approximate,18490,18490,1.0,1
Mzafram SoFIFA,FIFA20,shot_power,other raw field; semantics source-specific/unmapped,18490,18490,1.0,1
Mzafram SoFIFA,FIFA20,sliding_tackle,defensive attribute; mapping is approximate,18490,18490,1.0,1
Mzafram SoFIFA,FIFA20,sofifa_id,identity / roster metadata,18490,18490,1.0,1
Mzafram SoFIFA,FIFA20,sprint_speed,physical speed/agility attribute; source-era meaning needs verification,18490,18490,1.0,1
Mzafram SoFIFA,FIFA20,stamina,other raw field; semantics source-specific/unmapped,18490,18490,1.0,1
Mzafram SoFIFA,FIFA20,standing_tackle,defensive attribute; mapping is approximate,18490,18490,1.0,1
Mzafram SoFIFA,FIFA20,strength,other raw field; semantics source-specific/unmapped,18490,18490,1.0,1
Mzafram SoFIFA,FIFA20,value_eur,other raw field; semantics source-specific/unmapped,18490,18490,1.0,1
Mzafram SoFIFA,FIFA20,vision,passing/creation attribute; mapping is approximate,18490,18490,1.0,1
Mzafram SoFIFA,FIFA20,volleys,other raw field; semantics source-specific/unmapped,18490,18490,1.0,1
Mzafram SoFIFA,FIFA20,wage_eur,other raw field; semantics source-specific/unmapped,18490,18490,1.0,1
Mzafram SoFIFA,FIFA20,weight_kg,biographical covariate,18490,18490,1.0,1
Mzafram SoFIFA,FIFA21,acceleration,physical speed/agility attribute; source-era meaning needs verification,18483,18483,1.0,1
Mzafram SoFIFA,FIFA21,age,biographical covariate,18483,18483,1.0,1
Mzafram SoFIFA,FIFA21,aggression,defensive attribute; mapping is approximate,18483,18483,1.0,1
Mzafram SoFIFA,FIFA21,agility,physical speed/agility attribute; source-era meaning needs verification,18483,18483,1.0,1
Mzafram SoFIFA,FIFA21,alias,other raw field; semantics source-specific/unmapped,18483,18483,1.0,1
Mzafram SoFIFA,FIFA21,balance,other raw field; semantics source-specific/unmapped,18483,18483,1.0,1
Mzafram SoFIFA,FIFA21,ball_control,other raw field; semantics source-specific/unmapped,18483,18483,1.0,1
Mzafram SoFIFA,FIFA21,club_name,identity / roster metadata,18483,18243,0.987015,1
Mzafram SoFIFA,FIFA21,composure,other raw field; semantics source-specific/unmapped,18483,18483,1.0,1
Mzafram SoFIFA,FIFA21,crossing,passing/creation attribute; mapping is approximate,18483,18483,1.0,1
Mzafram SoFIFA,FIFA21,curve,passing/creation attribute; mapping is approximate,18483,18483,1.0,1
Mzafram SoFIFA,FIFA21,defending,defensive attribute; mapping is approximate,18483,18483,1.0,1
Mzafram SoFIFA,FIFA21,defensive_awareness,other raw field; semantics source-specific/unmapped,18483,18483,1.0,1
Mzafram SoFIFA,FIFA21,dribbling,other raw field; semantics source-specific/unmapped,18483,18483,1.0,1
Mzafram SoFIFA,FIFA21,dribbling_stat,other raw field; semantics source-specific/unmapped,18483,18483,1.0,1
Mzafram SoFIFA,FIFA21,finishing,other raw field; semantics source-specific/unmapped,18483,18483,1.0,1
Mzafram SoFIFA,FIFA21,fk_accuracy,passing/creation attribute; mapping is approximate,18483,18483,1.0,1
Mzafram SoFIFA,FIFA21,game_version,snapshot/version metadata,18483,18483,1.0,1
Mzafram SoFIFA,FIFA21,gk_diving,goalkeeping attribute,18483,18483,1.0,1
Mzafram SoFIFA,FIFA21,gk_handling,goalkeeping attribute,18483,18483,1.0,1
Mzafram SoFIFA,FIFA21,gk_kicking,goalkeeping attribute,18483,18483,1.0,1
Mzafram SoFIFA,FIFA21,gk_positioning,goalkeeping attribute,18483,18483,1.0,1
Mzafram SoFIFA,FIFA21,gk_reflexes,goalkeeping attribute,18483,18483,1.0,1
Mzafram SoFIFA,FIFA21,heading_accuracy,other raw field; semantics source-specific/unmapped,18483,18483,1.0,1
Mzafram SoFIFA,FIFA21,height_cm,biographical covariate,18483,18483,1.0,1
Mzafram SoFIFA,FIFA21,interceptions,defensive attribute; mapping is approximate,18483,18483,1.0,1
Mzafram SoFIFA,FIFA21,jumping,other raw field; semantics source-specific/unmapped,18483,18483,1.0,1
Mzafram SoFIFA,FIFA21,long_name,identity / roster metadata,18483,18483,1.0,1
Mzafram SoFIFA,FIFA21,long_passing,passing/creation attribute; mapping is approximate,18483,18483,1.0,1
Mzafram SoFIFA,FIFA21,long_shots,other raw field; semantics source-specific/unmapped,18483,18483,1.0,1
Mzafram SoFIFA,FIFA21,nationality,identity / roster metadata,18483,18483,1.0,1
Mzafram SoFIFA,FIFA21,overall,overall rating; labels differ by publisher/source,18483,18483,1.0,1
Mzafram SoFIFA,FIFA21,pace,physical speed/agility attribute; source-era meaning needs verification,18483,18483,1.0,1
Mzafram SoFIFA,FIFA21,passing,passing/creation attribute; mapping is approximate,18483,18483,1.0,1
Mzafram SoFIFA,FIFA21,penalties,other raw field; semantics source-specific/unmapped,18483,18483,1.0,1
Mzafram SoFIFA,FIFA21,physical,other raw field; semantics source-specific/unmapped,18483,18483,1.0,1
Mzafram SoFIFA,FIFA21,player_url,other raw field; semantics source-specific/unmapped,18483,18483,1.0,1
Mzafram SoFIFA,FIFA21,playstyles,other raw field; semantics source-specific/unmapped,18483,0,0.0,1
Mzafram SoFIFA,FIFA21,playstyles_plus,other raw field; semantics source-specific/unmapped,18483,0,0.0,1
Mzafram SoFIFA,FIFA21,positioning,other raw field; semantics source-specific/unmapped,18483,18483,1.0,1
Mzafram SoFIFA,FIFA21,positions,position vocabulary / roster label; not formation geometry,18483,18483,1.0,1
Mzafram SoFIFA,FIFA21,potential,potential; not current ability,18483,18483,1.0,1
Mzafram SoFIFA,FIFA21,preferred_foot,other raw field; semantics source-specific/unmapped,18483,18483,1.0,1
Mzafram SoFIFA,FIFA21,reactions,other raw field; semantics source-specific/unmapped,18483,18483,1.0,1
Mzafram SoFIFA,FIFA21,shooting,other raw field; semantics source-specific/unmapped,18483,18483,1.0,1
Mzafram SoFIFA,FIFA21,short_name,identity / roster metadata,18483,18483,1.0,1
Mzafram SoFIFA,FIFA21,short_passing,passing/creation attribute; mapping is approximate,18483,18483,1.0,1
Mzafram SoFIFA,FIFA21,shot_power,other raw field; semantics source-specific/unmapped,18483,18483,1.0,1
Mzafram SoFIFA,FIFA21,sliding_tackle,defensive attribute; mapping is approximate,18483,18483,1.0,1
Mzafram SoFIFA,FIFA21,sofifa_id,identity / roster metadata,18483,18483,1.0,1
Mzafram SoFIFA,FIFA21,sprint_speed,physical speed/agility attribute; source-era meaning needs verification,18483,18483,1.0,1
Mzafram SoFIFA,FIFA21,stamina,other raw field; semantics source-specific/unmapped,18483,18483,1.0,1
Mzafram SoFIFA,FIFA21,standing_tackle,defensive attribute; mapping is approximate,18483,18483,1.0,1
Mzafram SoFIFA,FIFA21,strength,other raw field; semantics source-specific/unmapped,18483,18483,1.0,1
Mzafram SoFIFA,FIFA21,value_eur,other raw field; semantics source-specific/unmapped,18483,18483,1.0,1
Mzafram SoFIFA,FIFA21,vision,passing/creation attribute; mapping is approximate,18483,18483,1.0,1
Mzafram SoFIFA,FIFA21,volleys,other raw field; semantics source-specific/unmapped,18483,18483,1.0,1
Mzafram SoFIFA,FIFA21,wage_eur,other raw field; semantics source-specific/unmapped,18483,18483,1.0,1
Mzafram SoFIFA,FIFA21,weight_kg,biographical covariate,18483,18483,1.0,1
Mzafram SoFIFA,FIFA22,acceleration,physical speed/agility attribute; source-era meaning needs verification,18474,18474,1.0,1
Mzafram SoFIFA,FIFA22,age,biographical covariate,18474,18474,1.0,1
Mzafram SoFIFA,FIFA22,aggression,defensive attribute; mapping is approximate,18474,18474,1.0,1
Mzafram SoFIFA,FIFA22,agility,physical speed/agility attribute; source-era meaning needs verification,18474,18474,1.0,1
Mzafram SoFIFA,FIFA22,alias,other raw field; semantics source-specific/unmapped,18474,18474,1.0,1
Mzafram SoFIFA,FIFA22,balance,other raw field; semantics source-specific/unmapped,18474,18474,1.0,1
Mzafram SoFIFA,FIFA22,ball_control,other raw field; semantics source-specific/unmapped,18474,18474,1.0,1
Mzafram SoFIFA,FIFA22,club_name,identity / roster metadata,18474,18415,0.996806,1
Mzafram SoFIFA,FIFA22,composure,other raw field; semantics source-specific/unmapped,18474,18474,1.0,1
Mzafram SoFIFA,FIFA22,crossing,passing/creation attribute; mapping is approximate,18474,18474,1.0,1
Mzafram SoFIFA,FIFA22,curve,passing/creation attribute; mapping is approximate,18474,18474,1.0,1
Mzafram SoFIFA,FIFA22,defending,defensive attribute; mapping is approximate,18474,18474,1.0,1
Mzafram SoFIFA,FIFA22,defensive_awareness,other raw field; semantics source-specific/unmapped,18474,18474,1.0,1
Mzafram SoFIFA,FIFA22,dribbling,other raw field; semantics source-specific/unmapped,18474,18474,1.0,1
Mzafram SoFIFA,FIFA22,dribbling_stat,other raw field; semantics source-specific/unmapped,18474,18474,1.0,1
Mzafram SoFIFA,FIFA22,finishing,other raw field; semantics source-specific/unmapped,18474,18474,1.0,1
Mzafram SoFIFA,FIFA22,fk_accuracy,passing/creation attribute; mapping is approximate,18474,18474,1.0,1
Mzafram SoFIFA,FIFA22,game_version,snapshot/version metadata,18474,18474,1.0,1
Mzafram SoFIFA,FIFA22,gk_diving,goalkeeping attribute,18474,18474,1.0,1
Mzafram SoFIFA,FIFA22,gk_handling,goalkeeping attribute,18474,18474,1.0,1
Mzafram SoFIFA,FIFA22,gk_kicking,goalkeeping attribute,18474,18474,1.0,1
Mzafram SoFIFA,FIFA22,gk_positioning,goalkeeping attribute,18474,18474,1.0,1
Mzafram SoFIFA,FIFA22,gk_reflexes,goalkeeping attribute,18474,18474,1.0,1
Mzafram SoFIFA,FIFA22,heading_accuracy,other raw field; semantics source-specific/unmapped,18474,18474,1.0,1
Mzafram SoFIFA,FIFA22,height_cm,biographical covariate,18474,18474,1.0,1
Mzafram SoFIFA,FIFA22,interceptions,defensive attribute; mapping is approximate,18474,18474,1.0,1
Mzafram SoFIFA,FIFA22,jumping,other raw field; semantics source-specific/unmapped,18474,18474,1.0,1
Mzafram SoFIFA,FIFA22,long_name,identity / roster metadata,18474,18474,1.0,1
Mzafram SoFIFA,FIFA22,long_passing,passing/creation attribute; mapping is approximate,18474,18474,1.0,1
Mzafram SoFIFA,FIFA22,long_shots,other raw field; semantics source-specific/unmapped,18474,18474,1.0,1
Mzafram SoFIFA,FIFA22,nationality,identity / roster metadata,18474,18474,1.0,1
Mzafram SoFIFA,FIFA22,overall,overall rating; labels differ by publisher/source,18474,18474,1.0,1
Mzafram SoFIFA,FIFA22,pace,physical speed/agility attribute; source-era meaning needs verification,18474,18474,1.0,1
Mzafram SoFIFA,FIFA22,passing,passing/creation attribute; mapping is approximate,18474,18474,1.0,1
Mzafram SoFIFA,FIFA22,penalties,other raw field; semantics source-specific/unmapped,18474,18474,1.0,1
Mzafram SoFIFA,FIFA22,physical,other raw field; semantics source-specific/unmapped,18474,18474,1.0,1
Mzafram SoFIFA,FIFA22,player_url,other raw field; semantics source-specific/unmapped,18474,18474,1.0,1
Mzafram SoFIFA,FIFA22,playstyles,other raw field; semantics source-specific/unmapped,18474,0,0.0,1
Mzafram SoFIFA,FIFA22,playstyles_plus,other raw field; semantics source-specific/unmapped,18474,0,0.0,1
Mzafram SoFIFA,FIFA22,positioning,other raw field; semantics source-specific/unmapped,18474,18474,1.0,1
Mzafram SoFIFA,FIFA22,positions,position vocabulary / roster label; not formation geometry,18474,18474,1.0,1
Mzafram SoFIFA,FIFA22,potential,potential; not current ability,18474,18474,1.0,1
Mzafram SoFIFA,FIFA22,preferred_foot,other raw field; semantics source-specific/unmapped,18474,18474,1.0,1
Mzafram SoFIFA,FIFA22,reactions,other raw field; semantics source-specific/unmapped,18474,18474,1.0,1
Mzafram SoFIFA,FIFA22,shooting,other raw field; semantics source-specific/unmapped,18474,18474,1.0,1
Mzafram SoFIFA,FIFA22,short_name,identity / roster metadata,18474,18474,1.0,1
Mzafram SoFIFA,FIFA22,short_passing,passing/creation attribute; mapping is approximate,18474,18474,1.0,1
Mzafram SoFIFA,FIFA22,shot_power,other raw field; semantics source-specific/unmapped,18474,18474,1.0,1
Mzafram SoFIFA,FIFA22,sliding_tackle,defensive attribute; mapping is approximate,18474,18474,1.0,1
Mzafram SoFIFA,FIFA22,sofifa_id,identity / roster metadata,18474,18474,1.0,1
Mzafram SoFIFA,FIFA22,sprint_speed,physical speed/agility attribute; source-era meaning needs verification,18474,18474,1.0,1
Mzafram SoFIFA,FIFA22,stamina,other raw field; semantics source-specific/unmapped,18474,18474,1.0,1
Mzafram SoFIFA,FIFA22,standing_tackle,defensive attribute; mapping is approximate,18474,18474,1.0,1
Mzafram SoFIFA,FIFA22,strength,other raw field; semantics source-specific/unmapped,18474,18474,1.0,1
Mzafram SoFIFA,FIFA22,value_eur,other raw field; semantics source-specific/unmapped,18474,18474,1.0,1
Mzafram SoFIFA,FIFA22,vision,passing/creation attribute; mapping is approximate,18474,18474,1.0,1
Mzafram SoFIFA,FIFA22,volleys,other raw field; semantics source-specific/unmapped,18474,18474,1.0,1
Mzafram SoFIFA,FIFA22,wage_eur,other raw field; semantics source-specific/unmapped,18474,18474,1.0,1
Mzafram SoFIFA,FIFA22,weight_kg,biographical covariate,18474,18474,1.0,1
Mzafram SoFIFA,FIFA23,acceleration,physical speed/agility attribute; source-era meaning needs verification,18462,18462,1.0,1
Mzafram SoFIFA,FIFA23,age,biographical covariate,18462,18462,1.0,1
Mzafram SoFIFA,FIFA23,aggression,defensive attribute; mapping is approximate,18462,18462,1.0,1
Mzafram SoFIFA,FIFA23,agility,physical speed/agility attribute; source-era meaning needs verification,18462,18462,1.0,1
Mzafram SoFIFA,FIFA23,alias,other raw field; semantics source-specific/unmapped,18462,18462,1.0,1
Mzafram SoFIFA,FIFA23,balance,other raw field; semantics source-specific/unmapped,18462,18462,1.0,1
Mzafram SoFIFA,FIFA23,ball_control,other raw field; semantics source-specific/unmapped,18462,18462,1.0,1
Mzafram SoFIFA,FIFA23,club_name,identity / roster metadata,18462,18378,0.99545,1
Mzafram SoFIFA,FIFA23,composure,other raw field; semantics source-specific/unmapped,18462,18462,1.0,1
Mzafram SoFIFA,FIFA23,crossing,passing/creation attribute; mapping is approximate,18462,18462,1.0,1
Mzafram SoFIFA,FIFA23,curve,passing/creation attribute; mapping is approximate,18462,18462,1.0,1
Mzafram SoFIFA,FIFA23,defending,defensive attribute; mapping is approximate,18462,18462,1.0,1
Mzafram SoFIFA,FIFA23,defensive_awareness,other raw field; semantics source-specific/unmapped,18462,18462,1.0,1
Mzafram SoFIFA,FIFA23,dribbling,other raw field; semantics source-specific/unmapped,18462,18462,1.0,1
Mzafram SoFIFA,FIFA23,dribbling_stat,other raw field; semantics source-specific/unmapped,18462,18462,1.0,1
Mzafram SoFIFA,FIFA23,finishing,other raw field; semantics source-specific/unmapped,18462,18462,1.0,1
Mzafram SoFIFA,FIFA23,fk_accuracy,passing/creation attribute; mapping is approximate,18462,18462,1.0,1
Mzafram SoFIFA,FIFA23,game_version,snapshot/version metadata,18462,18462,1.0,1
Mzafram SoFIFA,FIFA23,gk_diving,goalkeeping attribute,18462,18462,1.0,1
Mzafram SoFIFA,FIFA23,gk_handling,goalkeeping attribute,18462,18462,1.0,1
Mzafram SoFIFA,FIFA23,gk_kicking,goalkeeping attribute,18462,18462,1.0,1
Mzafram SoFIFA,FIFA23,gk_positioning,goalkeeping attribute,18462,18462,1.0,1
Mzafram SoFIFA,FIFA23,gk_reflexes,goalkeeping attribute,18462,18462,1.0,1
Mzafram SoFIFA,FIFA23,heading_accuracy,other raw field; semantics source-specific/unmapped,18462,18462,1.0,1
Mzafram SoFIFA,FIFA23,height_cm,biographical covariate,18462,18462,1.0,1
Mzafram SoFIFA,FIFA23,interceptions,defensive attribute; mapping is approximate,18462,18462,1.0,1
Mzafram SoFIFA,FIFA23,jumping,other raw field; semantics source-specific/unmapped,18462,18462,1.0,1
Mzafram SoFIFA,FIFA23,long_name,identity / roster metadata,18462,18462,1.0,1
Mzafram SoFIFA,FIFA23,long_passing,passing/creation attribute; mapping is approximate,18462,18462,1.0,1
Mzafram SoFIFA,FIFA23,long_shots,other raw field; semantics source-specific/unmapped,18462,18462,1.0,1
Mzafram SoFIFA,FIFA23,nationality,identity / roster metadata,18462,18462,1.0,1
Mzafram SoFIFA,FIFA23,overall,overall rating; labels differ by publisher/source,18462,18462,1.0,1
Mzafram SoFIFA,FIFA23,pace,physical speed/agility attribute; source-era meaning needs verification,18462,18462,1.0,1
Mzafram SoFIFA,FIFA23,passing,passing/creation attribute; mapping is approximate,18462,18462,1.0,1
Mzafram SoFIFA,FIFA23,penalties,other raw field; semantics source-specific/unmapped,18462,18462,1.0,1
Mzafram SoFIFA,FIFA23,physical,other raw field; semantics source-specific/unmapped,18462,18462,1.0,1
Mzafram SoFIFA,FIFA23,player_url,other raw field; semantics source-specific/unmapped,18462,18462,1.0,1
Mzafram SoFIFA,FIFA23,playstyles,other raw field; semantics source-specific/unmapped,18462,0,0.0,1
Mzafram SoFIFA,FIFA23,playstyles_plus,other raw field; semantics source-specific/unmapped,18462,0,0.0,1
Mzafram SoFIFA,FIFA23,positioning,other raw field; semantics source-specific/unmapped,18462,18462,1.0,1
Mzafram SoFIFA,FIFA23,positions,position vocabulary / roster label; not formation geometry,18462,18462,1.0,1
Mzafram SoFIFA,FIFA23,potential,potential; not current ability,18462,18462,1.0,1
Mzafram SoFIFA,FIFA23,preferred_foot,other raw field; semantics source-specific/unmapped,18462,18462,1.0,1
Mzafram SoFIFA,FIFA23,reactions,other raw field; semantics source-specific/unmapped,18462,18462,1.0,1
Mzafram SoFIFA,FIFA23,shooting,other raw field; semantics source-specific/unmapped,18462,18462,1.0,1
Mzafram SoFIFA,FIFA23,short_name,identity / roster metadata,18462,18462,1.0,1
Mzafram SoFIFA,FIFA23,short_passing,passing/creation attribute; mapping is approximate,18462,18462,1.0,1
Mzafram SoFIFA,FIFA23,shot_power,other raw field; semantics source-specific/unmapped,18462,18462,1.0,1
Mzafram SoFIFA,FIFA23,sliding_tackle,defensive attribute; mapping is approximate,18462,18462,1.0,1
Mzafram SoFIFA,FIFA23,sofifa_id,identity / roster metadata,18462,18462,1.0,1
Mzafram SoFIFA,FIFA23,sprint_speed,physical speed/agility attribute; source-era meaning needs verification,18462,18462,1.0,1
Mzafram SoFIFA,FIFA23,stamina,other raw field; semantics source-specific/unmapped,18462,18462,1.0,1
Mzafram SoFIFA,FIFA23,standing_tackle,defensive attribute; mapping is approximate,18462,18462,1.0,1
Mzafram SoFIFA,FIFA23,strength,other raw field; semantics source-specific/unmapped,18462,18462,1.0,1
Mzafram SoFIFA,FIFA23,value_eur,other raw field; semantics source-specific/unmapped,18462,18462,1.0,1
Mzafram SoFIFA,FIFA23,vision,passing/creation attribute; mapping is approximate,18462,18462,1.0,1
Mzafram SoFIFA,FIFA23,volleys,other raw field; semantics source-specific/unmapped,18462,18462,1.0,1
Mzafram SoFIFA,FIFA23,wage_eur,other raw field; semantics source-specific/unmapped,18462,18462,1.0,1
Mzafram SoFIFA,FIFA23,weight_kg,biographical covariate,18462,18462,1.0,1
Stefano legacy,15,age,biographical covariate,16182,16182,1.0,1
Stefano legacy,15,attacking_crossing,passing/creation attribute; mapping is approximate,16182,16182,1.0,1
Stefano legacy,15,attacking_finishing,other raw field; semantics source-specific/unmapped,16182,16182,1.0,1
Stefano legacy,15,attacking_heading_accuracy,other raw field; semantics source-specific/unmapped,16182,16182,1.0,1
Stefano legacy,15,attacking_short_passing,passing/creation attribute; mapping is approximate,16182,16182,1.0,1
Stefano legacy,15,attacking_volleys,other raw field; semantics source-specific/unmapped,16182,16182,1.0,1
Stefano legacy,15,cam,native position rating label (source-specific code),16182,16182,1.0,1
Stefano legacy,15,cb,native position rating label (source-specific code),16182,16182,1.0,1
Stefano legacy,15,cdm,native position rating label (source-specific code),16182,16182,1.0,1
Stefano legacy,15,cf,native position rating label (source-specific code),16182,16182,1.0,1
Stefano legacy,15,club_name,identity / roster metadata,16182,15943,0.985231,1
Stefano legacy,15,club_position,position vocabulary / roster label; not formation geometry,16182,15943,0.985231,1
Stefano legacy,15,cm,native position rating label (source-specific code),16182,16182,1.0,1
Stefano legacy,15,defending_marking_awareness,defensive attribute; mapping is approximate,16182,16182,1.0,1
Stefano legacy,15,defending_sliding_tackle,defensive attribute; mapping is approximate,16182,16182,1.0,1
Stefano legacy,15,defending_standing_tackle,defensive attribute; mapping is approximate,16182,16182,1.0,1
Stefano legacy,15,dob,biographical covariate,16182,16182,1.0,1
Stefano legacy,15,fifa_update,snapshot/version metadata,16182,16182,1.0,1
Stefano legacy,15,fifa_update_date,snapshot/version metadata,16182,16182,1.0,1
Stefano legacy,15,fifa_version,other raw field; semantics source-specific/unmapped,16182,16182,1.0,1
Stefano legacy,15,gk,native position rating label (source-specific code),16182,16182,1.0,1
Stefano legacy,15,goalkeeping_diving,goalkeeping attribute,16182,16182,1.0,1
Stefano legacy,15,goalkeeping_handling,goalkeeping attribute,16182,16182,1.0,1
Stefano legacy,15,goalkeeping_kicking,goalkeeping attribute,16182,16182,1.0,1
Stefano legacy,15,goalkeeping_positioning,goalkeeping attribute,16182,16182,1.0,1
Stefano legacy,15,goalkeeping_reflexes,goalkeeping attribute,16182,16182,1.0,1
Stefano legacy,15,height_cm,biographical covariate,16182,16182,1.0,1
Stefano legacy,15,international_reputation,identity / roster metadata,16182,16182,1.0,1
Stefano legacy,15,lam,native position rating label (source-specific code),16182,16182,1.0,1
Stefano legacy,15,lb,native position rating label (source-specific code),16182,16182,1.0,1
Stefano legacy,15,lcb,native position rating label (source-specific code),16182,16182,1.0,1
Stefano legacy,15,lcm,native position rating label (source-specific code),16182,16182,1.0,1
Stefano legacy,15,ldm,native position rating label (source-specific code),16182,16182,1.0,1
Stefano legacy,15,lf,native position rating label (source-specific code),16182,16182,1.0,1
Stefano legacy,15,lm,native position rating label (source-specific code),16182,16182,1.0,1
Stefano legacy,15,long_name,identity / roster metadata,16182,16182,1.0,1
Stefano legacy,15,ls,native position rating label (source-specific code),16182,16182,1.0,1
Stefano legacy,15,lw,native position rating label (source-specific code),16182,16182,1.0,1
Stefano legacy,15,lwb,native position rating label (source-specific code),16182,16182,1.0,1
Stefano legacy,15,mentality_aggression,defensive attribute; mapping is approximate,16182,16182,1.0,1
Stefano legacy,15,mentality_composure,other raw field; semantics source-specific/unmapped,16182,0,0.0,1
Stefano legacy,15,mentality_interceptions,defensive attribute; mapping is approximate,16182,16182,1.0,1
Stefano legacy,15,mentality_penalties,other raw field; semantics source-specific/unmapped,16182,16182,1.0,1
Stefano legacy,15,mentality_positioning,other raw field; semantics source-specific/unmapped,16182,16182,1.0,1
Stefano legacy,15,mentality_vision,passing/creation attribute; mapping is approximate,16182,16182,1.0,1
Stefano legacy,15,movement_acceleration,physical speed/agility attribute; source-era meaning needs verification,16182,16182,1.0,1
Stefano legacy,15,movement_agility,physical speed/agility attribute; source-era meaning needs verification,16182,16182,1.0,1
Stefano legacy,15,movement_balance,other raw field; semantics source-specific/unmapped,16182,16182,1.0,1
Stefano legacy,15,movement_reactions,other raw field; semantics source-specific/unmapped,16182,16182,1.0,1
Stefano legacy,15,movement_sprint_speed,physical speed/agility attribute; source-era meaning needs verification,16182,16182,1.0,1
Stefano legacy,15,nation_position,identity / roster metadata,16182,1081,0.066803,1
Stefano legacy,15,nationality_name,identity / roster metadata,16182,16182,1.0,1
Stefano legacy,15,overall,overall rating; labels differ by publisher/source,16182,16182,1.0,1
Stefano legacy,15,player_id,identity / roster metadata,16182,16182,1.0,1
Stefano legacy,15,player_positions,position vocabulary / roster label; not formation geometry,16182,16182,1.0,1
Stefano legacy,15,potential,potential; not current ability,16182,16182,1.0,1
Stefano legacy,15,power_jumping,other raw field; semantics source-specific/unmapped,16182,16182,1.0,1
Stefano legacy,15,power_long_shots,other raw field; semantics source-specific/unmapped,16182,16182,1.0,1
Stefano legacy,15,power_shot_power,other raw field; semantics source-specific/unmapped,16182,16182,1.0,1
Stefano legacy,15,power_stamina,other raw field; semantics source-specific/unmapped,16182,16182,1.0,1
Stefano legacy,15,power_strength,other raw field; semantics source-specific/unmapped,16182,16182,1.0,1
Stefano legacy,15,preferred_foot,other raw field; semantics source-specific/unmapped,16182,16182,1.0,1
Stefano legacy,15,ram,native position rating label (source-specific code),16182,16182,1.0,1
Stefano legacy,15,rb,native position rating label (source-specific code),16182,16182,1.0,1
Stefano legacy,15,rcb,native position rating label (source-specific code),16182,16182,1.0,1
Stefano legacy,15,rcm,native position rating label (source-specific code),16182,16182,1.0,1
Stefano legacy,15,rdm,native position rating label (source-specific code),16182,16182,1.0,1
Stefano legacy,15,rf,native position rating label (source-specific code),16182,16182,1.0,1
Stefano legacy,15,rm,native position rating label (source-specific code),16182,16182,1.0,1
Stefano legacy,15,rs,native position rating label (source-specific code),16182,16182,1.0,1
Stefano legacy,15,rw,native position rating label (source-specific code),16182,16182,1.0,1
Stefano legacy,15,rwb,native position rating label (source-specific code),16182,16182,1.0,1
Stefano legacy,15,short_name,identity / roster metadata,16182,16182,1.0,1
Stefano legacy,15,skill_ball_control,other raw field; semantics source-specific/unmapped,16182,16182,1.0,1
Stefano legacy,15,skill_curve,passing/creation attribute; mapping is approximate,16182,16182,1.0,1
Stefano legacy,15,skill_dribbling,other raw field; semantics source-specific/unmapped,16182,16182,1.0,1
Stefano legacy,15,skill_fk_accuracy,passing/creation attribute; mapping is approximate,16182,16182,1.0,1
Stefano legacy,15,skill_long_passing,passing/creation attribute; mapping is approximate,16182,16182,1.0,1
Stefano legacy,15,skill_moves,other raw field; semantics source-specific/unmapped,16182,16182,1.0,1
Stefano legacy,15,st,native position rating label (source-specific code),16182,16182,1.0,1
Stefano legacy,15,weak_foot,other raw field; semantics source-specific/unmapped,16182,16182,1.0,1
Stefano legacy,15,weight_kg,biographical covariate,16182,16182,1.0,1
Stefano legacy,16,age,biographical covariate,16679,16679,1.0,1
Stefano legacy,16,attacking_crossing,passing/creation attribute; mapping is approximate,16679,16679,1.0,1
Stefano legacy,16,attacking_finishing,other raw field; semantics source-specific/unmapped,16679,16679,1.0,1
Stefano legacy,16,attacking_heading_accuracy,other raw field; semantics source-specific/unmapped,16679,16679,1.0,1
Stefano legacy,16,attacking_short_passing,passing/creation attribute; mapping is approximate,16679,16679,1.0,1
Stefano legacy,16,attacking_volleys,other raw field; semantics source-specific/unmapped,16679,16679,1.0,1
Stefano legacy,16,cam,native position rating label (source-specific code),16679,16679,1.0,1
Stefano legacy,16,cb,native position rating label (source-specific code),16679,16679,1.0,1
Stefano legacy,16,cdm,native position rating label (source-specific code),16679,16679,1.0,1
Stefano legacy,16,cf,native position rating label (source-specific code),16679,16679,1.0,1
Stefano legacy,16,club_name,identity / roster metadata,16679,16447,0.98609,1
Stefano legacy,16,club_position,position vocabulary / roster label; not formation geometry,16679,16447,0.98609,1
Stefano legacy,16,cm,native position rating label (source-specific code),16679,16679,1.0,1
Stefano legacy,16,defending_marking_awareness,defensive attribute; mapping is approximate,16679,16679,1.0,1
Stefano legacy,16,defending_sliding_tackle,defensive attribute; mapping is approximate,16679,16679,1.0,1
Stefano legacy,16,defending_standing_tackle,defensive attribute; mapping is approximate,16679,16679,1.0,1
Stefano legacy,16,dob,biographical covariate,16679,16679,1.0,1
Stefano legacy,16,fifa_update,snapshot/version metadata,16679,16679,1.0,1
Stefano legacy,16,fifa_update_date,snapshot/version metadata,16679,16679,1.0,1
Stefano legacy,16,fifa_version,other raw field; semantics source-specific/unmapped,16679,16679,1.0,1
Stefano legacy,16,gk,native position rating label (source-specific code),16679,16679,1.0,1
Stefano legacy,16,goalkeeping_diving,goalkeeping attribute,16679,16679,1.0,1
Stefano legacy,16,goalkeeping_handling,goalkeeping attribute,16679,16679,1.0,1
Stefano legacy,16,goalkeeping_kicking,goalkeeping attribute,16679,16679,1.0,1
Stefano legacy,16,goalkeeping_positioning,goalkeeping attribute,16679,16679,1.0,1
Stefano legacy,16,goalkeeping_reflexes,goalkeeping attribute,16679,16679,1.0,1
Stefano legacy,16,height_cm,biographical covariate,16679,16679,1.0,1
Stefano legacy,16,international_reputation,identity / roster metadata,16679,16679,1.0,1
Stefano legacy,16,lam,native position rating label (source-specific code),16679,16679,1.0,1
Stefano legacy,16,lb,native position rating label (source-specific code),16679,16679,1.0,1
Stefano legacy,16,lcb,native position rating label (source-specific code),16679,16679,1.0,1
Stefano legacy,16,lcm,native position rating label (source-specific code),16679,16679,1.0,1
Stefano legacy,16,ldm,native position rating label (source-specific code),16679,16679,1.0,1
Stefano legacy,16,lf,native position rating label (source-specific code),16679,16679,1.0,1
Stefano legacy,16,lm,native position rating label (source-specific code),16679,16679,1.0,1
Stefano legacy,16,long_name,identity / roster metadata,16679,16679,1.0,1
Stefano legacy,16,ls,native position rating label (source-specific code),16679,16679,1.0,1
Stefano legacy,16,lw,native position rating label (source-specific code),16679,16679,1.0,1
Stefano legacy,16,lwb,native position rating label (source-specific code),16679,16679,1.0,1
Stefano legacy,16,mentality_aggression,defensive attribute; mapping is approximate,16679,16679,1.0,1
Stefano legacy,16,mentality_composure,other raw field; semantics source-specific/unmapped,16679,0,0.0,1
Stefano legacy,16,mentality_interceptions,defensive attribute; mapping is approximate,16679,16679,1.0,1
Stefano legacy,16,mentality_penalties,other raw field; semantics source-specific/unmapped,16679,16679,1.0,1
Stefano legacy,16,mentality_positioning,other raw field; semantics source-specific/unmapped,16679,16679,1.0,1
Stefano legacy,16,mentality_vision,passing/creation attribute; mapping is approximate,16679,16679,1.0,1
Stefano legacy,16,movement_acceleration,physical speed/agility attribute; source-era meaning needs verification,16679,16679,1.0,1
Stefano legacy,16,movement_agility,physical speed/agility attribute; source-era meaning needs verification,16679,16679,1.0,1
Stefano legacy,16,movement_balance,other raw field; semantics source-specific/unmapped,16679,16679,1.0,1
Stefano legacy,16,movement_reactions,other raw field; semantics source-specific/unmapped,16679,16679,1.0,1
Stefano legacy,16,movement_sprint_speed,physical speed/agility attribute; source-era meaning needs verification,16679,16679,1.0,1
Stefano legacy,16,nation_position,identity / roster metadata,16679,1082,0.064872,1
Stefano legacy,16,nationality_name,identity / roster metadata,16679,16679,1.0,1
Stefano legacy,16,overall,overall rating; labels differ by publisher/source,16679,16679,1.0,1
Stefano legacy,16,player_id,identity / roster metadata,16679,16679,1.0,1
Stefano legacy,16,player_positions,position vocabulary / roster label; not formation geometry,16679,16679,1.0,1
Stefano legacy,16,potential,potential; not current ability,16679,16679,1.0,1
Stefano legacy,16,power_jumping,other raw field; semantics source-specific/unmapped,16679,16679,1.0,1
Stefano legacy,16,power_long_shots,other raw field; semantics source-specific/unmapped,16679,16679,1.0,1
Stefano legacy,16,power_shot_power,other raw field; semantics source-specific/unmapped,16679,16679,1.0,1
Stefano legacy,16,power_stamina,other raw field; semantics source-specific/unmapped,16679,16679,1.0,1
Stefano legacy,16,power_strength,other raw field; semantics source-specific/unmapped,16679,16679,1.0,1
Stefano legacy,16,preferred_foot,other raw field; semantics source-specific/unmapped,16679,16679,1.0,1
Stefano legacy,16,ram,native position rating label (source-specific code),16679,16679,1.0,1
Stefano legacy,16,rb,native position rating label (source-specific code),16679,16679,1.0,1
Stefano legacy,16,rcb,native position rating label (source-specific code),16679,16679,1.0,1
Stefano legacy,16,rcm,native position rating label (source-specific code),16679,16679,1.0,1
Stefano legacy,16,rdm,native position rating label (source-specific code),16679,16679,1.0,1
Stefano legacy,16,rf,native position rating label (source-specific code),16679,16679,1.0,1
Stefano legacy,16,rm,native position rating label (source-specific code),16679,16679,1.0,1
Stefano legacy,16,rs,native position rating label (source-specific code),16679,16679,1.0,1
Stefano legacy,16,rw,native position rating label (source-specific code),16679,16679,1.0,1
Stefano legacy,16,rwb,native position rating label (source-specific code),16679,16679,1.0,1
Stefano legacy,16,short_name,identity / roster metadata,16679,16679,1.0,1
Stefano legacy,16,skill_ball_control,other raw field; semantics source-specific/unmapped,16679,16679,1.0,1
Stefano legacy,16,skill_curve,passing/creation attribute; mapping is approximate,16679,16679,1.0,1
Stefano legacy,16,skill_dribbling,other raw field; semantics source-specific/unmapped,16679,16679,1.0,1
Stefano legacy,16,skill_fk_accuracy,passing/creation attribute; mapping is approximate,16679,16679,1.0,1
Stefano legacy,16,skill_long_passing,passing/creation attribute; mapping is approximate,16679,16679,1.0,1
Stefano legacy,16,skill_moves,other raw field; semantics source-specific/unmapped,16679,16679,1.0,1
Stefano legacy,16,st,native position rating label (source-specific code),16679,16679,1.0,1
Stefano legacy,16,weak_foot,other raw field; semantics source-specific/unmapped,16679,16679,1.0,1
Stefano legacy,16,weight_kg,biographical covariate,16679,16679,1.0,1
Stefano legacy,17,age,biographical covariate,17566,17566,1.0,1
Stefano legacy,17,attacking_crossing,passing/creation attribute; mapping is approximate,17566,17566,1.0,1
Stefano legacy,17,attacking_finishing,other raw field; semantics source-specific/unmapped,17566,17566,1.0,1
Stefano legacy,17,attacking_heading_accuracy,other raw field; semantics source-specific/unmapped,17566,17566,1.0,1
Stefano legacy,17,attacking_short_passing,passing/creation attribute; mapping is approximate,17566,17566,1.0,1
Stefano legacy,17,attacking_volleys,other raw field; semantics source-specific/unmapped,17566,17566,1.0,1
Stefano legacy,17,cam,native position rating label (source-specific code),17566,17566,1.0,1
Stefano legacy,17,cb,native position rating label (source-specific code),17566,17566,1.0,1
Stefano legacy,17,cdm,native position rating label (source-specific code),17566,17566,1.0,1
Stefano legacy,17,cf,native position rating label (source-specific code),17566,17566,1.0,1
Stefano legacy,17,club_name,identity / roster metadata,17566,17342,0.987248,1
Stefano legacy,17,club_position,position vocabulary / roster label; not formation geometry,17566,17342,0.987248,1
Stefano legacy,17,cm,native position rating label (source-specific code),17566,17566,1.0,1
Stefano legacy,17,defending_marking_awareness,defensive attribute; mapping is approximate,17566,17566,1.0,1
Stefano legacy,17,defending_sliding_tackle,defensive attribute; mapping is approximate,17566,17566,1.0,1
Stefano legacy,17,defending_standing_tackle,defensive attribute; mapping is approximate,17566,17566,1.0,1
Stefano legacy,17,dob,biographical covariate,17566,17566,1.0,1
Stefano legacy,17,fifa_update,snapshot/version metadata,17566,17566,1.0,1
Stefano legacy,17,fifa_update_date,snapshot/version metadata,17566,17566,1.0,1
Stefano legacy,17,fifa_version,other raw field; semantics source-specific/unmapped,17566,17566,1.0,1
Stefano legacy,17,gk,native position rating label (source-specific code),17566,17566,1.0,1
Stefano legacy,17,goalkeeping_diving,goalkeeping attribute,17566,17566,1.0,1
Stefano legacy,17,goalkeeping_handling,goalkeeping attribute,17566,17566,1.0,1
Stefano legacy,17,goalkeeping_kicking,goalkeeping attribute,17566,17566,1.0,1
Stefano legacy,17,goalkeeping_positioning,goalkeeping attribute,17566,17566,1.0,1
Stefano legacy,17,goalkeeping_reflexes,goalkeeping attribute,17566,17566,1.0,1
Stefano legacy,17,height_cm,biographical covariate,17566,17566,1.0,1
Stefano legacy,17,international_reputation,identity / roster metadata,17566,17566,1.0,1
Stefano legacy,17,lam,native position rating label (source-specific code),17566,17566,1.0,1
Stefano legacy,17,lb,native position rating label (source-specific code),17566,17566,1.0,1
Stefano legacy,17,lcb,native position rating label (source-specific code),17566,17566,1.0,1
Stefano legacy,17,lcm,native position rating label (source-specific code),17566,17566,1.0,1
Stefano legacy,17,ldm,native position rating label (source-specific code),17566,17566,1.0,1
Stefano legacy,17,lf,native position rating label (source-specific code),17566,17566,1.0,1
Stefano legacy,17,lm,native position rating label (source-specific code),17566,17566,1.0,1
Stefano legacy,17,long_name,identity / roster metadata,17566,17566,1.0,1
Stefano legacy,17,ls,native position rating label (source-specific code),17566,17566,1.0,1
Stefano legacy,17,lw,native position rating label (source-specific code),17566,17566,1.0,1
Stefano legacy,17,lwb,native position rating label (source-specific code),17566,17566,1.0,1
Stefano legacy,17,mentality_aggression,defensive attribute; mapping is approximate,17566,17566,1.0,1
Stefano legacy,17,mentality_composure,other raw field; semantics source-specific/unmapped,17566,17566,1.0,1
Stefano legacy,17,mentality_interceptions,defensive attribute; mapping is approximate,17566,17566,1.0,1
Stefano legacy,17,mentality_penalties,other raw field; semantics source-specific/unmapped,17566,17566,1.0,1
Stefano legacy,17,mentality_positioning,other raw field; semantics source-specific/unmapped,17566,17566,1.0,1
Stefano legacy,17,mentality_vision,passing/creation attribute; mapping is approximate,17566,17566,1.0,1
Stefano legacy,17,movement_acceleration,physical speed/agility attribute; source-era meaning needs verification,17566,17566,1.0,1
Stefano legacy,17,movement_agility,physical speed/agility attribute; source-era meaning needs verification,17566,17566,1.0,1
Stefano legacy,17,movement_balance,other raw field; semantics source-specific/unmapped,17566,17566,1.0,1
Stefano legacy,17,movement_reactions,other raw field; semantics source-specific/unmapped,17566,17566,1.0,1
Stefano legacy,17,movement_sprint_speed,physical speed/agility attribute; source-era meaning needs verification,17566,17566,1.0,1
Stefano legacy,17,nation_position,identity / roster metadata,17566,1081,0.061539,1
Stefano legacy,17,nationality_name,identity / roster metadata,17566,17566,1.0,1
Stefano legacy,17,overall,overall rating; labels differ by publisher/source,17566,17566,1.0,1
Stefano legacy,17,player_id,identity / roster metadata,17566,17566,1.0,1
Stefano legacy,17,player_positions,position vocabulary / roster label; not formation geometry,17566,17566,1.0,1
Stefano legacy,17,potential,potential; not current ability,17566,17566,1.0,1
Stefano legacy,17,power_jumping,other raw field; semantics source-specific/unmapped,17566,17566,1.0,1
Stefano legacy,17,power_long_shots,other raw field; semantics source-specific/unmapped,17566,17566,1.0,1
Stefano legacy,17,power_shot_power,other raw field; semantics source-specific/unmapped,17566,17566,1.0,1
Stefano legacy,17,power_stamina,other raw field; semantics source-specific/unmapped,17566,17566,1.0,1
Stefano legacy,17,power_strength,other raw field; semantics source-specific/unmapped,17566,17566,1.0,1
Stefano legacy,17,preferred_foot,other raw field; semantics source-specific/unmapped,17566,17566,1.0,1
Stefano legacy,17,ram,native position rating label (source-specific code),17566,17566,1.0,1
Stefano legacy,17,rb,native position rating label (source-specific code),17566,17566,1.0,1
Stefano legacy,17,rcb,native position rating label (source-specific code),17566,17566,1.0,1
Stefano legacy,17,rcm,native position rating label (source-specific code),17566,17566,1.0,1
Stefano legacy,17,rdm,native position rating label (source-specific code),17566,17566,1.0,1
Stefano legacy,17,rf,native position rating label (source-specific code),17566,17566,1.0,1
Stefano legacy,17,rm,native position rating label (source-specific code),17566,17566,1.0,1
Stefano legacy,17,rs,native position rating label (source-specific code),17566,17566,1.0,1
Stefano legacy,17,rw,native position rating label (source-specific code),17566,17566,1.0,1
Stefano legacy,17,rwb,native position rating label (source-specific code),17566,17566,1.0,1
Stefano legacy,17,short_name,identity / roster metadata,17566,17566,1.0,1
Stefano legacy,17,skill_ball_control,other raw field; semantics source-specific/unmapped,17566,17566,1.0,1
Stefano legacy,17,skill_curve,passing/creation attribute; mapping is approximate,17566,17566,1.0,1
Stefano legacy,17,skill_dribbling,other raw field; semantics source-specific/unmapped,17566,17566,1.0,1
Stefano legacy,17,skill_fk_accuracy,passing/creation attribute; mapping is approximate,17566,17566,1.0,1
Stefano legacy,17,skill_long_passing,passing/creation attribute; mapping is approximate,17566,17566,1.0,1
Stefano legacy,17,skill_moves,other raw field; semantics source-specific/unmapped,17566,17566,1.0,1
Stefano legacy,17,st,native position rating label (source-specific code),17566,17566,1.0,1
Stefano legacy,17,weak_foot,other raw field; semantics source-specific/unmapped,17566,17566,1.0,1
Stefano legacy,17,weight_kg,biographical covariate,17566,17566,1.0,1
Stefano legacy,18,age,biographical covariate,17928,17928,1.0,1
Stefano legacy,18,attacking_crossing,passing/creation attribute; mapping is approximate,17928,17928,1.0,1
Stefano legacy,18,attacking_finishing,other raw field; semantics source-specific/unmapped,17928,17928,1.0,1
Stefano legacy,18,attacking_heading_accuracy,other raw field; semantics source-specific/unmapped,17928,17928,1.0,1
Stefano legacy,18,attacking_short_passing,passing/creation attribute; mapping is approximate,17928,17928,1.0,1
Stefano legacy,18,attacking_volleys,other raw field; semantics source-specific/unmapped,17928,17928,1.0,1
Stefano legacy,18,cam,native position rating label (source-specific code),17928,17928,1.0,1
Stefano legacy,18,cb,native position rating label (source-specific code),17928,17928,1.0,1
Stefano legacy,18,cdm,native position rating label (source-specific code),17928,17928,1.0,1
Stefano legacy,18,cf,native position rating label (source-specific code),17928,17928,1.0,1
Stefano legacy,18,club_name,identity / roster metadata,17928,17692,0.986836,1
Stefano legacy,18,club_position,position vocabulary / roster label; not formation geometry,17928,17692,0.986836,1
Stefano legacy,18,cm,native position rating label (source-specific code),17928,17928,1.0,1
Stefano legacy,18,defending_marking_awareness,defensive attribute; mapping is approximate,17928,17928,1.0,1
Stefano legacy,18,defending_sliding_tackle,defensive attribute; mapping is approximate,17928,17928,1.0,1
Stefano legacy,18,defending_standing_tackle,defensive attribute; mapping is approximate,17928,17928,1.0,1
Stefano legacy,18,dob,biographical covariate,17928,17928,1.0,1
Stefano legacy,18,fifa_update,snapshot/version metadata,17928,17928,1.0,1
Stefano legacy,18,fifa_update_date,snapshot/version metadata,17928,17928,1.0,1
Stefano legacy,18,fifa_version,other raw field; semantics source-specific/unmapped,17928,17928,1.0,1
Stefano legacy,18,gk,native position rating label (source-specific code),17928,17928,1.0,1
Stefano legacy,18,goalkeeping_diving,goalkeeping attribute,17928,17928,1.0,1
Stefano legacy,18,goalkeeping_handling,goalkeeping attribute,17928,17928,1.0,1
Stefano legacy,18,goalkeeping_kicking,goalkeeping attribute,17928,17928,1.0,1
Stefano legacy,18,goalkeeping_positioning,goalkeeping attribute,17928,17928,1.0,1
Stefano legacy,18,goalkeeping_reflexes,goalkeeping attribute,17928,17928,1.0,1
Stefano legacy,18,height_cm,biographical covariate,17928,17928,1.0,1
Stefano legacy,18,international_reputation,identity / roster metadata,17928,17928,1.0,1
Stefano legacy,18,lam,native position rating label (source-specific code),17928,17928,1.0,1
Stefano legacy,18,lb,native position rating label (source-specific code),17928,17928,1.0,1
Stefano legacy,18,lcb,native position rating label (source-specific code),17928,17928,1.0,1
Stefano legacy,18,lcm,native position rating label (source-specific code),17928,17928,1.0,1
Stefano legacy,18,ldm,native position rating label (source-specific code),17928,17928,1.0,1
Stefano legacy,18,lf,native position rating label (source-specific code),17928,17928,1.0,1
Stefano legacy,18,lm,native position rating label (source-specific code),17928,17928,1.0,1
Stefano legacy,18,long_name,identity / roster metadata,17928,17928,1.0,1
Stefano legacy,18,ls,native position rating label (source-specific code),17928,17928,1.0,1
Stefano legacy,18,lw,native position rating label (source-specific code),17928,17928,1.0,1
Stefano legacy,18,lwb,native position rating label (source-specific code),17928,17928,1.0,1
Stefano legacy,18,mentality_aggression,defensive attribute; mapping is approximate,17928,17928,1.0,1
Stefano legacy,18,mentality_composure,other raw field; semantics source-specific/unmapped,17928,17928,1.0,1
Stefano legacy,18,mentality_interceptions,defensive attribute; mapping is approximate,17928,17928,1.0,1
Stefano legacy,18,mentality_penalties,other raw field; semantics source-specific/unmapped,17928,17928,1.0,1
Stefano legacy,18,mentality_positioning,other raw field; semantics source-specific/unmapped,17928,17928,1.0,1
Stefano legacy,18,mentality_vision,passing/creation attribute; mapping is approximate,17928,17928,1.0,1
Stefano legacy,18,movement_acceleration,physical speed/agility attribute; source-era meaning needs verification,17928,17928,1.0,1
Stefano legacy,18,movement_agility,physical speed/agility attribute; source-era meaning needs verification,17928,17928,1.0,1
Stefano legacy,18,movement_balance,other raw field; semantics source-specific/unmapped,17928,17928,1.0,1
Stefano legacy,18,movement_reactions,other raw field; semantics source-specific/unmapped,17928,17928,1.0,1
Stefano legacy,18,movement_sprint_speed,physical speed/agility attribute; source-era meaning needs verification,17928,17928,1.0,1
Stefano legacy,18,nation_position,identity / roster metadata,17928,1150,0.064145,1
Stefano legacy,18,nationality_name,identity / roster metadata,17928,17928,1.0,1
Stefano legacy,18,overall,overall rating; labels differ by publisher/source,17928,17928,1.0,1
Stefano legacy,18,player_id,identity / roster metadata,17928,17928,1.0,1
Stefano legacy,18,player_positions,position vocabulary / roster label; not formation geometry,17928,17928,1.0,1
Stefano legacy,18,potential,potential; not current ability,17928,17928,1.0,1
Stefano legacy,18,power_jumping,other raw field; semantics source-specific/unmapped,17928,17928,1.0,1
Stefano legacy,18,power_long_shots,other raw field; semantics source-specific/unmapped,17928,17928,1.0,1
Stefano legacy,18,power_shot_power,other raw field; semantics source-specific/unmapped,17928,17928,1.0,1
Stefano legacy,18,power_stamina,other raw field; semantics source-specific/unmapped,17928,17928,1.0,1
Stefano legacy,18,power_strength,other raw field; semantics source-specific/unmapped,17928,17928,1.0,1
Stefano legacy,18,preferred_foot,other raw field; semantics source-specific/unmapped,17928,17928,1.0,1
Stefano legacy,18,ram,native position rating label (source-specific code),17928,17928,1.0,1
Stefano legacy,18,rb,native position rating label (source-specific code),17928,17928,1.0,1
Stefano legacy,18,rcb,native position rating label (source-specific code),17928,17928,1.0,1
Stefano legacy,18,rcm,native position rating label (source-specific code),17928,17928,1.0,1
Stefano legacy,18,rdm,native position rating label (source-specific code),17928,17928,1.0,1
Stefano legacy,18,rf,native position rating label (source-specific code),17928,17928,1.0,1
Stefano legacy,18,rm,native position rating label (source-specific code),17928,17928,1.0,1
Stefano legacy,18,rs,native position rating label (source-specific code),17928,17928,1.0,1
Stefano legacy,18,rw,native position rating label (source-specific code),17928,17928,1.0,1
Stefano legacy,18,rwb,native position rating label (source-specific code),17928,17928,1.0,1
Stefano legacy,18,short_name,identity / roster metadata,17928,17928,1.0,1
Stefano legacy,18,skill_ball_control,other raw field; semantics source-specific/unmapped,17928,17928,1.0,1
Stefano legacy,18,skill_curve,passing/creation attribute; mapping is approximate,17928,17928,1.0,1
Stefano legacy,18,skill_dribbling,other raw field; semantics source-specific/unmapped,17928,17928,1.0,1
Stefano legacy,18,skill_fk_accuracy,passing/creation attribute; mapping is approximate,17928,17928,1.0,1
Stefano legacy,18,skill_long_passing,passing/creation attribute; mapping is approximate,17928,17928,1.0,1
Stefano legacy,18,skill_moves,other raw field; semantics source-specific/unmapped,17928,17928,1.0,1
Stefano legacy,18,st,native position rating label (source-specific code),17928,17928,1.0,1
Stefano legacy,18,weak_foot,other raw field; semantics source-specific/unmapped,17928,17928,1.0,1
Stefano legacy,18,weight_kg,biographical covariate,17928,17928,1.0,1
Stefano legacy,19,age,biographical covariate,18086,18086,1.0,1
Stefano legacy,19,attacking_crossing,passing/creation attribute; mapping is approximate,18086,18086,1.0,1
Stefano legacy,19,attacking_finishing,other raw field; semantics source-specific/unmapped,18086,18086,1.0,1
Stefano legacy,19,attacking_heading_accuracy,other raw field; semantics source-specific/unmapped,18086,18086,1.0,1
Stefano legacy,19,attacking_short_passing,passing/creation attribute; mapping is approximate,18086,18086,1.0,1
Stefano legacy,19,attacking_volleys,other raw field; semantics source-specific/unmapped,18086,18086,1.0,1
Stefano legacy,19,cam,native position rating label (source-specific code),18086,18086,1.0,1
Stefano legacy,19,cb,native position rating label (source-specific code),18086,18086,1.0,1
Stefano legacy,19,cdm,native position rating label (source-specific code),18086,18086,1.0,1
Stefano legacy,19,cf,native position rating label (source-specific code),18086,18086,1.0,1
Stefano legacy,19,club_name,identity / roster metadata,18086,17852,0.987062,1
Stefano legacy,19,club_position,position vocabulary / roster label; not formation geometry,18086,17852,0.987062,1
Stefano legacy,19,cm,native position rating label (source-specific code),18086,18086,1.0,1
Stefano legacy,19,defending_marking_awareness,defensive attribute; mapping is approximate,18086,18086,1.0,1
Stefano legacy,19,defending_sliding_tackle,defensive attribute; mapping is approximate,18086,18086,1.0,1
Stefano legacy,19,defending_standing_tackle,defensive attribute; mapping is approximate,18086,18086,1.0,1
Stefano legacy,19,dob,biographical covariate,18086,18086,1.0,1
Stefano legacy,19,fifa_update,snapshot/version metadata,18086,18086,1.0,1
Stefano legacy,19,fifa_update_date,snapshot/version metadata,18086,18086,1.0,1
Stefano legacy,19,fifa_version,other raw field; semantics source-specific/unmapped,18086,18086,1.0,1
Stefano legacy,19,gk,native position rating label (source-specific code),18086,18086,1.0,1
Stefano legacy,19,goalkeeping_diving,goalkeeping attribute,18086,18086,1.0,1
Stefano legacy,19,goalkeeping_handling,goalkeeping attribute,18086,18086,1.0,1
Stefano legacy,19,goalkeeping_kicking,goalkeeping attribute,18086,18086,1.0,1
Stefano legacy,19,goalkeeping_positioning,goalkeeping attribute,18086,18086,1.0,1
Stefano legacy,19,goalkeeping_reflexes,goalkeeping attribute,18086,18086,1.0,1
Stefano legacy,19,height_cm,biographical covariate,18086,18086,1.0,1
Stefano legacy,19,international_reputation,identity / roster metadata,18086,18086,1.0,1
Stefano legacy,19,lam,native position rating label (source-specific code),18086,18086,1.0,1
Stefano legacy,19,lb,native position rating label (source-specific code),18086,18086,1.0,1
Stefano legacy,19,lcb,native position rating label (source-specific code),18086,18086,1.0,1
Stefano legacy,19,lcm,native position rating label (source-specific code),18086,18086,1.0,1
Stefano legacy,19,ldm,native position rating label (source-specific code),18086,18086,1.0,1
Stefano legacy,19,lf,native position rating label (source-specific code),18086,18086,1.0,1
Stefano legacy,19,lm,native position rating label (source-specific code),18086,18086,1.0,1
Stefano legacy,19,long_name,identity / roster metadata,18086,18086,1.0,1
Stefano legacy,19,ls,native position rating label (source-specific code),18086,18086,1.0,1
Stefano legacy,19,lw,native position rating label (source-specific code),18086,18086,1.0,1
Stefano legacy,19,lwb,native position rating label (source-specific code),18086,18086,1.0,1
Stefano legacy,19,mentality_aggression,defensive attribute; mapping is approximate,18086,18086,1.0,1
Stefano legacy,19,mentality_composure,other raw field; semantics source-specific/unmapped,18086,18086,1.0,1
Stefano legacy,19,mentality_interceptions,defensive attribute; mapping is approximate,18086,18086,1.0,1
Stefano legacy,19,mentality_penalties,other raw field; semantics source-specific/unmapped,18086,18086,1.0,1
Stefano legacy,19,mentality_positioning,other raw field; semantics source-specific/unmapped,18086,18086,1.0,1
Stefano legacy,19,mentality_vision,passing/creation attribute; mapping is approximate,18086,18086,1.0,1
Stefano legacy,19,movement_acceleration,physical speed/agility attribute; source-era meaning needs verification,18086,18086,1.0,1
Stefano legacy,19,movement_agility,physical speed/agility attribute; source-era meaning needs verification,18086,18086,1.0,1
Stefano legacy,19,movement_balance,other raw field; semantics source-specific/unmapped,18086,18086,1.0,1
Stefano legacy,19,movement_reactions,other raw field; semantics source-specific/unmapped,18086,18086,1.0,1
Stefano legacy,19,movement_sprint_speed,physical speed/agility attribute; source-era meaning needs verification,18086,18086,1.0,1
Stefano legacy,19,nation_position,identity / roster metadata,18086,1104,0.061042,1
Stefano legacy,19,nationality_name,identity / roster metadata,18086,18086,1.0,1
Stefano legacy,19,overall,overall rating; labels differ by publisher/source,18086,18086,1.0,1
Stefano legacy,19,player_id,identity / roster metadata,18086,18086,1.0,1
Stefano legacy,19,player_positions,position vocabulary / roster label; not formation geometry,18086,18086,1.0,1
Stefano legacy,19,potential,potential; not current ability,18086,18086,1.0,1
Stefano legacy,19,power_jumping,other raw field; semantics source-specific/unmapped,18086,18086,1.0,1
Stefano legacy,19,power_long_shots,other raw field; semantics source-specific/unmapped,18086,18086,1.0,1
Stefano legacy,19,power_shot_power,other raw field; semantics source-specific/unmapped,18086,18086,1.0,1
Stefano legacy,19,power_stamina,other raw field; semantics source-specific/unmapped,18086,18086,1.0,1
Stefano legacy,19,power_strength,other raw field; semantics source-specific/unmapped,18086,18086,1.0,1
Stefano legacy,19,preferred_foot,other raw field; semantics source-specific/unmapped,18086,18086,1.0,1
Stefano legacy,19,ram,native position rating label (source-specific code),18086,18086,1.0,1
Stefano legacy,19,rb,native position rating label (source-specific code),18086,18086,1.0,1
Stefano legacy,19,rcb,native position rating label (source-specific code),18086,18086,1.0,1
Stefano legacy,19,rcm,native position rating label (source-specific code),18086,18086,1.0,1
Stefano legacy,19,rdm,native position rating label (source-specific code),18086,18086,1.0,1
Stefano legacy,19,rf,native position rating label (source-specific code),18086,18086,1.0,1
Stefano legacy,19,rm,native position rating label (source-specific code),18086,18086,1.0,1
Stefano legacy,19,rs,native position rating label (source-specific code),18086,18086,1.0,1
Stefano legacy,19,rw,native position rating label (source-specific code),18086,18086,1.0,1
Stefano legacy,19,rwb,native position rating label (source-specific code),18086,18086,1.0,1
Stefano legacy,19,short_name,identity / roster metadata,18086,18086,1.0,1
Stefano legacy,19,skill_ball_control,other raw field; semantics source-specific/unmapped,18086,18086,1.0,1
Stefano legacy,19,skill_curve,passing/creation attribute; mapping is approximate,18086,18086,1.0,1
Stefano legacy,19,skill_dribbling,other raw field; semantics source-specific/unmapped,18086,18086,1.0,1
Stefano legacy,19,skill_fk_accuracy,passing/creation attribute; mapping is approximate,18086,18086,1.0,1
Stefano legacy,19,skill_long_passing,passing/creation attribute; mapping is approximate,18086,18086,1.0,1
Stefano legacy,19,skill_moves,other raw field; semantics source-specific/unmapped,18086,18086,1.0,1
Stefano legacy,19,st,native position rating label (source-specific code),18086,18086,1.0,1
Stefano legacy,19,weak_foot,other raw field; semantics source-specific/unmapped,18086,18086,1.0,1
Stefano legacy,19,weight_kg,biographical covariate,18086,18086,1.0,1
Stefano legacy,20,age,biographical covariate,18483,18483,1.0,1
Stefano legacy,20,attacking_crossing,passing/creation attribute; mapping is approximate,18483,18483,1.0,1
Stefano legacy,20,attacking_finishing,other raw field; semantics source-specific/unmapped,18483,18483,1.0,1
Stefano legacy,20,attacking_heading_accuracy,other raw field; semantics source-specific/unmapped,18483,18483,1.0,1
Stefano legacy,20,attacking_short_passing,passing/creation attribute; mapping is approximate,18483,18483,1.0,1
Stefano legacy,20,attacking_volleys,other raw field; semantics source-specific/unmapped,18483,18483,1.0,1
Stefano legacy,20,cam,native position rating label (source-specific code),18483,18483,1.0,1
Stefano legacy,20,cb,native position rating label (source-specific code),18483,18483,1.0,1
Stefano legacy,20,cdm,native position rating label (source-specific code),18483,18483,1.0,1
Stefano legacy,20,cf,native position rating label (source-specific code),18483,18483,1.0,1
Stefano legacy,20,club_name,identity / roster metadata,18483,18243,0.987015,1
Stefano legacy,20,club_position,position vocabulary / roster label; not formation geometry,18483,18243,0.987015,1
Stefano legacy,20,cm,native position rating label (source-specific code),18483,18483,1.0,1
Stefano legacy,20,defending_marking_awareness,defensive attribute; mapping is approximate,18483,18483,1.0,1
Stefano legacy,20,defending_sliding_tackle,defensive attribute; mapping is approximate,18483,18483,1.0,1
Stefano legacy,20,defending_standing_tackle,defensive attribute; mapping is approximate,18483,18483,1.0,1
Stefano legacy,20,dob,biographical covariate,18483,18483,1.0,1
Stefano legacy,20,fifa_update,snapshot/version metadata,18483,18483,1.0,1
Stefano legacy,20,fifa_update_date,snapshot/version metadata,18483,18483,1.0,1
Stefano legacy,20,fifa_version,other raw field; semantics source-specific/unmapped,18483,18483,1.0,1
Stefano legacy,20,gk,native position rating label (source-specific code),18483,18483,1.0,1
Stefano legacy,20,goalkeeping_diving,goalkeeping attribute,18483,18483,1.0,1
Stefano legacy,20,goalkeeping_handling,goalkeeping attribute,18483,18483,1.0,1
Stefano legacy,20,goalkeeping_kicking,goalkeeping attribute,18483,18483,1.0,1
Stefano legacy,20,goalkeeping_positioning,goalkeeping attribute,18483,18483,1.0,1
Stefano legacy,20,goalkeeping_reflexes,goalkeeping attribute,18483,18483,1.0,1
Stefano legacy,20,height_cm,biographical covariate,18483,18483,1.0,1
Stefano legacy,20,international_reputation,identity / roster metadata,18483,18483,1.0,1
Stefano legacy,20,lam,native position rating label (source-specific code),18483,18483,1.0,1
Stefano legacy,20,lb,native position rating label (source-specific code),18483,18483,1.0,1
Stefano legacy,20,lcb,native position rating label (source-specific code),18483,18483,1.0,1
Stefano legacy,20,lcm,native position rating label (source-specific code),18483,18483,1.0,1
Stefano legacy,20,ldm,native position rating label (source-specific code),18483,18483,1.0,1
Stefano legacy,20,lf,native position rating label (source-specific code),18483,18483,1.0,1
Stefano legacy,20,lm,native position rating label (source-specific code),18483,18483,1.0,1
Stefano legacy,20,long_name,identity / roster metadata,18483,18483,1.0,1
Stefano legacy,20,ls,native position rating label (source-specific code),18483,18483,1.0,1
Stefano legacy,20,lw,native position rating label (source-specific code),18483,18483,1.0,1
Stefano legacy,20,lwb,native position rating label (source-specific code),18483,18483,1.0,1
Stefano legacy,20,mentality_aggression,defensive attribute; mapping is approximate,18483,18483,1.0,1
Stefano legacy,20,mentality_composure,other raw field; semantics source-specific/unmapped,18483,18483,1.0,1
Stefano legacy,20,mentality_interceptions,defensive attribute; mapping is approximate,18483,18483,1.0,1
Stefano legacy,20,mentality_penalties,other raw field; semantics source-specific/unmapped,18483,18483,1.0,1
Stefano legacy,20,mentality_positioning,other raw field; semantics source-specific/unmapped,18483,18483,1.0,1
Stefano legacy,20,mentality_vision,passing/creation attribute; mapping is approximate,18483,18483,1.0,1
Stefano legacy,20,movement_acceleration,physical speed/agility attribute; source-era meaning needs verification,18483,18483,1.0,1
Stefano legacy,20,movement_agility,physical speed/agility attribute; source-era meaning needs verification,18483,18483,1.0,1
Stefano legacy,20,movement_balance,other raw field; semantics source-specific/unmapped,18483,18483,1.0,1
Stefano legacy,20,movement_reactions,other raw field; semantics source-specific/unmapped,18483,18483,1.0,1
Stefano legacy,20,movement_sprint_speed,physical speed/agility attribute; source-era meaning needs verification,18483,18483,1.0,1
Stefano legacy,20,nation_position,identity / roster metadata,18483,1127,0.060975,1
Stefano legacy,20,nationality_name,identity / roster metadata,18483,18483,1.0,1
Stefano legacy,20,overall,overall rating; labels differ by publisher/source,18483,18483,1.0,1
Stefano legacy,20,player_id,identity / roster metadata,18483,18483,1.0,1
Stefano legacy,20,player_positions,position vocabulary / roster label; not formation geometry,18483,18483,1.0,1
Stefano legacy,20,potential,potential; not current ability,18483,18483,1.0,1
Stefano legacy,20,power_jumping,other raw field; semantics source-specific/unmapped,18483,18483,1.0,1
Stefano legacy,20,power_long_shots,other raw field; semantics source-specific/unmapped,18483,18483,1.0,1
Stefano legacy,20,power_shot_power,other raw field; semantics source-specific/unmapped,18483,18483,1.0,1
Stefano legacy,20,power_stamina,other raw field; semantics source-specific/unmapped,18483,18483,1.0,1
Stefano legacy,20,power_strength,other raw field; semantics source-specific/unmapped,18483,18483,1.0,1
Stefano legacy,20,preferred_foot,other raw field; semantics source-specific/unmapped,18483,18483,1.0,1
Stefano legacy,20,ram,native position rating label (source-specific code),18483,18483,1.0,1
Stefano legacy,20,rb,native position rating label (source-specific code),18483,18483,1.0,1
Stefano legacy,20,rcb,native position rating label (source-specific code),18483,18483,1.0,1
Stefano legacy,20,rcm,native position rating label (source-specific code),18483,18483,1.0,1
Stefano legacy,20,rdm,native position rating label (source-specific code),18483,18483,1.0,1
Stefano legacy,20,rf,native position rating label (source-specific code),18483,18483,1.0,1
Stefano legacy,20,rm,native position rating label (source-specific code),18483,18483,1.0,1
Stefano legacy,20,rs,native position rating label (source-specific code),18483,18483,1.0,1
Stefano legacy,20,rw,native position rating label (source-specific code),18483,18483,1.0,1
Stefano legacy,20,rwb,native position rating label (source-specific code),18483,18483,1.0,1
Stefano legacy,20,short_name,identity / roster metadata,18483,18483,1.0,1
Stefano legacy,20,skill_ball_control,other raw field; semantics source-specific/unmapped,18483,18483,1.0,1
Stefano legacy,20,skill_curve,passing/creation attribute; mapping is approximate,18483,18483,1.0,1
Stefano legacy,20,skill_dribbling,other raw field; semantics source-specific/unmapped,18483,18483,1.0,1
Stefano legacy,20,skill_fk_accuracy,passing/creation attribute; mapping is approximate,18483,18483,1.0,1
Stefano legacy,20,skill_long_passing,passing/creation attribute; mapping is approximate,18483,18483,1.0,1
Stefano legacy,20,skill_moves,other raw field; semantics source-specific/unmapped,18483,18483,1.0,1
Stefano legacy,20,st,native position rating label (source-specific code),18483,18483,1.0,1
Stefano legacy,20,weak_foot,other raw field; semantics source-specific/unmapped,18483,18483,1.0,1
Stefano legacy,20,weight_kg,biographical covariate,18483,18483,1.0,1
Stefano legacy,21,age,biographical covariate,18887,18887,1.0,1
Stefano legacy,21,attacking_crossing,passing/creation attribute; mapping is approximate,18887,18887,1.0,1
Stefano legacy,21,attacking_finishing,other raw field; semantics source-specific/unmapped,18887,18887,1.0,1
Stefano legacy,21,attacking_heading_accuracy,other raw field; semantics source-specific/unmapped,18887,18887,1.0,1
Stefano legacy,21,attacking_short_passing,passing/creation attribute; mapping is approximate,18887,18887,1.0,1
Stefano legacy,21,attacking_volleys,other raw field; semantics source-specific/unmapped,18887,18887,1.0,1
Stefano legacy,21,cam,native position rating label (source-specific code),18887,18887,1.0,1
Stefano legacy,21,cb,native position rating label (source-specific code),18887,18887,1.0,1
Stefano legacy,21,cdm,native position rating label (source-specific code),18887,18887,1.0,1
Stefano legacy,21,cf,native position rating label (source-specific code),18887,18887,1.0,1
Stefano legacy,21,club_name,identity / roster metadata,18887,18658,0.987875,1
Stefano legacy,21,club_position,position vocabulary / roster label; not formation geometry,18887,18658,0.987875,1
Stefano legacy,21,cm,native position rating label (source-specific code),18887,18887,1.0,1
Stefano legacy,21,defending_marking_awareness,defensive attribute; mapping is approximate,18887,18887,1.0,1
Stefano legacy,21,defending_sliding_tackle,defensive attribute; mapping is approximate,18887,18887,1.0,1
Stefano legacy,21,defending_standing_tackle,defensive attribute; mapping is approximate,18887,18887,1.0,1
Stefano legacy,21,dob,biographical covariate,18887,18887,1.0,1
Stefano legacy,21,fifa_update,snapshot/version metadata,18887,18887,1.0,1
Stefano legacy,21,fifa_update_date,snapshot/version metadata,18887,18887,1.0,1
Stefano legacy,21,fifa_version,other raw field; semantics source-specific/unmapped,18887,18887,1.0,1
Stefano legacy,21,gk,native position rating label (source-specific code),18887,18887,1.0,1
Stefano legacy,21,goalkeeping_diving,goalkeeping attribute,18887,18887,1.0,1
Stefano legacy,21,goalkeeping_handling,goalkeeping attribute,18887,18887,1.0,1
Stefano legacy,21,goalkeeping_kicking,goalkeeping attribute,18887,18887,1.0,1
Stefano legacy,21,goalkeeping_positioning,goalkeeping attribute,18887,18887,1.0,1
Stefano legacy,21,goalkeeping_reflexes,goalkeeping attribute,18887,18887,1.0,1
Stefano legacy,21,height_cm,biographical covariate,18887,18887,1.0,1
Stefano legacy,21,international_reputation,identity / roster metadata,18887,18887,1.0,1
Stefano legacy,21,lam,native position rating label (source-specific code),18887,18887,1.0,1
Stefano legacy,21,lb,native position rating label (source-specific code),18887,18887,1.0,1
Stefano legacy,21,lcb,native position rating label (source-specific code),18887,18887,1.0,1
Stefano legacy,21,lcm,native position rating label (source-specific code),18887,18887,1.0,1
Stefano legacy,21,ldm,native position rating label (source-specific code),18887,18887,1.0,1
Stefano legacy,21,lf,native position rating label (source-specific code),18887,18887,1.0,1
Stefano legacy,21,lm,native position rating label (source-specific code),18887,18887,1.0,1
Stefano legacy,21,long_name,identity / roster metadata,18887,18887,1.0,1
Stefano legacy,21,ls,native position rating label (source-specific code),18887,18887,1.0,1
Stefano legacy,21,lw,native position rating label (source-specific code),18887,18887,1.0,1
Stefano legacy,21,lwb,native position rating label (source-specific code),18887,18887,1.0,1
Stefano legacy,21,mentality_aggression,defensive attribute; mapping is approximate,18887,18887,1.0,1
Stefano legacy,21,mentality_composure,other raw field; semantics source-specific/unmapped,18887,18887,1.0,1
Stefano legacy,21,mentality_interceptions,defensive attribute; mapping is approximate,18887,18887,1.0,1
Stefano legacy,21,mentality_penalties,other raw field; semantics source-specific/unmapped,18887,18887,1.0,1
Stefano legacy,21,mentality_positioning,other raw field; semantics source-specific/unmapped,18887,18887,1.0,1
Stefano legacy,21,mentality_vision,passing/creation attribute; mapping is approximate,18887,18887,1.0,1
Stefano legacy,21,movement_acceleration,physical speed/agility attribute; source-era meaning needs verification,18887,18887,1.0,1
Stefano legacy,21,movement_agility,physical speed/agility attribute; source-era meaning needs verification,18887,18887,1.0,1
Stefano legacy,21,movement_balance,other raw field; semantics source-specific/unmapped,18887,18887,1.0,1
Stefano legacy,21,movement_reactions,other raw field; semantics source-specific/unmapped,18887,18887,1.0,1
Stefano legacy,21,movement_sprint_speed,physical speed/agility attribute; source-era meaning needs verification,18887,18887,1.0,1
Stefano legacy,21,nation_position,identity / roster metadata,18887,1127,0.059671,1
Stefano legacy,21,nationality_name,identity / roster metadata,18887,18887,1.0,1
Stefano legacy,21,overall,overall rating; labels differ by publisher/source,18887,18887,1.0,1
Stefano legacy,21,player_id,identity / roster metadata,18887,18887,1.0,1
Stefano legacy,21,player_positions,position vocabulary / roster label; not formation geometry,18887,18887,1.0,1
Stefano legacy,21,potential,potential; not current ability,18887,18887,1.0,1
Stefano legacy,21,power_jumping,other raw field; semantics source-specific/unmapped,18887,18887,1.0,1
Stefano legacy,21,power_long_shots,other raw field; semantics source-specific/unmapped,18887,18887,1.0,1
Stefano legacy,21,power_shot_power,other raw field; semantics source-specific/unmapped,18887,18887,1.0,1
Stefano legacy,21,power_stamina,other raw field; semantics source-specific/unmapped,18887,18887,1.0,1
Stefano legacy,21,power_strength,other raw field; semantics source-specific/unmapped,18887,18887,1.0,1
Stefano legacy,21,preferred_foot,other raw field; semantics source-specific/unmapped,18887,18887,1.0,1
Stefano legacy,21,ram,native position rating label (source-specific code),18887,18887,1.0,1
Stefano legacy,21,rb,native position rating label (source-specific code),18887,18887,1.0,1
Stefano legacy,21,rcb,native position rating label (source-specific code),18887,18887,1.0,1
Stefano legacy,21,rcm,native position rating label (source-specific code),18887,18887,1.0,1
Stefano legacy,21,rdm,native position rating label (source-specific code),18887,18887,1.0,1
Stefano legacy,21,rf,native position rating label (source-specific code),18887,18887,1.0,1
Stefano legacy,21,rm,native position rating label (source-specific code),18887,18887,1.0,1
Stefano legacy,21,rs,native position rating label (source-specific code),18887,18887,1.0,1
Stefano legacy,21,rw,native position rating label (source-specific code),18887,18887,1.0,1
Stefano legacy,21,rwb,native position rating label (source-specific code),18887,18887,1.0,1
Stefano legacy,21,short_name,identity / roster metadata,18887,18887,1.0,1
Stefano legacy,21,skill_ball_control,other raw field; semantics source-specific/unmapped,18887,18887,1.0,1
Stefano legacy,21,skill_curve,passing/creation attribute; mapping is approximate,18887,18887,1.0,1
Stefano legacy,21,skill_dribbling,other raw field; semantics source-specific/unmapped,18887,18887,1.0,1
Stefano legacy,21,skill_fk_accuracy,passing/creation attribute; mapping is approximate,18887,18887,1.0,1
Stefano legacy,21,skill_long_passing,passing/creation attribute; mapping is approximate,18887,18887,1.0,1
Stefano legacy,21,skill_moves,other raw field; semantics source-specific/unmapped,18887,18887,1.0,1
Stefano legacy,21,st,native position rating label (source-specific code),18887,18887,1.0,1
Stefano legacy,21,weak_foot,other raw field; semantics source-specific/unmapped,18887,18887,1.0,1
Stefano legacy,21,weight_kg,biographical covariate,18887,18887,1.0,1
Stefano legacy,22,age,biographical covariate,19239,19239,1.0,1
Stefano legacy,22,attacking_crossing,passing/creation attribute; mapping is approximate,19239,19239,1.0,1
Stefano legacy,22,attacking_finishing,other raw field; semantics source-specific/unmapped,19239,19239,1.0,1
Stefano legacy,22,attacking_heading_accuracy,other raw field; semantics source-specific/unmapped,19239,19239,1.0,1
Stefano legacy,22,attacking_short_passing,passing/creation attribute; mapping is approximate,19239,19239,1.0,1
Stefano legacy,22,attacking_volleys,other raw field; semantics source-specific/unmapped,19239,19239,1.0,1
Stefano legacy,22,cam,native position rating label (source-specific code),19239,19239,1.0,1
Stefano legacy,22,cb,native position rating label (source-specific code),19239,19239,1.0,1
Stefano legacy,22,cdm,native position rating label (source-specific code),19239,19239,1.0,1
Stefano legacy,22,cf,native position rating label (source-specific code),19239,19239,1.0,1
Stefano legacy,22,club_name,identity / roster metadata,19239,19178,0.996829,1
Stefano legacy,22,club_position,position vocabulary / roster label; not formation geometry,19239,19178,0.996829,1
Stefano legacy,22,cm,native position rating label (source-specific code),19239,19239,1.0,1
Stefano legacy,22,defending_marking_awareness,defensive attribute; mapping is approximate,19239,19239,1.0,1
Stefano legacy,22,defending_sliding_tackle,defensive attribute; mapping is approximate,19239,19239,1.0,1
Stefano legacy,22,defending_standing_tackle,defensive attribute; mapping is approximate,19239,19239,1.0,1
Stefano legacy,22,dob,biographical covariate,19239,19239,1.0,1
Stefano legacy,22,fifa_update,snapshot/version metadata,19239,19239,1.0,1
Stefano legacy,22,fifa_update_date,snapshot/version metadata,19239,19239,1.0,1
Stefano legacy,22,fifa_version,other raw field; semantics source-specific/unmapped,19239,19239,1.0,1
Stefano legacy,22,gk,native position rating label (source-specific code),19239,19239,1.0,1
Stefano legacy,22,goalkeeping_diving,goalkeeping attribute,19239,19239,1.0,1
Stefano legacy,22,goalkeeping_handling,goalkeeping attribute,19239,19239,1.0,1
Stefano legacy,22,goalkeeping_kicking,goalkeeping attribute,19239,19239,1.0,1
Stefano legacy,22,goalkeeping_positioning,goalkeeping attribute,19239,19239,1.0,1
Stefano legacy,22,goalkeeping_reflexes,goalkeeping attribute,19239,19239,1.0,1
Stefano legacy,22,height_cm,biographical covariate,19239,19239,1.0,1
Stefano legacy,22,international_reputation,identity / roster metadata,19239,19239,1.0,1
Stefano legacy,22,lam,native position rating label (source-specific code),19239,19239,1.0,1
Stefano legacy,22,lb,native position rating label (source-specific code),19239,19239,1.0,1
Stefano legacy,22,lcb,native position rating label (source-specific code),19239,19239,1.0,1
Stefano legacy,22,lcm,native position rating label (source-specific code),19239,19239,1.0,1
Stefano legacy,22,ldm,native position rating label (source-specific code),19239,19239,1.0,1
Stefano legacy,22,lf,native position rating label (source-specific code),19239,19239,1.0,1
Stefano legacy,22,lm,native position rating label (source-specific code),19239,19239,1.0,1
Stefano legacy,22,long_name,identity / roster metadata,19239,19239,1.0,1
Stefano legacy,22,ls,native position rating label (source-specific code),19239,19239,1.0,1
Stefano legacy,22,lw,native position rating label (source-specific code),19239,19239,1.0,1
Stefano legacy,22,lwb,native position rating label (source-specific code),19239,19239,1.0,1
Stefano legacy,22,mentality_aggression,defensive attribute; mapping is approximate,19239,19239,1.0,1
Stefano legacy,22,mentality_composure,other raw field; semantics source-specific/unmapped,19239,19239,1.0,1
Stefano legacy,22,mentality_interceptions,defensive attribute; mapping is approximate,19239,19239,1.0,1
Stefano legacy,22,mentality_penalties,other raw field; semantics source-specific/unmapped,19239,19239,1.0,1
Stefano legacy,22,mentality_positioning,other raw field; semantics source-specific/unmapped,19239,19239,1.0,1
Stefano legacy,22,mentality_vision,passing/creation attribute; mapping is approximate,19239,19239,1.0,1
Stefano legacy,22,movement_acceleration,physical speed/agility attribute; source-era meaning needs verification,19239,19239,1.0,1
Stefano legacy,22,movement_agility,physical speed/agility attribute; source-era meaning needs verification,19239,19239,1.0,1
Stefano legacy,22,movement_balance,other raw field; semantics source-specific/unmapped,19239,19239,1.0,1
Stefano legacy,22,movement_reactions,other raw field; semantics source-specific/unmapped,19239,19239,1.0,1
Stefano legacy,22,movement_sprint_speed,physical speed/agility attribute; source-era meaning needs verification,19239,19239,1.0,1
Stefano legacy,22,nation_position,identity / roster metadata,19239,759,0.039451,1
Stefano legacy,22,nationality_name,identity / roster metadata,19239,19239,1.0,1
Stefano legacy,22,overall,overall rating; labels differ by publisher/source,19239,19239,1.0,1
Stefano legacy,22,player_id,identity / roster metadata,19239,19239,1.0,1
Stefano legacy,22,player_positions,position vocabulary / roster label; not formation geometry,19239,19239,1.0,1
Stefano legacy,22,potential,potential; not current ability,19239,19239,1.0,1
Stefano legacy,22,power_jumping,other raw field; semantics source-specific/unmapped,19239,19239,1.0,1
Stefano legacy,22,power_long_shots,other raw field; semantics source-specific/unmapped,19239,19239,1.0,1
Stefano legacy,22,power_shot_power,other raw field; semantics source-specific/unmapped,19239,19239,1.0,1
Stefano legacy,22,power_stamina,other raw field; semantics source-specific/unmapped,19239,19239,1.0,1
Stefano legacy,22,power_strength,other raw field; semantics source-specific/unmapped,19239,19239,1.0,1
Stefano legacy,22,preferred_foot,other raw field; semantics source-specific/unmapped,19239,19239,1.0,1
Stefano legacy,22,ram,native position rating label (source-specific code),19239,19239,1.0,1
Stefano legacy,22,rb,native position rating label (source-specific code),19239,19239,1.0,1
Stefano legacy,22,rcb,native position rating label (source-specific code),19239,19239,1.0,1
Stefano legacy,22,rcm,native position rating label (source-specific code),19239,19239,1.0,1
Stefano legacy,22,rdm,native position rating label (source-specific code),19239,19239,1.0,1
Stefano legacy,22,rf,native position rating label (source-specific code),19239,19239,1.0,1
Stefano legacy,22,rm,native position rating label (source-specific code),19239,19239,1.0,1
Stefano legacy,22,rs,native position rating label (source-specific code),19239,19239,1.0,1
Stefano legacy,22,rw,native position rating label (source-specific code),19239,19239,1.0,1
Stefano legacy,22,rwb,native position rating label (source-specific code),19239,19239,1.0,1
Stefano legacy,22,short_name,identity / roster metadata,19239,19239,1.0,1
Stefano legacy,22,skill_ball_control,other raw field; semantics source-specific/unmapped,19239,19239,1.0,1
Stefano legacy,22,skill_curve,passing/creation attribute; mapping is approximate,19239,19239,1.0,1
Stefano legacy,22,skill_dribbling,other raw field; semantics source-specific/unmapped,19239,19239,1.0,1
Stefano legacy,22,skill_fk_accuracy,passing/creation attribute; mapping is approximate,19239,19239,1.0,1
Stefano legacy,22,skill_long_passing,passing/creation attribute; mapping is approximate,19239,19239,1.0,1
Stefano legacy,22,skill_moves,other raw field; semantics source-specific/unmapped,19239,19239,1.0,1
Stefano legacy,22,st,native position rating label (source-specific code),19239,19239,1.0,1
Stefano legacy,22,weak_foot,other raw field; semantics source-specific/unmapped,19239,19239,1.0,1
Stefano legacy,22,weight_kg,biographical covariate,19239,19239,1.0,1
Stefano legacy,23,age,biographical covariate,18533,18533,1.0,1
Stefano legacy,23,attacking_crossing,passing/creation attribute; mapping is approximate,18533,18533,1.0,1
Stefano legacy,23,attacking_finishing,other raw field; semantics source-specific/unmapped,18533,18533,1.0,1
Stefano legacy,23,attacking_heading_accuracy,other raw field; semantics source-specific/unmapped,18533,18533,1.0,1
Stefano legacy,23,attacking_short_passing,passing/creation attribute; mapping is approximate,18533,18533,1.0,1
Stefano legacy,23,attacking_volleys,other raw field; semantics source-specific/unmapped,18533,18533,1.0,1
Stefano legacy,23,cam,native position rating label (source-specific code),18533,18533,1.0,1
Stefano legacy,23,cb,native position rating label (source-specific code),18533,18533,1.0,1
Stefano legacy,23,cdm,native position rating label (source-specific code),18533,18533,1.0,1
Stefano legacy,23,cf,native position rating label (source-specific code),18533,18533,1.0,1
Stefano legacy,23,club_name,identity / roster metadata,18533,18455,0.995791,1
Stefano legacy,23,club_position,position vocabulary / roster label; not formation geometry,18533,18455,0.995791,1
Stefano legacy,23,cm,native position rating label (source-specific code),18533,18533,1.0,1
Stefano legacy,23,defending_marking_awareness,defensive attribute; mapping is approximate,18533,18533,1.0,1
Stefano legacy,23,defending_sliding_tackle,defensive attribute; mapping is approximate,18533,18533,1.0,1
Stefano legacy,23,defending_standing_tackle,defensive attribute; mapping is approximate,18533,18533,1.0,1
Stefano legacy,23,dob,biographical covariate,18533,18533,1.0,1
Stefano legacy,23,fifa_update,snapshot/version metadata,18533,18533,1.0,1
Stefano legacy,23,fifa_update_date,snapshot/version metadata,18533,18533,1.0,1
Stefano legacy,23,fifa_version,other raw field; semantics source-specific/unmapped,18533,18533,1.0,1
Stefano legacy,23,gk,native position rating label (source-specific code),18533,18533,1.0,1
Stefano legacy,23,goalkeeping_diving,goalkeeping attribute,18533,18533,1.0,1
Stefano legacy,23,goalkeeping_handling,goalkeeping attribute,18533,18533,1.0,1
Stefano legacy,23,goalkeeping_kicking,goalkeeping attribute,18533,18533,1.0,1
Stefano legacy,23,goalkeeping_positioning,goalkeeping attribute,18533,18533,1.0,1
Stefano legacy,23,goalkeeping_reflexes,goalkeeping attribute,18533,18533,1.0,1
Stefano legacy,23,height_cm,biographical covariate,18533,18533,1.0,1
Stefano legacy,23,international_reputation,identity / roster metadata,18533,18533,1.0,1
Stefano legacy,23,lam,native position rating label (source-specific code),18533,18533,1.0,1
Stefano legacy,23,lb,native position rating label (source-specific code),18533,18533,1.0,1
Stefano legacy,23,lcb,native position rating label (source-specific code),18533,18533,1.0,1
Stefano legacy,23,lcm,native position rating label (source-specific code),18533,18533,1.0,1
Stefano legacy,23,ldm,native position rating label (source-specific code),18533,18533,1.0,1
Stefano legacy,23,lf,native position rating label (source-specific code),18533,18533,1.0,1
Stefano legacy,23,lm,native position rating label (source-specific code),18533,18533,1.0,1
Stefano legacy,23,long_name,identity / roster metadata,18533,18533,1.0,1
Stefano legacy,23,ls,native position rating label (source-specific code),18533,18533,1.0,1
Stefano legacy,23,lw,native position rating label (source-specific code),18533,18533,1.0,1
Stefano legacy,23,lwb,native position rating label (source-specific code),18533,18533,1.0,1
Stefano legacy,23,mentality_aggression,defensive attribute; mapping is approximate,18533,18533,1.0,1
Stefano legacy,23,mentality_composure,other raw field; semantics source-specific/unmapped,18533,18533,1.0,1
Stefano legacy,23,mentality_interceptions,defensive attribute; mapping is approximate,18533,18533,1.0,1
Stefano legacy,23,mentality_penalties,other raw field; semantics source-specific/unmapped,18533,18533,1.0,1
Stefano legacy,23,mentality_positioning,other raw field; semantics source-specific/unmapped,18533,18533,1.0,1
Stefano legacy,23,mentality_vision,passing/creation attribute; mapping is approximate,18533,18533,1.0,1
Stefano legacy,23,movement_acceleration,physical speed/agility attribute; source-era meaning needs verification,18533,18533,1.0,1
Stefano legacy,23,movement_agility,physical speed/agility attribute; source-era meaning needs verification,18533,18533,1.0,1
Stefano legacy,23,movement_balance,other raw field; semantics source-specific/unmapped,18533,18533,1.0,1
Stefano legacy,23,movement_reactions,other raw field; semantics source-specific/unmapped,18533,18533,1.0,1
Stefano legacy,23,movement_sprint_speed,physical speed/agility attribute; source-era meaning needs verification,18533,18533,1.0,1
Stefano legacy,23,nation_position,identity / roster metadata,18533,805,0.043436,1
Stefano legacy,23,nationality_name,identity / roster metadata,18533,18533,1.0,1
Stefano legacy,23,overall,overall rating; labels differ by publisher/source,18533,18533,1.0,1
Stefano legacy,23,player_id,identity / roster metadata,18533,18533,1.0,1
Stefano legacy,23,player_positions,position vocabulary / roster label; not formation geometry,18533,18533,1.0,1
Stefano legacy,23,potential,potential; not current ability,18533,18533,1.0,1
Stefano legacy,23,power_jumping,other raw field; semantics source-specific/unmapped,18533,18533,1.0,1
Stefano legacy,23,power_long_shots,other raw field; semantics source-specific/unmapped,18533,18533,1.0,1
Stefano legacy,23,power_shot_power,other raw field; semantics source-specific/unmapped,18533,18533,1.0,1
Stefano legacy,23,power_stamina,other raw field; semantics source-specific/unmapped,18533,18533,1.0,1
Stefano legacy,23,power_strength,other raw field; semantics source-specific/unmapped,18533,18533,1.0,1
Stefano legacy,23,preferred_foot,other raw field; semantics source-specific/unmapped,18533,18533,1.0,1
Stefano legacy,23,ram,native position rating label (source-specific code),18533,18533,1.0,1
Stefano legacy,23,rb,native position rating label (source-specific code),18533,18533,1.0,1
Stefano legacy,23,rcb,native position rating label (source-specific code),18533,18533,1.0,1
Stefano legacy,23,rcm,native position rating label (source-specific code),18533,18533,1.0,1
Stefano legacy,23,rdm,native position rating label (source-specific code),18533,18533,1.0,1
Stefano legacy,23,rf,native position rating label (source-specific code),18533,18533,1.0,1
Stefano legacy,23,rm,native position rating label (source-specific code),18533,18533,1.0,1
Stefano legacy,23,rs,native position rating label (source-specific code),18533,18533,1.0,1
Stefano legacy,23,rw,native position rating label (source-specific code),18533,18533,1.0,1
Stefano legacy,23,rwb,native position rating label (source-specific code),18533,18533,1.0,1
Stefano legacy,23,short_name,identity / roster metadata,18533,18533,1.0,1
Stefano legacy,23,skill_ball_control,other raw field; semantics source-specific/unmapped,18533,18533,1.0,1
Stefano legacy,23,skill_curve,passing/creation attribute; mapping is approximate,18533,18533,1.0,1
Stefano legacy,23,skill_dribbling,other raw field; semantics source-specific/unmapped,18533,18533,1.0,1
Stefano legacy,23,skill_fk_accuracy,passing/creation attribute; mapping is approximate,18533,18533,1.0,1
Stefano legacy,23,skill_long_passing,passing/creation attribute; mapping is approximate,18533,18533,1.0,1
Stefano legacy,23,skill_moves,other raw field; semantics source-specific/unmapped,18533,18533,1.0,1
Stefano legacy,23,st,native position rating label (source-specific code),18533,18533,1.0,1
Stefano legacy,23,weak_foot,other raw field; semantics source-specific/unmapped,18533,18533,1.0,1
Stefano legacy,23,weight_kg,biographical covariate,18533,18533,1.0,1
lbenz FIFAIndex,05,acceleration,physical speed/agility attribute; source-era meaning needs verification,10993,10993,1.0,1
lbenz FIFAIndex,05,age,biographical covariate,10993,10993,1.0,1
lbenz FIFAIndex,05,aggression,defensive attribute; mapping is approximate,10993,10993,1.0,1
lbenz FIFAIndex,05,agility,physical speed/agility attribute; source-era meaning needs verification,10993,0,0.0,1
lbenz FIFAIndex,05,att_position,other raw field; semantics source-specific/unmapped,10993,0,0.0,1
lbenz FIFAIndex,05,balance,other raw field; semantics source-specific/unmapped,10993,10993,1.0,1
lbenz FIFAIndex,05,ball_control,other raw field; semantics source-specific/unmapped,10993,10993,1.0,1
lbenz FIFAIndex,05,birthdate,biographical covariate,10993,10993,1.0,1
lbenz FIFAIndex,05,club,identity / roster metadata,10993,10748,0.977713,1
lbenz FIFAIndex,05,club_kit_number,identity / roster metadata,10993,10748,0.977713,1
lbenz FIFAIndex,05,club_position,position vocabulary / roster label; not formation geometry,10993,10748,0.977713,1
lbenz FIFAIndex,05,composure,other raw field; semantics source-specific/unmapped,10993,10993,1.0,1
lbenz FIFAIndex,05,contract_length,other raw field; semantics source-specific/unmapped,10993,0,0.0,1
lbenz FIFAIndex,05,country_kit_number,other raw field; semantics source-specific/unmapped,10993,968,0.088056,1
lbenz FIFAIndex,05,country_position,position vocabulary / roster label; not formation geometry,10993,968,0.088056,1
lbenz FIFAIndex,05,creativity,passing/creation attribute; mapping is approximate,10993,10993,1.0,1
lbenz FIFAIndex,05,crossing,passing/creation attribute; mapping is approximate,10993,10993,1.0,1
lbenz FIFAIndex,05,curve,passing/creation attribute; mapping is approximate,10993,0,0.0,1
lbenz FIFAIndex,05,dribbling,other raw field; semantics source-specific/unmapped,10993,10993,1.0,1
lbenz FIFAIndex,05,finishing,other raw field; semantics source-specific/unmapped,10993,0,0.0,1
lbenz FIFAIndex,05,free_kick_accuracy,other raw field; semantics source-specific/unmapped,10993,0,0.0,1
lbenz FIFAIndex,05,gk_diving,goalkeeping attribute,10993,0,0.0,1
lbenz FIFAIndex,05,gk_handling,goalkeeping attribute,10993,10993,1.0,1
lbenz FIFAIndex,05,gk_kicking,goalkeeping attribute,10993,0,0.0,1
lbenz FIFAIndex,05,gk_positioning,goalkeeping attribute,10993,10993,1.0,1
lbenz FIFAIndex,05,gk_reflexes,goalkeeping attribute,10993,10993,1.0,1
lbenz FIFAIndex,05,gk_rushing,goalkeeping attribute,10993,10993,1.0,1
lbenz FIFAIndex,05,heading,other raw field; semantics source-specific/unmapped,10993,10993,1.0,1
lbenz FIFAIndex,05,headshot_url,other raw field; semantics source-specific/unmapped,10993,10993,1.0,1
lbenz FIFAIndex,05,height,biographical covariate,10993,10993,1.0,1
lbenz FIFAIndex,05,interceptions,defensive attribute; mapping is approximate,10993,0,0.0,1
lbenz FIFAIndex,05,joined_club,identity / roster metadata,10993,0,0.0,1
lbenz FIFAIndex,05,jumping,other raw field; semantics source-specific/unmapped,10993,0,0.0,1
lbenz FIFAIndex,05,loaned_from,other raw field; semantics source-specific/unmapped,10993,0,0.0,1
lbenz FIFAIndex,05,long_pass,passing/creation attribute; mapping is approximate,10993,10993,1.0,1
lbenz FIFAIndex,05,long_shots,other raw field; semantics source-specific/unmapped,10993,0,0.0,1
lbenz FIFAIndex,05,marking,defensive attribute; mapping is approximate,10993,10993,1.0,1
lbenz FIFAIndex,05,name,identity / roster metadata,10993,10993,1.0,1
lbenz FIFAIndex,05,nationality,identity / roster metadata,10993,10993,1.0,1
lbenz FIFAIndex,05,page_url,other raw field; semantics source-specific/unmapped,10993,10993,1.0,1
lbenz FIFAIndex,05,penalties,other raw field; semantics source-specific/unmapped,10993,0,0.0,1
lbenz FIFAIndex,05,player_id,identity / roster metadata,10993,10993,1.0,1
lbenz FIFAIndex,05,player_work_rate_def,other raw field; semantics source-specific/unmapped,10993,0,0.0,1
lbenz FIFAIndex,05,player_work_rate_off,other raw field; semantics source-specific/unmapped,10993,0,0.0,1
lbenz FIFAIndex,05,preferred_foot,other raw field; semantics source-specific/unmapped,10993,10993,1.0,1
lbenz FIFAIndex,05,preferred_positions,position vocabulary / roster label; not formation geometry,10993,10993,1.0,1
lbenz FIFAIndex,05,rating,overall rating; labels differ by publisher/source,10993,10993,1.0,1
lbenz FIFAIndex,05,reactions,other raw field; semantics source-specific/unmapped,10993,10993,1.0,1
lbenz FIFAIndex,05,season,other raw field; semantics source-specific/unmapped,10993,10993,1.0,1
lbenz FIFAIndex,05,short_pass,passing/creation attribute; mapping is approximate,10993,10993,1.0,1
lbenz FIFAIndex,05,shot_accuracy,other raw field; semantics source-specific/unmapped,10993,10993,1.0,1
lbenz FIFAIndex,05,shot_power,other raw field; semantics source-specific/unmapped,10993,10993,1.0,1
lbenz FIFAIndex,05,skill_moves,other raw field; semantics source-specific/unmapped,10993,0,0.0,1
lbenz FIFAIndex,05,slide_tackle,defensive attribute; mapping is approximate,10993,10993,1.0,1
lbenz FIFAIndex,05,sprint_speed,physical speed/agility attribute; source-era meaning needs verification,10993,10993,1.0,1
lbenz FIFAIndex,05,stamina,other raw field; semantics source-specific/unmapped,10993,10993,1.0,1
lbenz FIFAIndex,05,stand_tackle,defensive attribute; mapping is approximate,10993,0,0.0,1
lbenz FIFAIndex,05,strength,other raw field; semantics source-specific/unmapped,10993,10993,1.0,1
lbenz FIFAIndex,05,value,other raw field; semantics source-specific/unmapped,10993,0,0.0,1
lbenz FIFAIndex,05,vision,passing/creation attribute; mapping is approximate,10993,0,0.0,1
lbenz FIFAIndex,05,wage,other raw field; semantics source-specific/unmapped,10993,0,0.0,1
lbenz FIFAIndex,05,weak_foot,other raw field; semantics source-specific/unmapped,10993,0,0.0,1
lbenz FIFAIndex,05,weight,biographical covariate,10993,10993,1.0,1
lbenz FIFAIndex,05,year,other raw field; semantics source-specific/unmapped,10993,10993,1.0,1
lbenz FIFAIndex,06,acceleration,physical speed/agility attribute; source-era meaning needs verification,10176,0,0.0,1
lbenz FIFAIndex,06,age,biographical covariate,10176,10176,1.0,1
lbenz FIFAIndex,06,aggression,defensive attribute; mapping is approximate,10176,10176,1.0,1
lbenz FIFAIndex,06,agility,physical speed/agility attribute; source-era meaning needs verification,10176,0,0.0,1
lbenz FIFAIndex,06,att_position,other raw field; semantics source-specific/unmapped,10176,0,0.0,1
lbenz FIFAIndex,06,balance,other raw field; semantics source-specific/unmapped,10176,0,0.0,1
lbenz FIFAIndex,06,ball_control,other raw field; semantics source-specific/unmapped,10176,10176,1.0,1
lbenz FIFAIndex,06,birthdate,biographical covariate,10176,10176,1.0,1
lbenz FIFAIndex,06,club,identity / roster metadata,10176,9975,0.980248,1
lbenz FIFAIndex,06,club_kit_number,identity / roster metadata,10176,9975,0.980248,1
lbenz FIFAIndex,06,club_position,position vocabulary / roster label; not formation geometry,10176,9975,0.980248,1
lbenz FIFAIndex,06,composure,other raw field; semantics source-specific/unmapped,10176,10176,1.0,1
lbenz FIFAIndex,06,contract_length,other raw field; semantics source-specific/unmapped,10176,9972,0.979953,1
lbenz FIFAIndex,06,country_kit_number,other raw field; semantics source-specific/unmapped,10176,893,0.087756,1
lbenz FIFAIndex,06,country_position,position vocabulary / roster label; not formation geometry,10176,893,0.087756,1
lbenz FIFAIndex,06,creativity,passing/creation attribute; mapping is approximate,10176,0,0.0,1
lbenz FIFAIndex,06,crossing,passing/creation attribute; mapping is approximate,10176,0,0.0,1
lbenz FIFAIndex,06,curve,passing/creation attribute; mapping is approximate,10176,0,0.0,1
lbenz FIFAIndex,06,dribbling,other raw field; semantics source-specific/unmapped,10176,10176,1.0,1
lbenz FIFAIndex,06,finishing,other raw field; semantics source-specific/unmapped,10176,10176,1.0,1
lbenz FIFAIndex,06,free_kick_accuracy,other raw field; semantics source-specific/unmapped,10176,10176,1.0,1
lbenz FIFAIndex,06,gk_diving,goalkeeping attribute,10176,10176,1.0,1
lbenz FIFAIndex,06,gk_handling,goalkeeping attribute,10176,10176,1.0,1
lbenz FIFAIndex,06,gk_kicking,goalkeeping attribute,10176,0,0.0,1
lbenz FIFAIndex,06,gk_positioning,goalkeeping attribute,10176,10176,1.0,1
lbenz FIFAIndex,06,gk_reflexes,goalkeeping attribute,10176,0,0.0,1
lbenz FIFAIndex,06,gk_rushing,goalkeeping attribute,10176,0,0.0,1
lbenz FIFAIndex,06,heading,other raw field; semantics source-specific/unmapped,10176,0,0.0,1
lbenz FIFAIndex,06,headshot_url,other raw field; semantics source-specific/unmapped,10176,10176,1.0,1
lbenz FIFAIndex,06,height,biographical covariate,10176,10176,1.0,1
lbenz FIFAIndex,06,interceptions,defensive attribute; mapping is approximate,10176,0,0.0,1
lbenz FIFAIndex,06,joined_club,identity / roster metadata,10176,0,0.0,1
lbenz FIFAIndex,06,jumping,other raw field; semantics source-specific/unmapped,10176,0,0.0,1
lbenz FIFAIndex,06,loaned_from,other raw field; semantics source-specific/unmapped,10176,0,0.0,1
lbenz FIFAIndex,06,long_pass,passing/creation attribute; mapping is approximate,10176,10176,1.0,1
lbenz FIFAIndex,06,long_shots,other raw field; semantics source-specific/unmapped,10176,10176,1.0,1
lbenz FIFAIndex,06,marking,defensive attribute; mapping is approximate,10176,10176,1.0,1
lbenz FIFAIndex,06,name,identity / roster metadata,10176,10176,1.0,1
lbenz FIFAIndex,06,nationality,identity / roster metadata,10176,10176,1.0,1
lbenz FIFAIndex,06,page_url,other raw field; semantics source-specific/unmapped,10176,10176,1.0,1
lbenz FIFAIndex,06,penalties,other raw field; semantics source-specific/unmapped,10176,0,0.0,1
lbenz FIFAIndex,06,player_id,identity / roster metadata,10176,10176,1.0,1
lbenz FIFAIndex,06,player_work_rate_def,other raw field; semantics source-specific/unmapped,10176,0,0.0,1
lbenz FIFAIndex,06,player_work_rate_off,other raw field; semantics source-specific/unmapped,10176,0,0.0,1
lbenz FIFAIndex,06,preferred_foot,other raw field; semantics source-specific/unmapped,10176,10176,1.0,1
lbenz FIFAIndex,06,preferred_positions,position vocabulary / roster label; not formation geometry,10176,10176,1.0,1
lbenz FIFAIndex,06,rating,overall rating; labels differ by publisher/source,10176,10176,1.0,1
lbenz FIFAIndex,06,reactions,other raw field; semantics source-specific/unmapped,10176,10176,1.0,1
lbenz FIFAIndex,06,season,other raw field; semantics source-specific/unmapped,10176,10176,1.0,1
lbenz FIFAIndex,06,short_pass,passing/creation attribute; mapping is approximate,10176,10176,1.0,1
lbenz FIFAIndex,06,shot_accuracy,other raw field; semantics source-specific/unmapped,10176,0,0.0,1
lbenz FIFAIndex,06,shot_power,other raw field; semantics source-specific/unmapped,10176,0,0.0,1
lbenz FIFAIndex,06,skill_moves,other raw field; semantics source-specific/unmapped,10176,0,0.0,1
lbenz FIFAIndex,06,slide_tackle,defensive attribute; mapping is approximate,10176,10176,1.0,1
lbenz FIFAIndex,06,sprint_speed,physical speed/agility attribute; source-era meaning needs verification,10176,10176,1.0,1
lbenz FIFAIndex,06,stamina,other raw field; semantics source-specific/unmapped,10176,10176,1.0,1
lbenz FIFAIndex,06,stand_tackle,defensive attribute; mapping is approximate,10176,0,0.0,1
lbenz FIFAIndex,06,strength,other raw field; semantics source-specific/unmapped,10176,10176,1.0,1
lbenz FIFAIndex,06,value,other raw field; semantics source-specific/unmapped,10176,0,0.0,1
lbenz FIFAIndex,06,vision,passing/creation attribute; mapping is approximate,10176,0,0.0,1
lbenz FIFAIndex,06,wage,other raw field; semantics source-specific/unmapped,10176,0,0.0,1
lbenz FIFAIndex,06,weak_foot,other raw field; semantics source-specific/unmapped,10176,0,0.0,1
lbenz FIFAIndex,06,weight,biographical covariate,10176,10176,1.0,1
lbenz FIFAIndex,06,year,other raw field; semantics source-specific/unmapped,10176,10176,1.0,1
lbenz FIFAIndex,07,acceleration,physical speed/agility attribute; source-era meaning needs verification,10500,10500,1.0,1
lbenz FIFAIndex,07,age,biographical covariate,10500,10500,1.0,1
lbenz FIFAIndex,07,aggression,defensive attribute; mapping is approximate,10500,10500,1.0,1
lbenz FIFAIndex,07,agility,physical speed/agility attribute; source-era meaning needs verification,10500,0,0.0,1
lbenz FIFAIndex,07,att_position,other raw field; semantics source-specific/unmapped,10500,0,0.0,1
lbenz FIFAIndex,07,balance,other raw field; semantics source-specific/unmapped,10500,0,0.0,1
lbenz FIFAIndex,07,ball_control,other raw field; semantics source-specific/unmapped,10500,10500,1.0,1
lbenz FIFAIndex,07,birthdate,biographical covariate,10500,10500,1.0,1
lbenz FIFAIndex,07,club,identity / roster metadata,10500,10279,0.978952,1
lbenz FIFAIndex,07,club_kit_number,identity / roster metadata,10500,10279,0.978952,1
lbenz FIFAIndex,07,club_position,position vocabulary / roster label; not formation geometry,10500,10279,0.978952,1
lbenz FIFAIndex,07,composure,other raw field; semantics source-specific/unmapped,10500,10500,1.0,1
lbenz FIFAIndex,07,contract_length,other raw field; semantics source-specific/unmapped,10500,10258,0.976952,1
lbenz FIFAIndex,07,country_kit_number,other raw field; semantics source-specific/unmapped,10500,921,0.087714,1
lbenz FIFAIndex,07,country_position,position vocabulary / roster label; not formation geometry,10500,921,0.087714,1
lbenz FIFAIndex,07,creativity,passing/creation attribute; mapping is approximate,10500,0,0.0,1
lbenz FIFAIndex,07,crossing,passing/creation attribute; mapping is approximate,10500,10500,1.0,1
lbenz FIFAIndex,07,curve,passing/creation attribute; mapping is approximate,10500,0,0.0,1
lbenz FIFAIndex,07,dribbling,other raw field; semantics source-specific/unmapped,10500,10500,1.0,1
lbenz FIFAIndex,07,finishing,other raw field; semantics source-specific/unmapped,10500,10500,1.0,1
lbenz FIFAIndex,07,free_kick_accuracy,other raw field; semantics source-specific/unmapped,10500,10500,1.0,1
lbenz FIFAIndex,07,gk_diving,goalkeeping attribute,10500,10500,1.0,1
lbenz FIFAIndex,07,gk_handling,goalkeeping attribute,10500,10500,1.0,1
lbenz FIFAIndex,07,gk_kicking,goalkeeping attribute,10500,0,0.0,1
lbenz FIFAIndex,07,gk_positioning,goalkeeping attribute,10500,10500,1.0,1
lbenz FIFAIndex,07,gk_reflexes,goalkeeping attribute,10500,10500,1.0,1
lbenz FIFAIndex,07,gk_rushing,goalkeeping attribute,10500,0,0.0,1
lbenz FIFAIndex,07,heading,other raw field; semantics source-specific/unmapped,10500,10500,1.0,1
lbenz FIFAIndex,07,headshot_url,other raw field; semantics source-specific/unmapped,10500,10500,1.0,1
lbenz FIFAIndex,07,height,biographical covariate,10500,10500,1.0,1
lbenz FIFAIndex,07,interceptions,defensive attribute; mapping is approximate,10500,0,0.0,1
lbenz FIFAIndex,07,joined_club,identity / roster metadata,10500,0,0.0,1
lbenz FIFAIndex,07,jumping,other raw field; semantics source-specific/unmapped,10500,0,0.0,1
lbenz FIFAIndex,07,loaned_from,other raw field; semantics source-specific/unmapped,10500,0,0.0,1
lbenz FIFAIndex,07,long_pass,passing/creation attribute; mapping is approximate,10500,10500,1.0,1
lbenz FIFAIndex,07,long_shots,other raw field; semantics source-specific/unmapped,10500,10500,1.0,1
lbenz FIFAIndex,07,marking,defensive attribute; mapping is approximate,10500,10500,1.0,1
lbenz FIFAIndex,07,name,identity / roster metadata,10500,10500,1.0,1
lbenz FIFAIndex,07,nationality,identity / roster metadata,10500,10500,1.0,1
lbenz FIFAIndex,07,page_url,other raw field; semantics source-specific/unmapped,10500,10500,1.0,1
lbenz FIFAIndex,07,penalties,other raw field; semantics source-specific/unmapped,10500,0,0.0,1
lbenz FIFAIndex,07,player_id,identity / roster metadata,10500,10500,1.0,1
lbenz FIFAIndex,07,player_work_rate_def,other raw field; semantics source-specific/unmapped,10500,0,0.0,1
lbenz FIFAIndex,07,player_work_rate_off,other raw field; semantics source-specific/unmapped,10500,0,0.0,1
lbenz FIFAIndex,07,preferred_foot,other raw field; semantics source-specific/unmapped,10500,10500,1.0,1
lbenz FIFAIndex,07,preferred_positions,position vocabulary / roster label; not formation geometry,10500,10500,1.0,1
lbenz FIFAIndex,07,rating,overall rating; labels differ by publisher/source,10500,10500,1.0,1
lbenz FIFAIndex,07,reactions,other raw field; semantics source-specific/unmapped,10500,10500,1.0,1
lbenz FIFAIndex,07,season,other raw field; semantics source-specific/unmapped,10500,10500,1.0,1
lbenz FIFAIndex,07,short_pass,passing/creation attribute; mapping is approximate,10500,10500,1.0,1
lbenz FIFAIndex,07,shot_accuracy,other raw field; semantics source-specific/unmapped,10500,0,0.0,1
lbenz FIFAIndex,07,shot_power,other raw field; semantics source-specific/unmapped,10500,10500,1.0,1
lbenz FIFAIndex,07,skill_moves,other raw field; semantics source-specific/unmapped,10500,0,0.0,1
lbenz FIFAIndex,07,slide_tackle,defensive attribute; mapping is approximate,10500,10500,1.0,1
lbenz FIFAIndex,07,sprint_speed,physical speed/agility attribute; source-era meaning needs verification,10500,10500,1.0,1
lbenz FIFAIndex,07,stamina,other raw field; semantics source-specific/unmapped,10500,10500,1.0,1
lbenz FIFAIndex,07,stand_tackle,defensive attribute; mapping is approximate,10500,0,0.0,1
lbenz FIFAIndex,07,strength,other raw field; semantics source-specific/unmapped,10500,10500,1.0,1
lbenz FIFAIndex,07,value,other raw field; semantics source-specific/unmapped,10500,0,0.0,1
lbenz FIFAIndex,07,vision,passing/creation attribute; mapping is approximate,10500,0,0.0,1
lbenz FIFAIndex,07,wage,other raw field; semantics source-specific/unmapped,10500,0,0.0,1
lbenz FIFAIndex,07,weak_foot,other raw field; semantics source-specific/unmapped,10500,10500,1.0,1
lbenz FIFAIndex,07,weight,biographical covariate,10500,10500,1.0,1
lbenz FIFAIndex,07,year,other raw field; semantics source-specific/unmapped,10500,10500,1.0,1
lbenz FIFAIndex,08,acceleration,physical speed/agility attribute; source-era meaning needs verification,10500,10500,1.0,1
lbenz FIFAIndex,08,age,biographical covariate,10500,10500,1.0,1
lbenz FIFAIndex,08,aggression,defensive attribute; mapping is approximate,10500,10500,1.0,1
lbenz FIFAIndex,08,agility,physical speed/agility attribute; source-era meaning needs verification,10500,0,0.0,1
lbenz FIFAIndex,08,att_position,other raw field; semantics source-specific/unmapped,10500,0,0.0,1
lbenz FIFAIndex,08,balance,other raw field; semantics source-specific/unmapped,10500,0,0.0,1
lbenz FIFAIndex,08,ball_control,other raw field; semantics source-specific/unmapped,10500,10500,1.0,1
lbenz FIFAIndex,08,birthdate,biographical covariate,10500,10500,1.0,1
lbenz FIFAIndex,08,club,identity / roster metadata,10500,10276,0.978667,1
lbenz FIFAIndex,08,club_kit_number,identity / roster metadata,10500,10276,0.978667,1
lbenz FIFAIndex,08,club_position,position vocabulary / roster label; not formation geometry,10500,10276,0.978667,1
lbenz FIFAIndex,08,composure,other raw field; semantics source-specific/unmapped,10500,10500,1.0,1
lbenz FIFAIndex,08,contract_length,other raw field; semantics source-specific/unmapped,10500,10249,0.976095,1
lbenz FIFAIndex,08,country_kit_number,other raw field; semantics source-specific/unmapped,10500,985,0.09381,1
lbenz FIFAIndex,08,country_position,position vocabulary / roster label; not formation geometry,10500,985,0.09381,1
lbenz FIFAIndex,08,creativity,passing/creation attribute; mapping is approximate,10500,0,0.0,1
lbenz FIFAIndex,08,crossing,passing/creation attribute; mapping is approximate,10500,10500,1.0,1
lbenz FIFAIndex,08,curve,passing/creation attribute; mapping is approximate,10500,0,0.0,1
lbenz FIFAIndex,08,dribbling,other raw field; semantics source-specific/unmapped,10500,10500,1.0,1
lbenz FIFAIndex,08,finishing,other raw field; semantics source-specific/unmapped,10500,10500,1.0,1
lbenz FIFAIndex,08,free_kick_accuracy,other raw field; semantics source-specific/unmapped,10500,10500,1.0,1
lbenz FIFAIndex,08,gk_diving,goalkeeping attribute,10500,10500,1.0,1
lbenz FIFAIndex,08,gk_handling,goalkeeping attribute,10500,10500,1.0,1
lbenz FIFAIndex,08,gk_kicking,goalkeeping attribute,10500,0,0.0,1
lbenz FIFAIndex,08,gk_positioning,goalkeeping attribute,10500,10500,1.0,1
lbenz FIFAIndex,08,gk_reflexes,goalkeeping attribute,10500,10500,1.0,1
lbenz FIFAIndex,08,gk_rushing,goalkeeping attribute,10500,0,0.0,1
lbenz FIFAIndex,08,heading,other raw field; semantics source-specific/unmapped,10500,10500,1.0,1
lbenz FIFAIndex,08,headshot_url,other raw field; semantics source-specific/unmapped,10500,10500,1.0,1
lbenz FIFAIndex,08,height,biographical covariate,10500,10500,1.0,1
lbenz FIFAIndex,08,interceptions,defensive attribute; mapping is approximate,10500,0,0.0,1
lbenz FIFAIndex,08,joined_club,identity / roster metadata,10500,0,0.0,1
lbenz FIFAIndex,08,jumping,other raw field; semantics source-specific/unmapped,10500,0,0.0,1
lbenz FIFAIndex,08,loaned_from,other raw field; semantics source-specific/unmapped,10500,0,0.0,1
lbenz FIFAIndex,08,long_pass,passing/creation attribute; mapping is approximate,10500,10500,1.0,1
lbenz FIFAIndex,08,long_shots,other raw field; semantics source-specific/unmapped,10500,10500,1.0,1
lbenz FIFAIndex,08,marking,defensive attribute; mapping is approximate,10500,10500,1.0,1
lbenz FIFAIndex,08,name,identity / roster metadata,10500,10500,1.0,1
lbenz FIFAIndex,08,nationality,identity / roster metadata,10500,10500,1.0,1
lbenz FIFAIndex,08,page_url,other raw field; semantics source-specific/unmapped,10500,10500,1.0,1
lbenz FIFAIndex,08,penalties,other raw field; semantics source-specific/unmapped,10500,0,0.0,1
lbenz FIFAIndex,08,player_id,identity / roster metadata,10500,10500,1.0,1
lbenz FIFAIndex,08,player_work_rate_def,other raw field; semantics source-specific/unmapped,10500,0,0.0,1
lbenz FIFAIndex,08,player_work_rate_off,other raw field; semantics source-specific/unmapped,10500,0,0.0,1
lbenz FIFAIndex,08,preferred_foot,other raw field; semantics source-specific/unmapped,10500,10500,1.0,1
lbenz FIFAIndex,08,preferred_positions,position vocabulary / roster label; not formation geometry,10500,10500,1.0,1
lbenz FIFAIndex,08,rating,overall rating; labels differ by publisher/source,10500,10500,1.0,1
lbenz FIFAIndex,08,reactions,other raw field; semantics source-specific/unmapped,10500,10500,1.0,1
lbenz FIFAIndex,08,season,other raw field; semantics source-specific/unmapped,10500,10500,1.0,1
lbenz FIFAIndex,08,short_pass,passing/creation attribute; mapping is approximate,10500,10500,1.0,1
lbenz FIFAIndex,08,shot_accuracy,other raw field; semantics source-specific/unmapped,10500,0,0.0,1
lbenz FIFAIndex,08,shot_power,other raw field; semantics source-specific/unmapped,10500,10500,1.0,1
lbenz FIFAIndex,08,skill_moves,other raw field; semantics source-specific/unmapped,10500,0,0.0,1
lbenz FIFAIndex,08,slide_tackle,defensive attribute; mapping is approximate,10500,10500,1.0,1
lbenz FIFAIndex,08,sprint_speed,physical speed/agility attribute; source-era meaning needs verification,10500,10500,1.0,1
lbenz FIFAIndex,08,stamina,other raw field; semantics source-specific/unmapped,10500,10500,1.0,1
lbenz FIFAIndex,08,stand_tackle,defensive attribute; mapping is approximate,10500,0,0.0,1
lbenz FIFAIndex,08,strength,other raw field; semantics source-specific/unmapped,10500,10500,1.0,1
lbenz FIFAIndex,08,value,other raw field; semantics source-specific/unmapped,10500,0,0.0,1
lbenz FIFAIndex,08,vision,passing/creation attribute; mapping is approximate,10500,0,0.0,1
lbenz FIFAIndex,08,wage,other raw field; semantics source-specific/unmapped,10500,0,0.0,1
lbenz FIFAIndex,08,weak_foot,other raw field; semantics source-specific/unmapped,10500,10500,1.0,1
lbenz FIFAIndex,08,weight,biographical covariate,10500,10500,1.0,1
lbenz FIFAIndex,08,year,other raw field; semantics source-specific/unmapped,10500,10500,1.0,1
lbenz FIFAIndex,09,acceleration,physical speed/agility attribute; source-era meaning needs verification,10500,10500,1.0,1
lbenz FIFAIndex,09,age,biographical covariate,10500,10500,1.0,1
lbenz FIFAIndex,09,aggression,defensive attribute; mapping is approximate,10500,10500,1.0,1
lbenz FIFAIndex,09,agility,physical speed/agility attribute; source-era meaning needs verification,10500,0,0.0,1
lbenz FIFAIndex,09,att_position,other raw field; semantics source-specific/unmapped,10500,0,0.0,1
lbenz FIFAIndex,09,balance,other raw field; semantics source-specific/unmapped,10500,0,0.0,1
lbenz FIFAIndex,09,ball_control,other raw field; semantics source-specific/unmapped,10500,10500,1.0,1
lbenz FIFAIndex,09,birthdate,biographical covariate,10500,10500,1.0,1
lbenz FIFAIndex,09,club,identity / roster metadata,10500,10235,0.974762,1
lbenz FIFAIndex,09,club_kit_number,identity / roster metadata,10500,10235,0.974762,1
lbenz FIFAIndex,09,club_position,position vocabulary / roster label; not formation geometry,10500,10235,0.974762,1
lbenz FIFAIndex,09,composure,other raw field; semantics source-specific/unmapped,10500,10500,1.0,1
lbenz FIFAIndex,09,contract_length,other raw field; semantics source-specific/unmapped,10500,10208,0.97219,1
lbenz FIFAIndex,09,country_kit_number,other raw field; semantics source-specific/unmapped,10500,1159,0.110381,1
lbenz FIFAIndex,09,country_position,position vocabulary / roster label; not formation geometry,10500,1159,0.110381,1
lbenz FIFAIndex,09,creativity,passing/creation attribute; mapping is approximate,10500,0,0.0,1
lbenz FIFAIndex,09,crossing,passing/creation attribute; mapping is approximate,10500,10500,1.0,1
lbenz FIFAIndex,09,curve,passing/creation attribute; mapping is approximate,10500,0,0.0,1
lbenz FIFAIndex,09,dribbling,other raw field; semantics source-specific/unmapped,10500,10500,1.0,1
lbenz FIFAIndex,09,finishing,other raw field; semantics source-specific/unmapped,10500,10500,1.0,1
lbenz FIFAIndex,09,free_kick_accuracy,other raw field; semantics source-specific/unmapped,10500,10500,1.0,1
lbenz FIFAIndex,09,gk_diving,goalkeeping attribute,10500,10500,1.0,1
lbenz FIFAIndex,09,gk_handling,goalkeeping attribute,10500,10500,1.0,1
lbenz FIFAIndex,09,gk_kicking,goalkeeping attribute,10500,0,0.0,1
lbenz FIFAIndex,09,gk_positioning,goalkeeping attribute,10500,10500,1.0,1
lbenz FIFAIndex,09,gk_reflexes,goalkeeping attribute,10500,10500,1.0,1
lbenz FIFAIndex,09,gk_rushing,goalkeeping attribute,10500,0,0.0,1
lbenz FIFAIndex,09,heading,other raw field; semantics source-specific/unmapped,10500,10500,1.0,1
lbenz FIFAIndex,09,headshot_url,other raw field; semantics source-specific/unmapped,10500,10500,1.0,1
lbenz FIFAIndex,09,height,biographical covariate,10500,10500,1.0,1
lbenz FIFAIndex,09,interceptions,defensive attribute; mapping is approximate,10500,0,0.0,1
lbenz FIFAIndex,09,joined_club,identity / roster metadata,10500,0,0.0,1
lbenz FIFAIndex,09,jumping,other raw field; semantics source-specific/unmapped,10500,0,0.0,1
lbenz FIFAIndex,09,loaned_from,other raw field; semantics source-specific/unmapped,10500,0,0.0,1
lbenz FIFAIndex,09,long_pass,passing/creation attribute; mapping is approximate,10500,10500,1.0,1
lbenz FIFAIndex,09,long_shots,other raw field; semantics source-specific/unmapped,10500,10500,1.0,1
lbenz FIFAIndex,09,marking,defensive attribute; mapping is approximate,10500,10500,1.0,1
lbenz FIFAIndex,09,name,identity / roster metadata,10500,10500,1.0,1
lbenz FIFAIndex,09,nationality,identity / roster metadata,10500,10500,1.0,1
lbenz FIFAIndex,09,page_url,other raw field; semantics source-specific/unmapped,10500,10500,1.0,1
lbenz FIFAIndex,09,penalties,other raw field; semantics source-specific/unmapped,10500,0,0.0,1
lbenz FIFAIndex,09,player_id,identity / roster metadata,10500,10500,1.0,1
lbenz FIFAIndex,09,player_work_rate_def,other raw field; semantics source-specific/unmapped,10500,0,0.0,1
lbenz FIFAIndex,09,player_work_rate_off,other raw field; semantics source-specific/unmapped,10500,0,0.0,1
lbenz FIFAIndex,09,preferred_foot,other raw field; semantics source-specific/unmapped,10500,10500,1.0,1
lbenz FIFAIndex,09,preferred_positions,position vocabulary / roster label; not formation geometry,10500,10500,1.0,1
lbenz FIFAIndex,09,rating,overall rating; labels differ by publisher/source,10500,10500,1.0,1
lbenz FIFAIndex,09,reactions,other raw field; semantics source-specific/unmapped,10500,10500,1.0,1
lbenz FIFAIndex,09,season,other raw field; semantics source-specific/unmapped,10500,10500,1.0,1
lbenz FIFAIndex,09,short_pass,passing/creation attribute; mapping is approximate,10500,10500,1.0,1
lbenz FIFAIndex,09,shot_accuracy,other raw field; semantics source-specific/unmapped,10500,0,0.0,1
lbenz FIFAIndex,09,shot_power,other raw field; semantics source-specific/unmapped,10500,10500,1.0,1
lbenz FIFAIndex,09,skill_moves,other raw field; semantics source-specific/unmapped,10500,0,0.0,1
lbenz FIFAIndex,09,slide_tackle,defensive attribute; mapping is approximate,10500,10500,1.0,1
lbenz FIFAIndex,09,sprint_speed,physical speed/agility attribute; source-era meaning needs verification,10500,10500,1.0,1
lbenz FIFAIndex,09,stamina,other raw field; semantics source-specific/unmapped,10500,10500,1.0,1
lbenz FIFAIndex,09,stand_tackle,defensive attribute; mapping is approximate,10500,0,0.0,1
lbenz FIFAIndex,09,strength,other raw field; semantics source-specific/unmapped,10500,10500,1.0,1
lbenz FIFAIndex,09,value,other raw field; semantics source-specific/unmapped,10500,0,0.0,1
lbenz FIFAIndex,09,vision,passing/creation attribute; mapping is approximate,10500,0,0.0,1
lbenz FIFAIndex,09,wage,other raw field; semantics source-specific/unmapped,10500,0,0.0,1
lbenz FIFAIndex,09,weak_foot,other raw field; semantics source-specific/unmapped,10500,10500,1.0,1
lbenz FIFAIndex,09,weight,biographical covariate,10500,10500,1.0,1
lbenz FIFAIndex,09,year,other raw field; semantics source-specific/unmapped,10500,10500,1.0,1
lbenz FIFAIndex,10,acceleration,physical speed/agility attribute; source-era meaning needs verification,10500,10500,1.0,1
lbenz FIFAIndex,10,age,biographical covariate,10500,10500,1.0,1
lbenz FIFAIndex,10,aggression,defensive attribute; mapping is approximate,10500,10500,1.0,1
lbenz FIFAIndex,10,agility,physical speed/agility attribute; source-era meaning needs verification,10500,0,0.0,1
lbenz FIFAIndex,10,att_position,other raw field; semantics source-specific/unmapped,10500,0,0.0,1
lbenz FIFAIndex,10,balance,other raw field; semantics source-specific/unmapped,10500,0,0.0,1
lbenz FIFAIndex,10,ball_control,other raw field; semantics source-specific/unmapped,10500,10500,1.0,1
lbenz FIFAIndex,10,birthdate,biographical covariate,10500,10500,1.0,1
lbenz FIFAIndex,10,club,identity / roster metadata,10500,10303,0.981238,1
lbenz FIFAIndex,10,club_kit_number,identity / roster metadata,10500,10303,0.981238,1
lbenz FIFAIndex,10,club_position,position vocabulary / roster label; not formation geometry,10500,10303,0.981238,1
lbenz FIFAIndex,10,composure,other raw field; semantics source-specific/unmapped,10500,10500,1.0,1
lbenz FIFAIndex,10,contract_length,other raw field; semantics source-specific/unmapped,10500,10302,0.981143,1
lbenz FIFAIndex,10,country_kit_number,other raw field; semantics source-specific/unmapped,10500,1175,0.111905,1
lbenz FIFAIndex,10,country_position,position vocabulary / roster label; not formation geometry,10500,1175,0.111905,1
lbenz FIFAIndex,10,creativity,passing/creation attribute; mapping is approximate,10500,0,0.0,1
lbenz FIFAIndex,10,crossing,passing/creation attribute; mapping is approximate,10500,10500,1.0,1
lbenz FIFAIndex,10,curve,passing/creation attribute; mapping is approximate,10500,0,0.0,1
lbenz FIFAIndex,10,dribbling,other raw field; semantics source-specific/unmapped,10500,10500,1.0,1
lbenz FIFAIndex,10,finishing,other raw field; semantics source-specific/unmapped,10500,10500,1.0,1
lbenz FIFAIndex,10,free_kick_accuracy,other raw field; semantics source-specific/unmapped,10500,10500,1.0,1
lbenz FIFAIndex,10,gk_diving,goalkeeping attribute,10500,10500,1.0,1
lbenz FIFAIndex,10,gk_handling,goalkeeping attribute,10500,10500,1.0,1
lbenz FIFAIndex,10,gk_kicking,goalkeeping attribute,10500,0,0.0,1
lbenz FIFAIndex,10,gk_positioning,goalkeeping attribute,10500,10500,1.0,1
lbenz FIFAIndex,10,gk_reflexes,goalkeeping attribute,10500,10500,1.0,1
lbenz FIFAIndex,10,gk_rushing,goalkeeping attribute,10500,0,0.0,1
lbenz FIFAIndex,10,heading,other raw field; semantics source-specific/unmapped,10500,10500,1.0,1
lbenz FIFAIndex,10,headshot_url,other raw field; semantics source-specific/unmapped,10500,10500,1.0,1
lbenz FIFAIndex,10,height,biographical covariate,10500,10500,1.0,1
lbenz FIFAIndex,10,interceptions,defensive attribute; mapping is approximate,10500,0,0.0,1
lbenz FIFAIndex,10,joined_club,identity / roster metadata,10500,0,0.0,1
lbenz FIFAIndex,10,jumping,other raw field; semantics source-specific/unmapped,10500,0,0.0,1
lbenz FIFAIndex,10,loaned_from,other raw field; semantics source-specific/unmapped,10500,0,0.0,1
lbenz FIFAIndex,10,long_pass,passing/creation attribute; mapping is approximate,10500,10500,1.0,1
lbenz FIFAIndex,10,long_shots,other raw field; semantics source-specific/unmapped,10500,10500,1.0,1
lbenz FIFAIndex,10,marking,defensive attribute; mapping is approximate,10500,10500,1.0,1
lbenz FIFAIndex,10,name,identity / roster metadata,10500,10500,1.0,1
lbenz FIFAIndex,10,nationality,identity / roster metadata,10500,10500,1.0,1
lbenz FIFAIndex,10,page_url,other raw field; semantics source-specific/unmapped,10500,10500,1.0,1
lbenz FIFAIndex,10,penalties,other raw field; semantics source-specific/unmapped,10500,0,0.0,1
lbenz FIFAIndex,10,player_id,identity / roster metadata,10500,10500,1.0,1
lbenz FIFAIndex,10,player_work_rate_def,other raw field; semantics source-specific/unmapped,10500,0,0.0,1
lbenz FIFAIndex,10,player_work_rate_off,other raw field; semantics source-specific/unmapped,10500,0,0.0,1
lbenz FIFAIndex,10,preferred_foot,other raw field; semantics source-specific/unmapped,10500,10500,1.0,1
lbenz FIFAIndex,10,preferred_positions,position vocabulary / roster label; not formation geometry,10500,10500,1.0,1
lbenz FIFAIndex,10,rating,overall rating; labels differ by publisher/source,10500,10500,1.0,1
lbenz FIFAIndex,10,reactions,other raw field; semantics source-specific/unmapped,10500,10500,1.0,1
lbenz FIFAIndex,10,season,other raw field; semantics source-specific/unmapped,10500,10500,1.0,1
lbenz FIFAIndex,10,short_pass,passing/creation attribute; mapping is approximate,10500,10500,1.0,1
lbenz FIFAIndex,10,shot_accuracy,other raw field; semantics source-specific/unmapped,10500,0,0.0,1
lbenz FIFAIndex,10,shot_power,other raw field; semantics source-specific/unmapped,10500,10500,1.0,1
lbenz FIFAIndex,10,skill_moves,other raw field; semantics source-specific/unmapped,10500,0,0.0,1
lbenz FIFAIndex,10,slide_tackle,defensive attribute; mapping is approximate,10500,10500,1.0,1
lbenz FIFAIndex,10,sprint_speed,physical speed/agility attribute; source-era meaning needs verification,10500,10500,1.0,1
lbenz FIFAIndex,10,stamina,other raw field; semantics source-specific/unmapped,10500,10500,1.0,1
lbenz FIFAIndex,10,stand_tackle,defensive attribute; mapping is approximate,10500,0,0.0,1
lbenz FIFAIndex,10,strength,other raw field; semantics source-specific/unmapped,10500,10500,1.0,1
lbenz FIFAIndex,10,value,other raw field; semantics source-specific/unmapped,10500,0,0.0,1
lbenz FIFAIndex,10,vision,passing/creation attribute; mapping is approximate,10500,0,0.0,1
lbenz FIFAIndex,10,wage,other raw field; semantics source-specific/unmapped,10500,0,0.0,1
lbenz FIFAIndex,10,weak_foot,other raw field; semantics source-specific/unmapped,10500,10500,1.0,1
lbenz FIFAIndex,10,weight,biographical covariate,10500,10500,1.0,1
lbenz FIFAIndex,10,year,other raw field; semantics source-specific/unmapped,10500,10500,1.0,1
lbenz FIFAIndex,11,acceleration,physical speed/agility attribute; source-era meaning needs verification,10478,0,0.0,1
lbenz FIFAIndex,11,age,biographical covariate,10478,10478,1.0,1
lbenz FIFAIndex,11,aggression,defensive attribute; mapping is approximate,10478,10478,1.0,1
lbenz FIFAIndex,11,agility,physical speed/agility attribute; source-era meaning needs verification,10478,10478,1.0,1
lbenz FIFAIndex,11,att_position,other raw field; semantics source-specific/unmapped,10478,0,0.0,1
lbenz FIFAIndex,11,balance,other raw field; semantics source-specific/unmapped,10478,10478,1.0,1
lbenz FIFAIndex,11,ball_control,other raw field; semantics source-specific/unmapped,10478,10478,1.0,1
lbenz FIFAIndex,11,birthdate,biographical covariate,10478,10478,1.0,1
lbenz FIFAIndex,11,club,identity / roster metadata,10478,10332,0.986066,1
lbenz FIFAIndex,11,club_kit_number,identity / roster metadata,10478,10332,0.986066,1
lbenz FIFAIndex,11,club_position,position vocabulary / roster label; not formation geometry,10478,10332,0.986066,1
lbenz FIFAIndex,11,composure,other raw field; semantics source-specific/unmapped,10478,10478,1.0,1
lbenz FIFAIndex,11,contract_length,other raw field; semantics source-specific/unmapped,10478,10332,0.986066,1
lbenz FIFAIndex,11,country_kit_number,other raw field; semantics source-specific/unmapped,10478,1114,0.106318,1
lbenz FIFAIndex,11,country_position,position vocabulary / roster label; not formation geometry,10478,1114,0.106318,1
lbenz FIFAIndex,11,creativity,passing/creation attribute; mapping is approximate,10478,10478,1.0,1
lbenz FIFAIndex,11,crossing,passing/creation attribute; mapping is approximate,10478,0,0.0,1
lbenz FIFAIndex,11,curve,passing/creation attribute; mapping is approximate,10478,10478,1.0,1
lbenz FIFAIndex,11,dribbling,other raw field; semantics source-specific/unmapped,10478,10478,1.0,1
lbenz FIFAIndex,11,finishing,other raw field; semantics source-specific/unmapped,10478,10478,1.0,1
lbenz FIFAIndex,11,free_kick_accuracy,other raw field; semantics source-specific/unmapped,10478,10478,1.0,1
lbenz FIFAIndex,11,gk_diving,goalkeeping attribute,10478,10478,1.0,1
lbenz FIFAIndex,11,gk_handling,goalkeeping attribute,10478,10478,1.0,1
lbenz FIFAIndex,11,gk_kicking,goalkeeping attribute,10478,10478,1.0,1
lbenz FIFAIndex,11,gk_positioning,goalkeeping attribute,10478,0,0.0,1
lbenz FIFAIndex,11,gk_reflexes,goalkeeping attribute,10478,10478,1.0,1
lbenz FIFAIndex,11,gk_rushing,goalkeeping attribute,10478,0,0.0,1
lbenz FIFAIndex,11,heading,other raw field; semantics source-specific/unmapped,10478,0,0.0,1
lbenz FIFAIndex,11,headshot_url,other raw field; semantics source-specific/unmapped,10478,10478,1.0,1
lbenz FIFAIndex,11,height,biographical covariate,10478,10478,1.0,1
lbenz FIFAIndex,11,interceptions,defensive attribute; mapping is approximate,10478,0,0.0,1
lbenz FIFAIndex,11,joined_club,identity / roster metadata,10478,0,0.0,1
lbenz FIFAIndex,11,jumping,other raw field; semantics source-specific/unmapped,10478,10478,1.0,1
lbenz FIFAIndex,11,loaned_from,other raw field; semantics source-specific/unmapped,10478,0,0.0,1
lbenz FIFAIndex,11,long_pass,passing/creation attribute; mapping is approximate,10478,10478,1.0,1
lbenz FIFAIndex,11,long_shots,other raw field; semantics source-specific/unmapped,10478,10478,1.0,1
lbenz FIFAIndex,11,marking,defensive attribute; mapping is approximate,10478,10478,1.0,1
lbenz FIFAIndex,11,name,identity / roster metadata,10478,10478,1.0,1
lbenz FIFAIndex,11,nationality,identity / roster metadata,10478,10478,1.0,1
lbenz FIFAIndex,11,page_url,other raw field; semantics source-specific/unmapped,10478,10478,1.0,1
lbenz FIFAIndex,11,penalties,other raw field; semantics source-specific/unmapped,10478,10478,1.0,1
lbenz FIFAIndex,11,player_id,identity / roster metadata,10478,10478,1.0,1
lbenz FIFAIndex,11,player_work_rate_def,other raw field; semantics source-specific/unmapped,10478,0,0.0,1
lbenz FIFAIndex,11,player_work_rate_off,other raw field; semantics source-specific/unmapped,10478,0,0.0,1
lbenz FIFAIndex,11,preferred_foot,other raw field; semantics source-specific/unmapped,10478,10478,1.0,1
lbenz FIFAIndex,11,preferred_positions,position vocabulary / roster label; not formation geometry,10478,10478,1.0,1
lbenz FIFAIndex,11,rating,overall rating; labels differ by publisher/source,10478,10478,1.0,1
lbenz FIFAIndex,11,reactions,other raw field; semantics source-specific/unmapped,10478,10478,1.0,1
lbenz FIFAIndex,11,season,other raw field; semantics source-specific/unmapped,10478,10478,1.0,1
lbenz FIFAIndex,11,short_pass,passing/creation attribute; mapping is approximate,10478,10478,1.0,1
lbenz FIFAIndex,11,shot_accuracy,other raw field; semantics source-specific/unmapped,10478,0,0.0,1
lbenz FIFAIndex,11,shot_power,other raw field; semantics source-specific/unmapped,10478,10478,1.0,1
lbenz FIFAIndex,11,skill_moves,other raw field; semantics source-specific/unmapped,10478,10478,1.0,1
lbenz FIFAIndex,11,slide_tackle,defensive attribute; mapping is approximate,10478,10478,1.0,1
lbenz FIFAIndex,11,sprint_speed,physical speed/agility attribute; source-era meaning needs verification,10478,10478,1.0,1
lbenz FIFAIndex,11,stamina,other raw field; semantics source-specific/unmapped,10478,10478,1.0,1
lbenz FIFAIndex,11,stand_tackle,defensive attribute; mapping is approximate,10478,10478,1.0,1
lbenz FIFAIndex,11,strength,other raw field; semantics source-specific/unmapped,10478,10478,1.0,1
lbenz FIFAIndex,11,value,other raw field; semantics source-specific/unmapped,10478,0,0.0,1
lbenz FIFAIndex,11,vision,passing/creation attribute; mapping is approximate,10478,0,0.0,1
lbenz FIFAIndex,11,wage,other raw field; semantics source-specific/unmapped,10478,0,0.0,1
lbenz FIFAIndex,11,weak_foot,other raw field; semantics source-specific/unmapped,10478,10478,1.0,1
lbenz FIFAIndex,11,weight,biographical covariate,10478,10478,1.0,1
lbenz FIFAIndex,11,year,other raw field; semantics source-specific/unmapped,10478,10478,1.0,1
lbenz FIFAIndex,12,acceleration,physical speed/agility attribute; source-era meaning needs verification,10500,10500,1.0,1
lbenz FIFAIndex,12,age,biographical covariate,10500,10500,1.0,1
lbenz FIFAIndex,12,aggression,defensive attribute; mapping is approximate,10500,10500,1.0,1
lbenz FIFAIndex,12,agility,physical speed/agility attribute; source-era meaning needs verification,10500,10500,1.0,1
lbenz FIFAIndex,12,att_position,other raw field; semantics source-specific/unmapped,10500,10500,1.0,1
lbenz FIFAIndex,12,balance,other raw field; semantics source-specific/unmapped,10500,10500,1.0,1
lbenz FIFAIndex,12,ball_control,other raw field; semantics source-specific/unmapped,10500,10500,1.0,1
lbenz FIFAIndex,12,birthdate,biographical covariate,10500,10500,1.0,1
lbenz FIFAIndex,12,club,identity / roster metadata,10500,10239,0.975143,1
lbenz FIFAIndex,12,club_kit_number,identity / roster metadata,10500,10239,0.975143,1
lbenz FIFAIndex,12,club_position,position vocabulary / roster label; not formation geometry,10500,10239,0.975143,1
lbenz FIFAIndex,12,composure,other raw field; semantics source-specific/unmapped,10500,0,0.0,1
lbenz FIFAIndex,12,contract_length,other raw field; semantics source-specific/unmapped,10500,10239,0.975143,1
lbenz FIFAIndex,12,country_kit_number,other raw field; semantics source-specific/unmapped,10500,1031,0.09819,1
lbenz FIFAIndex,12,country_position,position vocabulary / roster label; not formation geometry,10500,1031,0.09819,1
lbenz FIFAIndex,12,creativity,passing/creation attribute; mapping is approximate,10500,0,0.0,1
lbenz FIFAIndex,12,crossing,passing/creation attribute; mapping is approximate,10500,10500,1.0,1
lbenz FIFAIndex,12,curve,passing/creation attribute; mapping is approximate,10500,10500,1.0,1
lbenz FIFAIndex,12,dribbling,other raw field; semantics source-specific/unmapped,10500,10500,1.0,1
lbenz FIFAIndex,12,finishing,other raw field; semantics source-specific/unmapped,10500,10500,1.0,1
lbenz FIFAIndex,12,free_kick_accuracy,other raw field; semantics source-specific/unmapped,10500,10500,1.0,1
lbenz FIFAIndex,12,gk_diving,goalkeeping attribute,10500,10500,1.0,1
lbenz FIFAIndex,12,gk_handling,goalkeeping attribute,10500,10500,1.0,1
lbenz FIFAIndex,12,gk_kicking,goalkeeping attribute,10500,10500,1.0,1
lbenz FIFAIndex,12,gk_positioning,goalkeeping attribute,10500,10500,1.0,1
lbenz FIFAIndex,12,gk_reflexes,goalkeeping attribute,10500,10500,1.0,1
lbenz FIFAIndex,12,gk_rushing,goalkeeping attribute,10500,0,0.0,1
lbenz FIFAIndex,12,heading,other raw field; semantics source-specific/unmapped,10500,10500,1.0,1
lbenz FIFAIndex,12,headshot_url,other raw field; semantics source-specific/unmapped,10500,10500,1.0,1
lbenz FIFAIndex,12,height,biographical covariate,10500,10500,1.0,1
lbenz FIFAIndex,12,interceptions,defensive attribute; mapping is approximate,10500,10500,1.0,1
lbenz FIFAIndex,12,joined_club,identity / roster metadata,10500,10239,0.975143,1
lbenz FIFAIndex,12,jumping,other raw field; semantics source-specific/unmapped,10500,10500,1.0,1
lbenz FIFAIndex,12,loaned_from,other raw field; semantics source-specific/unmapped,10500,696,0.066286,1
lbenz FIFAIndex,12,long_pass,passing/creation attribute; mapping is approximate,10500,10500,1.0,1
lbenz FIFAIndex,12,long_shots,other raw field; semantics source-specific/unmapped,10500,10500,1.0,1
lbenz FIFAIndex,12,marking,defensive attribute; mapping is approximate,10500,10500,1.0,1
lbenz FIFAIndex,12,name,identity / roster metadata,10500,10500,1.0,1
lbenz FIFAIndex,12,nationality,identity / roster metadata,10500,10500,1.0,1
lbenz FIFAIndex,12,page_url,other raw field; semantics source-specific/unmapped,10500,10500,1.0,1
lbenz FIFAIndex,12,penalties,other raw field; semantics source-specific/unmapped,10500,10500,1.0,1
lbenz FIFAIndex,12,player_id,identity / roster metadata,10500,10500,1.0,1
lbenz FIFAIndex,12,player_work_rate_def,other raw field; semantics source-specific/unmapped,10500,10500,1.0,1
lbenz FIFAIndex,12,player_work_rate_off,other raw field; semantics source-specific/unmapped,10500,10500,1.0,1
lbenz FIFAIndex,12,preferred_foot,other raw field; semantics source-specific/unmapped,10500,10500,1.0,1
lbenz FIFAIndex,12,preferred_positions,position vocabulary / roster label; not formation geometry,10500,10500,1.0,1
lbenz FIFAIndex,12,rating,overall rating; labels differ by publisher/source,10500,10500,1.0,1
lbenz FIFAIndex,12,reactions,other raw field; semantics source-specific/unmapped,10500,10500,1.0,1
lbenz FIFAIndex,12,season,other raw field; semantics source-specific/unmapped,10500,10500,1.0,1
lbenz FIFAIndex,12,short_pass,passing/creation attribute; mapping is approximate,10500,10500,1.0,1
lbenz FIFAIndex,12,shot_accuracy,other raw field; semantics source-specific/unmapped,10500,0,0.0,1
lbenz FIFAIndex,12,shot_power,other raw field; semantics source-specific/unmapped,10500,10500,1.0,1
lbenz FIFAIndex,12,skill_moves,other raw field; semantics source-specific/unmapped,10500,10500,1.0,1
lbenz FIFAIndex,12,slide_tackle,defensive attribute; mapping is approximate,10500,10500,1.0,1
lbenz FIFAIndex,12,sprint_speed,physical speed/agility attribute; source-era meaning needs verification,10500,10500,1.0,1
lbenz FIFAIndex,12,stamina,other raw field; semantics source-specific/unmapped,10500,10500,1.0,1
lbenz FIFAIndex,12,stand_tackle,defensive attribute; mapping is approximate,10500,10500,1.0,1
lbenz FIFAIndex,12,strength,other raw field; semantics source-specific/unmapped,10500,10500,1.0,1
lbenz FIFAIndex,12,value,other raw field; semantics source-specific/unmapped,10500,10239,0.975143,1
lbenz FIFAIndex,12,vision,passing/creation attribute; mapping is approximate,10500,10500,1.0,1
lbenz FIFAIndex,12,wage,other raw field; semantics source-specific/unmapped,10500,10239,0.975143,1
lbenz FIFAIndex,12,weak_foot,other raw field; semantics source-specific/unmapped,10500,10500,1.0,1
lbenz FIFAIndex,12,weight,biographical covariate,10500,10500,1.0,1
lbenz FIFAIndex,12,year,other raw field; semantics source-specific/unmapped,10500,10500,1.0,1
lbenz FIFAIndex,13,acceleration,physical speed/agility attribute; source-era meaning needs verification,10500,10500,1.0,1
lbenz FIFAIndex,13,age,biographical covariate,10500,10500,1.0,1
lbenz FIFAIndex,13,aggression,defensive attribute; mapping is approximate,10500,10500,1.0,1
lbenz FIFAIndex,13,agility,physical speed/agility attribute; source-era meaning needs verification,10500,10500,1.0,1
lbenz FIFAIndex,13,att_position,other raw field; semantics source-specific/unmapped,10500,10500,1.0,1
lbenz FIFAIndex,13,balance,other raw field; semantics source-specific/unmapped,10500,10500,1.0,1
lbenz FIFAIndex,13,ball_control,other raw field; semantics source-specific/unmapped,10500,10500,1.0,1
lbenz FIFAIndex,13,birthdate,biographical covariate,10500,10500,1.0,1
lbenz FIFAIndex,13,club,identity / roster metadata,10500,10496,0.999619,1
lbenz FIFAIndex,13,club_kit_number,identity / roster metadata,10500,10496,0.999619,1
lbenz FIFAIndex,13,club_position,position vocabulary / roster label; not formation geometry,10500,10496,0.999619,1
lbenz FIFAIndex,13,composure,other raw field; semantics source-specific/unmapped,10500,0,0.0,1
lbenz FIFAIndex,13,contract_length,other raw field; semantics source-specific/unmapped,10500,10496,0.999619,1
lbenz FIFAIndex,13,country_kit_number,other raw field; semantics source-specific/unmapped,10500,1014,0.096571,1
lbenz FIFAIndex,13,country_position,position vocabulary / roster label; not formation geometry,10500,1014,0.096571,1
lbenz FIFAIndex,13,creativity,passing/creation attribute; mapping is approximate,10500,0,0.0,1
lbenz FIFAIndex,13,crossing,passing/creation attribute; mapping is approximate,10500,10500,1.0,1
lbenz FIFAIndex,13,curve,passing/creation attribute; mapping is approximate,10500,10500,1.0,1
lbenz FIFAIndex,13,dribbling,other raw field; semantics source-specific/unmapped,10500,10500,1.0,1
lbenz FIFAIndex,13,finishing,other raw field; semantics source-specific/unmapped,10500,10500,1.0,1
lbenz FIFAIndex,13,free_kick_accuracy,other raw field; semantics source-specific/unmapped,10500,10500,1.0,1
lbenz FIFAIndex,13,gk_diving,goalkeeping attribute,10500,10500,1.0,1
lbenz FIFAIndex,13,gk_handling,goalkeeping attribute,10500,10500,1.0,1
lbenz FIFAIndex,13,gk_kicking,goalkeeping attribute,10500,10500,1.0,1
lbenz FIFAIndex,13,gk_positioning,goalkeeping attribute,10500,10500,1.0,1
lbenz FIFAIndex,13,gk_reflexes,goalkeeping attribute,10500,10500,1.0,1
lbenz FIFAIndex,13,gk_rushing,goalkeeping attribute,10500,0,0.0,1
lbenz FIFAIndex,13,heading,other raw field; semantics source-specific/unmapped,10500,10500,1.0,1
lbenz FIFAIndex,13,headshot_url,other raw field; semantics source-specific/unmapped,10500,10500,1.0,1
lbenz FIFAIndex,13,height,biographical covariate,10500,10500,1.0,1
lbenz FIFAIndex,13,interceptions,defensive attribute; mapping is approximate,10500,10500,1.0,1
lbenz FIFAIndex,13,joined_club,identity / roster metadata,10500,10496,0.999619,1
lbenz FIFAIndex,13,jumping,other raw field; semantics source-specific/unmapped,10500,10500,1.0,1
lbenz FIFAIndex,13,loaned_from,other raw field; semantics source-specific/unmapped,10500,130,0.012381,1
lbenz FIFAIndex,13,long_pass,passing/creation attribute; mapping is approximate,10500,10500,1.0,1
lbenz FIFAIndex,13,long_shots,other raw field; semantics source-specific/unmapped,10500,10500,1.0,1
lbenz FIFAIndex,13,marking,defensive attribute; mapping is approximate,10500,10500,1.0,1
lbenz FIFAIndex,13,name,identity / roster metadata,10500,10500,1.0,1
lbenz FIFAIndex,13,nationality,identity / roster metadata,10500,10500,1.0,1
lbenz FIFAIndex,13,page_url,other raw field; semantics source-specific/unmapped,10500,10500,1.0,1
lbenz FIFAIndex,13,penalties,other raw field; semantics source-specific/unmapped,10500,10500,1.0,1
lbenz FIFAIndex,13,player_id,identity / roster metadata,10500,10500,1.0,1
lbenz FIFAIndex,13,player_work_rate_def,other raw field; semantics source-specific/unmapped,10500,10500,1.0,1
lbenz FIFAIndex,13,player_work_rate_off,other raw field; semantics source-specific/unmapped,10500,10500,1.0,1
lbenz FIFAIndex,13,preferred_foot,other raw field; semantics source-specific/unmapped,10500,10500,1.0,1
lbenz FIFAIndex,13,preferred_positions,position vocabulary / roster label; not formation geometry,10500,10500,1.0,1
lbenz FIFAIndex,13,rating,overall rating; labels differ by publisher/source,10500,10500,1.0,1
lbenz FIFAIndex,13,reactions,other raw field; semantics source-specific/unmapped,10500,10500,1.0,1
lbenz FIFAIndex,13,season,other raw field; semantics source-specific/unmapped,10500,10500,1.0,1
lbenz FIFAIndex,13,short_pass,passing/creation attribute; mapping is approximate,10500,10500,1.0,1
lbenz FIFAIndex,13,shot_accuracy,other raw field; semantics source-specific/unmapped,10500,0,0.0,1
lbenz FIFAIndex,13,shot_power,other raw field; semantics source-specific/unmapped,10500,10500,1.0,1
lbenz FIFAIndex,13,skill_moves,other raw field; semantics source-specific/unmapped,10500,10500,1.0,1
lbenz FIFAIndex,13,slide_tackle,defensive attribute; mapping is approximate,10500,10500,1.0,1
lbenz FIFAIndex,13,sprint_speed,physical speed/agility attribute; source-era meaning needs verification,10500,10500,1.0,1
lbenz FIFAIndex,13,stamina,other raw field; semantics source-specific/unmapped,10500,10500,1.0,1
lbenz FIFAIndex,13,stand_tackle,defensive attribute; mapping is approximate,10500,10500,1.0,1
lbenz FIFAIndex,13,strength,other raw field; semantics source-specific/unmapped,10500,10500,1.0,1
lbenz FIFAIndex,13,value,other raw field; semantics source-specific/unmapped,10500,10269,0.978,1
lbenz FIFAIndex,13,vision,passing/creation attribute; mapping is approximate,10500,10500,1.0,1
lbenz FIFAIndex,13,wage,other raw field; semantics source-specific/unmapped,10500,10269,0.978,1
lbenz FIFAIndex,13,weak_foot,other raw field; semantics source-specific/unmapped,10500,10500,1.0,1
lbenz FIFAIndex,13,weight,biographical covariate,10500,10500,1.0,1
lbenz FIFAIndex,13,year,other raw field; semantics source-specific/unmapped,10500,10500,1.0,1
lbenz FIFAIndex,14,acceleration,physical speed/agility attribute; source-era meaning needs verification,10500,10500,1.0,1
lbenz FIFAIndex,14,age,biographical covariate,10500,10500,1.0,1
lbenz FIFAIndex,14,aggression,defensive attribute; mapping is approximate,10500,10500,1.0,1
lbenz FIFAIndex,14,agility,physical speed/agility attribute; source-era meaning needs verification,10500,10500,1.0,1
lbenz FIFAIndex,14,att_position,other raw field; semantics source-specific/unmapped,10500,10500,1.0,1
lbenz FIFAIndex,14,balance,other raw field; semantics source-specific/unmapped,10500,10500,1.0,1
lbenz FIFAIndex,14,ball_control,other raw field; semantics source-specific/unmapped,10500,10500,1.0,1
lbenz FIFAIndex,14,birthdate,biographical covariate,10500,10500,1.0,1
lbenz FIFAIndex,14,club,identity / roster metadata,10500,10500,1.0,1
lbenz FIFAIndex,14,club_kit_number,identity / roster metadata,10500,10500,1.0,1
lbenz FIFAIndex,14,club_position,position vocabulary / roster label; not formation geometry,10500,10500,1.0,1
lbenz FIFAIndex,14,composure,other raw field; semantics source-specific/unmapped,10500,0,0.0,1
lbenz FIFAIndex,14,contract_length,other raw field; semantics source-specific/unmapped,10500,10500,1.0,1
lbenz FIFAIndex,14,country_kit_number,other raw field; semantics source-specific/unmapped,10500,1015,0.096667,1
lbenz FIFAIndex,14,country_position,position vocabulary / roster label; not formation geometry,10500,1015,0.096667,1
lbenz FIFAIndex,14,creativity,passing/creation attribute; mapping is approximate,10500,0,0.0,1
lbenz FIFAIndex,14,crossing,passing/creation attribute; mapping is approximate,10500,10500,1.0,1
lbenz FIFAIndex,14,curve,passing/creation attribute; mapping is approximate,10500,10500,1.0,1
lbenz FIFAIndex,14,dribbling,other raw field; semantics source-specific/unmapped,10500,10500,1.0,1
lbenz FIFAIndex,14,finishing,other raw field; semantics source-specific/unmapped,10500,10500,1.0,1
lbenz FIFAIndex,14,free_kick_accuracy,other raw field; semantics source-specific/unmapped,10500,10500,1.0,1
lbenz FIFAIndex,14,gk_diving,goalkeeping attribute,10500,10500,1.0,1
lbenz FIFAIndex,14,gk_handling,goalkeeping attribute,10500,10500,1.0,1
lbenz FIFAIndex,14,gk_kicking,goalkeeping attribute,10500,10500,1.0,1
lbenz FIFAIndex,14,gk_positioning,goalkeeping attribute,10500,10500,1.0,1
lbenz FIFAIndex,14,gk_reflexes,goalkeeping attribute,10500,10500,1.0,1
lbenz FIFAIndex,14,gk_rushing,goalkeeping attribute,10500,0,0.0,1
lbenz FIFAIndex,14,heading,other raw field; semantics source-specific/unmapped,10500,10500,1.0,1
lbenz FIFAIndex,14,headshot_url,other raw field; semantics source-specific/unmapped,10500,10500,1.0,1
lbenz FIFAIndex,14,height,biographical covariate,10500,10500,1.0,1
lbenz FIFAIndex,14,interceptions,defensive attribute; mapping is approximate,10500,10500,1.0,1
lbenz FIFAIndex,14,joined_club,identity / roster metadata,10500,10497,0.999714,1
lbenz FIFAIndex,14,jumping,other raw field; semantics source-specific/unmapped,10500,10500,1.0,1
lbenz FIFAIndex,14,loaned_from,other raw field; semantics source-specific/unmapped,10500,145,0.01381,1
lbenz FIFAIndex,14,long_pass,passing/creation attribute; mapping is approximate,10500,10500,1.0,1
lbenz FIFAIndex,14,long_shots,other raw field; semantics source-specific/unmapped,10500,10500,1.0,1
lbenz FIFAIndex,14,marking,defensive attribute; mapping is approximate,10500,10500,1.0,1
lbenz FIFAIndex,14,name,identity / roster metadata,10500,10500,1.0,1
lbenz FIFAIndex,14,nationality,identity / roster metadata,10500,10500,1.0,1
lbenz FIFAIndex,14,page_url,other raw field; semantics source-specific/unmapped,10500,10500,1.0,1
lbenz FIFAIndex,14,penalties,other raw field; semantics source-specific/unmapped,10500,10500,1.0,1
lbenz FIFAIndex,14,player_id,identity / roster metadata,10500,10500,1.0,1
lbenz FIFAIndex,14,player_work_rate_def,other raw field; semantics source-specific/unmapped,10500,10500,1.0,1
lbenz FIFAIndex,14,player_work_rate_off,other raw field; semantics source-specific/unmapped,10500,10500,1.0,1
lbenz FIFAIndex,14,preferred_foot,other raw field; semantics source-specific/unmapped,10500,10500,1.0,1
lbenz FIFAIndex,14,preferred_positions,position vocabulary / roster label; not formation geometry,10500,10500,1.0,1
lbenz FIFAIndex,14,rating,overall rating; labels differ by publisher/source,10500,10500,1.0,1
lbenz FIFAIndex,14,reactions,other raw field; semantics source-specific/unmapped,10500,10500,1.0,1
lbenz FIFAIndex,14,season,other raw field; semantics source-specific/unmapped,10500,10500,1.0,1
lbenz FIFAIndex,14,short_pass,passing/creation attribute; mapping is approximate,10500,10500,1.0,1
lbenz FIFAIndex,14,shot_accuracy,other raw field; semantics source-specific/unmapped,10500,0,0.0,1
lbenz FIFAIndex,14,shot_power,other raw field; semantics source-specific/unmapped,10500,10500,1.0,1
lbenz FIFAIndex,14,skill_moves,other raw field; semantics source-specific/unmapped,10500,10500,1.0,1
lbenz FIFAIndex,14,slide_tackle,defensive attribute; mapping is approximate,10500,10500,1.0,1
lbenz FIFAIndex,14,sprint_speed,physical speed/agility attribute; source-era meaning needs verification,10500,10500,1.0,1
lbenz FIFAIndex,14,stamina,other raw field; semantics source-specific/unmapped,10500,10500,1.0,1
lbenz FIFAIndex,14,stand_tackle,defensive attribute; mapping is approximate,10500,10500,1.0,1
lbenz FIFAIndex,14,strength,other raw field; semantics source-specific/unmapped,10500,10500,1.0,1
lbenz FIFAIndex,14,value,other raw field; semantics source-specific/unmapped,10500,10288,0.97981,1
lbenz FIFAIndex,14,vision,passing/creation attribute; mapping is approximate,10500,10500,1.0,1
lbenz FIFAIndex,14,wage,other raw field; semantics source-specific/unmapped,10500,10288,0.97981,1
lbenz FIFAIndex,14,weak_foot,other raw field; semantics source-specific/unmapped,10500,10500,1.0,1
lbenz FIFAIndex,14,weight,biographical covariate,10500,10500,1.0,1
lbenz FIFAIndex,14,year,other raw field; semantics source-specific/unmapped,10500,10500,1.0,1
lbenz FIFAIndex,15,acceleration,physical speed/agility attribute; source-era meaning needs verification,10500,10500,1.0,1
lbenz FIFAIndex,15,age,biographical covariate,10500,10500,1.0,1
lbenz FIFAIndex,15,aggression,defensive attribute; mapping is approximate,10500,10500,1.0,1
lbenz FIFAIndex,15,agility,physical speed/agility attribute; source-era meaning needs verification,10500,10500,1.0,1
lbenz FIFAIndex,15,att_position,other raw field; semantics source-specific/unmapped,10500,10500,1.0,1
lbenz FIFAIndex,15,balance,other raw field; semantics source-specific/unmapped,10500,10500,1.0,1
lbenz FIFAIndex,15,ball_control,other raw field; semantics source-specific/unmapped,10500,10500,1.0,1
lbenz FIFAIndex,15,birthdate,biographical covariate,10500,10500,1.0,1
lbenz FIFAIndex,15,club,identity / roster metadata,10500,10500,1.0,1
lbenz FIFAIndex,15,club_kit_number,identity / roster metadata,10500,10500,1.0,1
lbenz FIFAIndex,15,club_position,position vocabulary / roster label; not formation geometry,10500,10500,1.0,1
lbenz FIFAIndex,15,composure,other raw field; semantics source-specific/unmapped,10500,0,0.0,1
lbenz FIFAIndex,15,contract_length,other raw field; semantics source-specific/unmapped,10500,10500,1.0,1
lbenz FIFAIndex,15,country_kit_number,other raw field; semantics source-specific/unmapped,10500,1009,0.096095,1
lbenz FIFAIndex,15,country_position,position vocabulary / roster label; not formation geometry,10500,1009,0.096095,1
lbenz FIFAIndex,15,creativity,passing/creation attribute; mapping is approximate,10500,0,0.0,1
lbenz FIFAIndex,15,crossing,passing/creation attribute; mapping is approximate,10500,10500,1.0,1
lbenz FIFAIndex,15,curve,passing/creation attribute; mapping is approximate,10500,10500,1.0,1
lbenz FIFAIndex,15,dribbling,other raw field; semantics source-specific/unmapped,10500,10500,1.0,1
lbenz FIFAIndex,15,finishing,other raw field; semantics source-specific/unmapped,10500,10500,1.0,1
lbenz FIFAIndex,15,free_kick_accuracy,other raw field; semantics source-specific/unmapped,10500,10500,1.0,1
lbenz FIFAIndex,15,gk_diving,goalkeeping attribute,10500,10500,1.0,1
lbenz FIFAIndex,15,gk_handling,goalkeeping attribute,10500,10500,1.0,1
lbenz FIFAIndex,15,gk_kicking,goalkeeping attribute,10500,10500,1.0,1
lbenz FIFAIndex,15,gk_positioning,goalkeeping attribute,10500,10500,1.0,1
lbenz FIFAIndex,15,gk_reflexes,goalkeeping attribute,10500,10500,1.0,1
lbenz FIFAIndex,15,gk_rushing,goalkeeping attribute,10500,0,0.0,1
lbenz FIFAIndex,15,heading,other raw field; semantics source-specific/unmapped,10500,10500,1.0,1
lbenz FIFAIndex,15,headshot_url,other raw field; semantics source-specific/unmapped,10500,10500,1.0,1
lbenz FIFAIndex,15,height,biographical covariate,10500,10500,1.0,1
lbenz FIFAIndex,15,interceptions,defensive attribute; mapping is approximate,10500,10500,1.0,1
lbenz FIFAIndex,15,joined_club,identity / roster metadata,10500,10498,0.99981,1
lbenz FIFAIndex,15,jumping,other raw field; semantics source-specific/unmapped,10500,10500,1.0,1
lbenz FIFAIndex,15,loaned_from,other raw field; semantics source-specific/unmapped,10500,169,0.016095,1
lbenz FIFAIndex,15,long_pass,passing/creation attribute; mapping is approximate,10500,10500,1.0,1
lbenz FIFAIndex,15,long_shots,other raw field; semantics source-specific/unmapped,10500,10500,1.0,1
lbenz FIFAIndex,15,marking,defensive attribute; mapping is approximate,10500,10500,1.0,1
lbenz FIFAIndex,15,name,identity / roster metadata,10500,10500,1.0,1
lbenz FIFAIndex,15,nationality,identity / roster metadata,10500,10500,1.0,1
lbenz FIFAIndex,15,page_url,other raw field; semantics source-specific/unmapped,10500,10500,1.0,1
lbenz FIFAIndex,15,penalties,other raw field; semantics source-specific/unmapped,10500,10500,1.0,1
lbenz FIFAIndex,15,player_id,identity / roster metadata,10500,10500,1.0,1
lbenz FIFAIndex,15,player_work_rate_def,other raw field; semantics source-specific/unmapped,10500,10500,1.0,1
lbenz FIFAIndex,15,player_work_rate_off,other raw field; semantics source-specific/unmapped,10500,10500,1.0,1
lbenz FIFAIndex,15,preferred_foot,other raw field; semantics source-specific/unmapped,10500,10500,1.0,1
lbenz FIFAIndex,15,preferred_positions,position vocabulary / roster label; not formation geometry,10500,10500,1.0,1
lbenz FIFAIndex,15,rating,overall rating; labels differ by publisher/source,10500,10500,1.0,1
lbenz FIFAIndex,15,reactions,other raw field; semantics source-specific/unmapped,10500,10500,1.0,1
lbenz FIFAIndex,15,season,other raw field; semantics source-specific/unmapped,10500,10500,1.0,1
lbenz FIFAIndex,15,short_pass,passing/creation attribute; mapping is approximate,10500,10500,1.0,1
lbenz FIFAIndex,15,shot_accuracy,other raw field; semantics source-specific/unmapped,10500,0,0.0,1
lbenz FIFAIndex,15,shot_power,other raw field; semantics source-specific/unmapped,10500,10500,1.0,1
lbenz FIFAIndex,15,skill_moves,other raw field; semantics source-specific/unmapped,10500,10500,1.0,1
lbenz FIFAIndex,15,slide_tackle,defensive attribute; mapping is approximate,10500,10500,1.0,1
lbenz FIFAIndex,15,sprint_speed,physical speed/agility attribute; source-era meaning needs verification,10500,10500,1.0,1
lbenz FIFAIndex,15,stamina,other raw field; semantics source-specific/unmapped,10500,10500,1.0,1
lbenz FIFAIndex,15,stand_tackle,defensive attribute; mapping is approximate,10500,10500,1.0,1
lbenz FIFAIndex,15,strength,other raw field; semantics source-specific/unmapped,10500,10500,1.0,1
lbenz FIFAIndex,15,value,other raw field; semantics source-specific/unmapped,10500,10291,0.980095,1
lbenz FIFAIndex,15,vision,passing/creation attribute; mapping is approximate,10500,10500,1.0,1
lbenz FIFAIndex,15,wage,other raw field; semantics source-specific/unmapped,10500,10291,0.980095,1
lbenz FIFAIndex,15,weak_foot,other raw field; semantics source-specific/unmapped,10500,10500,1.0,1
lbenz FIFAIndex,15,weight,biographical covariate,10500,10500,1.0,1
lbenz FIFAIndex,15,year,other raw field; semantics source-specific/unmapped,10500,10500,1.0,1
lbenz FIFAIndex,16,acceleration,physical speed/agility attribute; source-era meaning needs verification,10499,10499,1.0,1
lbenz FIFAIndex,16,age,biographical covariate,10499,10499,1.0,1
lbenz FIFAIndex,16,aggression,defensive attribute; mapping is approximate,10499,10499,1.0,1
lbenz FIFAIndex,16,agility,physical speed/agility attribute; source-era meaning needs verification,10499,10499,1.0,1
lbenz FIFAIndex,16,att_position,other raw field; semantics source-specific/unmapped,10499,10499,1.0,1
lbenz FIFAIndex,16,balance,other raw field; semantics source-specific/unmapped,10499,10499,1.0,1
lbenz FIFAIndex,16,ball_control,other raw field; semantics source-specific/unmapped,10499,10499,1.0,1
lbenz FIFAIndex,16,birthdate,biographical covariate,10499,10499,1.0,1
lbenz FIFAIndex,16,club,identity / roster metadata,10499,10498,0.999905,1
lbenz FIFAIndex,16,club_kit_number,identity / roster metadata,10499,10498,0.999905,1
lbenz FIFAIndex,16,club_position,position vocabulary / roster label; not formation geometry,10499,10498,0.999905,1
lbenz FIFAIndex,16,composure,other raw field; semantics source-specific/unmapped,10499,0,0.0,1
lbenz FIFAIndex,16,contract_length,other raw field; semantics source-specific/unmapped,10499,10498,0.999905,1
lbenz FIFAIndex,16,country_kit_number,other raw field; semantics source-specific/unmapped,10499,1012,0.09639,1
lbenz FIFAIndex,16,country_position,position vocabulary / roster label; not formation geometry,10499,1012,0.09639,1
lbenz FIFAIndex,16,creativity,passing/creation attribute; mapping is approximate,10499,0,0.0,1
lbenz FIFAIndex,16,crossing,passing/creation attribute; mapping is approximate,10499,10499,1.0,1
lbenz FIFAIndex,16,curve,passing/creation attribute; mapping is approximate,10499,10499,1.0,1
lbenz FIFAIndex,16,dribbling,other raw field; semantics source-specific/unmapped,10499,10499,1.0,1
lbenz FIFAIndex,16,finishing,other raw field; semantics source-specific/unmapped,10499,10499,1.0,1
lbenz FIFAIndex,16,free_kick_accuracy,other raw field; semantics source-specific/unmapped,10499,10499,1.0,1
lbenz FIFAIndex,16,gk_diving,goalkeeping attribute,10499,10499,1.0,1
lbenz FIFAIndex,16,gk_handling,goalkeeping attribute,10499,10499,1.0,1
lbenz FIFAIndex,16,gk_kicking,goalkeeping attribute,10499,10499,1.0,1
lbenz FIFAIndex,16,gk_positioning,goalkeeping attribute,10499,10499,1.0,1
lbenz FIFAIndex,16,gk_reflexes,goalkeeping attribute,10499,10499,1.0,1
lbenz FIFAIndex,16,gk_rushing,goalkeeping attribute,10499,0,0.0,1
lbenz FIFAIndex,16,heading,other raw field; semantics source-specific/unmapped,10499,10499,1.0,1
lbenz FIFAIndex,16,headshot_url,other raw field; semantics source-specific/unmapped,10499,10499,1.0,1
lbenz FIFAIndex,16,height,biographical covariate,10499,10499,1.0,1
lbenz FIFAIndex,16,interceptions,defensive attribute; mapping is approximate,10499,10499,1.0,1
lbenz FIFAIndex,16,joined_club,identity / roster metadata,10499,10486,0.998762,1
lbenz FIFAIndex,16,jumping,other raw field; semantics source-specific/unmapped,10499,10499,1.0,1
lbenz FIFAIndex,16,loaned_from,other raw field; semantics source-specific/unmapped,10499,332,0.031622,1
lbenz FIFAIndex,16,long_pass,passing/creation attribute; mapping is approximate,10499,10499,1.0,1
lbenz FIFAIndex,16,long_shots,other raw field; semantics source-specific/unmapped,10499,10499,1.0,1
lbenz FIFAIndex,16,marking,defensive attribute; mapping is approximate,10499,10499,1.0,1
lbenz FIFAIndex,16,name,identity / roster metadata,10499,10499,1.0,1
lbenz FIFAIndex,16,nationality,identity / roster metadata,10499,10499,1.0,1
lbenz FIFAIndex,16,page_url,other raw field; semantics source-specific/unmapped,10499,10499,1.0,1
lbenz FIFAIndex,16,penalties,other raw field; semantics source-specific/unmapped,10499,10499,1.0,1
lbenz FIFAIndex,16,player_id,identity / roster metadata,10499,10499,1.0,1
lbenz FIFAIndex,16,player_work_rate_def,other raw field; semantics source-specific/unmapped,10499,10499,1.0,1
lbenz FIFAIndex,16,player_work_rate_off,other raw field; semantics source-specific/unmapped,10499,10499,1.0,1
lbenz FIFAIndex,16,preferred_foot,other raw field; semantics source-specific/unmapped,10499,10499,1.0,1
lbenz FIFAIndex,16,preferred_positions,position vocabulary / roster label; not formation geometry,10499,10499,1.0,1
lbenz FIFAIndex,16,rating,overall rating; labels differ by publisher/source,10499,10499,1.0,1
lbenz FIFAIndex,16,reactions,other raw field; semantics source-specific/unmapped,10499,10499,1.0,1
lbenz FIFAIndex,16,season,other raw field; semantics source-specific/unmapped,10499,10499,1.0,1
lbenz FIFAIndex,16,short_pass,passing/creation attribute; mapping is approximate,10499,10499,1.0,1
lbenz FIFAIndex,16,shot_accuracy,other raw field; semantics source-specific/unmapped,10499,0,0.0,1
lbenz FIFAIndex,16,shot_power,other raw field; semantics source-specific/unmapped,10499,10499,1.0,1
lbenz FIFAIndex,16,skill_moves,other raw field; semantics source-specific/unmapped,10499,10499,1.0,1
lbenz FIFAIndex,16,slide_tackle,defensive attribute; mapping is approximate,10499,10499,1.0,1
lbenz FIFAIndex,16,sprint_speed,physical speed/agility attribute; source-era meaning needs verification,10499,10499,1.0,1
lbenz FIFAIndex,16,stamina,other raw field; semantics source-specific/unmapped,10499,10499,1.0,1
lbenz FIFAIndex,16,stand_tackle,defensive attribute; mapping is approximate,10499,10499,1.0,1
lbenz FIFAIndex,16,strength,other raw field; semantics source-specific/unmapped,10499,10499,1.0,1
lbenz FIFAIndex,16,value,other raw field; semantics source-specific/unmapped,10499,10299,0.980951,1
lbenz FIFAIndex,16,vision,passing/creation attribute; mapping is approximate,10499,10499,1.0,1
lbenz FIFAIndex,16,wage,other raw field; semantics source-specific/unmapped,10499,10299,0.980951,1
lbenz FIFAIndex,16,weak_foot,other raw field; semantics source-specific/unmapped,10499,10499,1.0,1
lbenz FIFAIndex,16,weight,biographical covariate,10499,10499,1.0,1
lbenz FIFAIndex,16,year,other raw field; semantics source-specific/unmapped,10499,10499,1.0,1
lbenz FIFAIndex,17,acceleration,physical speed/agility attribute; source-era meaning needs verification,10500,10500,1.0,1
lbenz FIFAIndex,17,age,biographical covariate,10500,10500,1.0,1
lbenz FIFAIndex,17,aggression,defensive attribute; mapping is approximate,10500,10500,1.0,1
lbenz FIFAIndex,17,agility,physical speed/agility attribute; source-era meaning needs verification,10500,10500,1.0,1
lbenz FIFAIndex,17,att_position,other raw field; semantics source-specific/unmapped,10500,10500,1.0,1
lbenz FIFAIndex,17,balance,other raw field; semantics source-specific/unmapped,10500,10500,1.0,1
lbenz FIFAIndex,17,ball_control,other raw field; semantics source-specific/unmapped,10500,10500,1.0,1
lbenz FIFAIndex,17,birthdate,biographical covariate,10500,10500,1.0,1
lbenz FIFAIndex,17,club,identity / roster metadata,10500,10498,0.99981,1
lbenz FIFAIndex,17,club_kit_number,identity / roster metadata,10500,10498,0.99981,1
lbenz FIFAIndex,17,club_position,position vocabulary / roster label; not formation geometry,10500,10498,0.99981,1
lbenz FIFAIndex,17,composure,other raw field; semantics source-specific/unmapped,10500,10500,1.0,1
lbenz FIFAIndex,17,contract_length,other raw field; semantics source-specific/unmapped,10500,10498,0.99981,1
lbenz FIFAIndex,17,country_kit_number,other raw field; semantics source-specific/unmapped,10500,986,0.093905,1
lbenz FIFAIndex,17,country_position,position vocabulary / roster label; not formation geometry,10500,986,0.093905,1
lbenz FIFAIndex,17,creativity,passing/creation attribute; mapping is approximate,10500,0,0.0,1
lbenz FIFAIndex,17,crossing,passing/creation attribute; mapping is approximate,10500,10500,1.0,1
lbenz FIFAIndex,17,curve,passing/creation attribute; mapping is approximate,10500,10500,1.0,1
lbenz FIFAIndex,17,dribbling,other raw field; semantics source-specific/unmapped,10500,10500,1.0,1
lbenz FIFAIndex,17,finishing,other raw field; semantics source-specific/unmapped,10500,10500,1.0,1
lbenz FIFAIndex,17,free_kick_accuracy,other raw field; semantics source-specific/unmapped,10500,10500,1.0,1
lbenz FIFAIndex,17,gk_diving,goalkeeping attribute,10500,10500,1.0,1
lbenz FIFAIndex,17,gk_handling,goalkeeping attribute,10500,10500,1.0,1
lbenz FIFAIndex,17,gk_kicking,goalkeeping attribute,10500,10500,1.0,1
lbenz FIFAIndex,17,gk_positioning,goalkeeping attribute,10500,10500,1.0,1
lbenz FIFAIndex,17,gk_reflexes,goalkeeping attribute,10500,10500,1.0,1
lbenz FIFAIndex,17,gk_rushing,goalkeeping attribute,10500,0,0.0,1
lbenz FIFAIndex,17,heading,other raw field; semantics source-specific/unmapped,10500,10500,1.0,1
lbenz FIFAIndex,17,headshot_url,other raw field; semantics source-specific/unmapped,10500,10500,1.0,1
lbenz FIFAIndex,17,height,biographical covariate,10500,10500,1.0,1
lbenz FIFAIndex,17,interceptions,defensive attribute; mapping is approximate,10500,10500,1.0,1
lbenz FIFAIndex,17,joined_club,identity / roster metadata,10500,10472,0.997333,1
lbenz FIFAIndex,17,jumping,other raw field; semantics source-specific/unmapped,10500,10500,1.0,1
lbenz FIFAIndex,17,loaned_from,other raw field; semantics source-specific/unmapped,10500,962,0.091619,1
lbenz FIFAIndex,17,long_pass,passing/creation attribute; mapping is approximate,10500,10500,1.0,1
lbenz FIFAIndex,17,long_shots,other raw field; semantics source-specific/unmapped,10500,10500,1.0,1
lbenz FIFAIndex,17,marking,defensive attribute; mapping is approximate,10500,10500,1.0,1
lbenz FIFAIndex,17,name,identity / roster metadata,10500,10500,1.0,1
lbenz FIFAIndex,17,nationality,identity / roster metadata,10500,10500,1.0,1
lbenz FIFAIndex,17,page_url,other raw field; semantics source-specific/unmapped,10500,10500,1.0,1
lbenz FIFAIndex,17,penalties,other raw field; semantics source-specific/unmapped,10500,10500,1.0,1
lbenz FIFAIndex,17,player_id,identity / roster metadata,10500,10500,1.0,1
lbenz FIFAIndex,17,player_work_rate_def,other raw field; semantics source-specific/unmapped,10500,10500,1.0,1
lbenz FIFAIndex,17,player_work_rate_off,other raw field; semantics source-specific/unmapped,10500,10500,1.0,1
lbenz FIFAIndex,17,preferred_foot,other raw field; semantics source-specific/unmapped,10500,10500,1.0,1
lbenz FIFAIndex,17,preferred_positions,position vocabulary / roster label; not formation geometry,10500,10500,1.0,1
lbenz FIFAIndex,17,rating,overall rating; labels differ by publisher/source,10500,10500,1.0,1
lbenz FIFAIndex,17,reactions,other raw field; semantics source-specific/unmapped,10500,10500,1.0,1
lbenz FIFAIndex,17,season,other raw field; semantics source-specific/unmapped,10500,10500,1.0,1
lbenz FIFAIndex,17,short_pass,passing/creation attribute; mapping is approximate,10500,10500,1.0,1
lbenz FIFAIndex,17,shot_accuracy,other raw field; semantics source-specific/unmapped,10500,0,0.0,1
lbenz FIFAIndex,17,shot_power,other raw field; semantics source-specific/unmapped,10500,10500,1.0,1
lbenz FIFAIndex,17,skill_moves,other raw field; semantics source-specific/unmapped,10500,10500,1.0,1
lbenz FIFAIndex,17,slide_tackle,defensive attribute; mapping is approximate,10500,10500,1.0,1
lbenz FIFAIndex,17,sprint_speed,physical speed/agility attribute; source-era meaning needs verification,10500,10500,1.0,1
lbenz FIFAIndex,17,stamina,other raw field; semantics source-specific/unmapped,10500,10500,1.0,1
lbenz FIFAIndex,17,stand_tackle,defensive attribute; mapping is approximate,10500,10500,1.0,1
lbenz FIFAIndex,17,strength,other raw field; semantics source-specific/unmapped,10500,10500,1.0,1
lbenz FIFAIndex,17,value,other raw field; semantics source-specific/unmapped,10500,10339,0.984667,1
lbenz FIFAIndex,17,vision,passing/creation attribute; mapping is approximate,10500,10500,1.0,1
lbenz FIFAIndex,17,wage,other raw field; semantics source-specific/unmapped,10500,10339,0.984667,1
lbenz FIFAIndex,17,weak_foot,other raw field; semantics source-specific/unmapped,10500,10500,1.0,1
lbenz FIFAIndex,17,weight,biographical covariate,10500,10500,1.0,1
lbenz FIFAIndex,17,year,other raw field; semantics source-specific/unmapped,10500,10500,1.0,1
lbenz FIFAIndex,18,acceleration,physical speed/agility attribute; source-era meaning needs verification,10500,10500,1.0,1
lbenz FIFAIndex,18,age,biographical covariate,10500,10500,1.0,1
lbenz FIFAIndex,18,aggression,defensive attribute; mapping is approximate,10500,10500,1.0,1
lbenz FIFAIndex,18,agility,physical speed/agility attribute; source-era meaning needs verification,10500,10500,1.0,1
lbenz FIFAIndex,18,att_position,other raw field; semantics source-specific/unmapped,10500,10500,1.0,1
lbenz FIFAIndex,18,balance,other raw field; semantics source-specific/unmapped,10500,10500,1.0,1
lbenz FIFAIndex,18,ball_control,other raw field; semantics source-specific/unmapped,10500,10500,1.0,1
lbenz FIFAIndex,18,birthdate,biographical covariate,10500,10500,1.0,1
lbenz FIFAIndex,18,club,identity / roster metadata,10500,10498,0.99981,1
lbenz FIFAIndex,18,club_kit_number,identity / roster metadata,10500,10498,0.99981,1
lbenz FIFAIndex,18,club_position,position vocabulary / roster label; not formation geometry,10500,10498,0.99981,1
lbenz FIFAIndex,18,composure,other raw field; semantics source-specific/unmapped,10500,10500,1.0,1
lbenz FIFAIndex,18,contract_length,other raw field; semantics source-specific/unmapped,10500,10498,0.99981,1
lbenz FIFAIndex,18,country_kit_number,other raw field; semantics source-specific/unmapped,10500,1062,0.101143,1
lbenz FIFAIndex,18,country_position,position vocabulary / roster label; not formation geometry,10500,1062,0.101143,1
lbenz FIFAIndex,18,creativity,passing/creation attribute; mapping is approximate,10500,0,0.0,1
lbenz FIFAIndex,18,crossing,passing/creation attribute; mapping is approximate,10500,10500,1.0,1
lbenz FIFAIndex,18,curve,passing/creation attribute; mapping is approximate,10500,10500,1.0,1
lbenz FIFAIndex,18,dribbling,other raw field; semantics source-specific/unmapped,10500,10500,1.0,1
lbenz FIFAIndex,18,finishing,other raw field; semantics source-specific/unmapped,10500,10500,1.0,1
lbenz FIFAIndex,18,free_kick_accuracy,other raw field; semantics source-specific/unmapped,10500,10500,1.0,1
lbenz FIFAIndex,18,gk_diving,goalkeeping attribute,10500,10500,1.0,1
lbenz FIFAIndex,18,gk_handling,goalkeeping attribute,10500,10500,1.0,1
lbenz FIFAIndex,18,gk_kicking,goalkeeping attribute,10500,10500,1.0,1
lbenz FIFAIndex,18,gk_positioning,goalkeeping attribute,10500,10500,1.0,1
lbenz FIFAIndex,18,gk_reflexes,goalkeeping attribute,10500,10500,1.0,1
lbenz FIFAIndex,18,gk_rushing,goalkeeping attribute,10500,0,0.0,1
lbenz FIFAIndex,18,heading,other raw field; semantics source-specific/unmapped,10500,10500,1.0,1
lbenz FIFAIndex,18,headshot_url,other raw field; semantics source-specific/unmapped,10500,10500,1.0,1
lbenz FIFAIndex,18,height,biographical covariate,10500,10500,1.0,1
lbenz FIFAIndex,18,interceptions,defensive attribute; mapping is approximate,10500,10500,1.0,1
lbenz FIFAIndex,18,joined_club,identity / roster metadata,10500,10473,0.997429,1
lbenz FIFAIndex,18,jumping,other raw field; semantics source-specific/unmapped,10500,10500,1.0,1
lbenz FIFAIndex,18,loaned_from,other raw field; semantics source-specific/unmapped,10500,1058,0.100762,1
lbenz FIFAIndex,18,long_pass,passing/creation attribute; mapping is approximate,10500,10500,1.0,1
lbenz FIFAIndex,18,long_shots,other raw field; semantics source-specific/unmapped,10500,10500,1.0,1
lbenz FIFAIndex,18,marking,defensive attribute; mapping is approximate,10500,10500,1.0,1
lbenz FIFAIndex,18,name,identity / roster metadata,10500,10500,1.0,1
lbenz FIFAIndex,18,nationality,identity / roster metadata,10500,10500,1.0,1
lbenz FIFAIndex,18,page_url,other raw field; semantics source-specific/unmapped,10500,10500,1.0,1
lbenz FIFAIndex,18,penalties,other raw field; semantics source-specific/unmapped,10500,10500,1.0,1
lbenz FIFAIndex,18,player_id,identity / roster metadata,10500,10500,1.0,1
lbenz FIFAIndex,18,player_work_rate_def,other raw field; semantics source-specific/unmapped,10500,10500,1.0,1
lbenz FIFAIndex,18,player_work_rate_off,other raw field; semantics source-specific/unmapped,10500,10500,1.0,1
lbenz FIFAIndex,18,preferred_foot,other raw field; semantics source-specific/unmapped,10500,10500,1.0,1
lbenz FIFAIndex,18,preferred_positions,position vocabulary / roster label; not formation geometry,10500,10500,1.0,1
lbenz FIFAIndex,18,rating,overall rating; labels differ by publisher/source,10500,10500,1.0,1
lbenz FIFAIndex,18,reactions,other raw field; semantics source-specific/unmapped,10500,10500,1.0,1
lbenz FIFAIndex,18,season,other raw field; semantics source-specific/unmapped,10500,10500,1.0,1
lbenz FIFAIndex,18,short_pass,passing/creation attribute; mapping is approximate,10500,10500,1.0,1
lbenz FIFAIndex,18,shot_accuracy,other raw field; semantics source-specific/unmapped,10500,0,0.0,1
lbenz FIFAIndex,18,shot_power,other raw field; semantics source-specific/unmapped,10500,10500,1.0,1
lbenz FIFAIndex,18,skill_moves,other raw field; semantics source-specific/unmapped,10500,10500,1.0,1
lbenz FIFAIndex,18,slide_tackle,defensive attribute; mapping is approximate,10500,10500,1.0,1
lbenz FIFAIndex,18,sprint_speed,physical speed/agility attribute; source-era meaning needs verification,10500,10500,1.0,1
lbenz FIFAIndex,18,stamina,other raw field; semantics source-specific/unmapped,10500,10500,1.0,1
lbenz FIFAIndex,18,stand_tackle,defensive attribute; mapping is approximate,10500,10500,1.0,1
lbenz FIFAIndex,18,strength,other raw field; semantics source-specific/unmapped,10500,10500,1.0,1
lbenz FIFAIndex,18,value,other raw field; semantics source-specific/unmapped,10500,10322,0.983048,1
lbenz FIFAIndex,18,vision,passing/creation attribute; mapping is approximate,10500,10500,1.0,1
lbenz FIFAIndex,18,wage,other raw field; semantics source-specific/unmapped,10500,10322,0.983048,1
lbenz FIFAIndex,18,weak_foot,other raw field; semantics source-specific/unmapped,10500,10500,1.0,1
lbenz FIFAIndex,18,weight,biographical covariate,10500,10500,1.0,1
lbenz FIFAIndex,18,year,other raw field; semantics source-specific/unmapped,10500,10500,1.0,1
lbenz FIFAIndex,19,acceleration,physical speed/agility attribute; source-era meaning needs verification,10500,10500,1.0,1
lbenz FIFAIndex,19,age,biographical covariate,10500,10500,1.0,1
lbenz FIFAIndex,19,aggression,defensive attribute; mapping is approximate,10500,10500,1.0,1
lbenz FIFAIndex,19,agility,physical speed/agility attribute; source-era meaning needs verification,10500,10500,1.0,1
lbenz FIFAIndex,19,att_position,other raw field; semantics source-specific/unmapped,10500,10500,1.0,1
lbenz FIFAIndex,19,balance,other raw field; semantics source-specific/unmapped,10500,10500,1.0,1
lbenz FIFAIndex,19,ball_control,other raw field; semantics source-specific/unmapped,10500,10500,1.0,1
lbenz FIFAIndex,19,birthdate,biographical covariate,10500,10500,1.0,1
lbenz FIFAIndex,19,club,identity / roster metadata,10500,10500,1.0,1
lbenz FIFAIndex,19,club_kit_number,identity / roster metadata,10500,10500,1.0,1
lbenz FIFAIndex,19,club_position,position vocabulary / roster label; not formation geometry,10500,10500,1.0,1
lbenz FIFAIndex,19,composure,other raw field; semantics source-specific/unmapped,10500,10500,1.0,1
lbenz FIFAIndex,19,contract_length,other raw field; semantics source-specific/unmapped,10500,10500,1.0,1
lbenz FIFAIndex,19,country_kit_number,other raw field; semantics source-specific/unmapped,10500,1027,0.09781,1
lbenz FIFAIndex,19,country_position,position vocabulary / roster label; not formation geometry,10500,1027,0.09781,1
lbenz FIFAIndex,19,creativity,passing/creation attribute; mapping is approximate,10500,0,0.0,1
lbenz FIFAIndex,19,crossing,passing/creation attribute; mapping is approximate,10500,10500,1.0,1
lbenz FIFAIndex,19,curve,passing/creation attribute; mapping is approximate,10500,10500,1.0,1
lbenz FIFAIndex,19,dribbling,other raw field; semantics source-specific/unmapped,10500,10500,1.0,1
lbenz FIFAIndex,19,finishing,other raw field; semantics source-specific/unmapped,10500,10500,1.0,1
lbenz FIFAIndex,19,free_kick_accuracy,other raw field; semantics source-specific/unmapped,10500,10500,1.0,1
lbenz FIFAIndex,19,gk_diving,goalkeeping attribute,10500,10500,1.0,1
lbenz FIFAIndex,19,gk_handling,goalkeeping attribute,10500,10500,1.0,1
lbenz FIFAIndex,19,gk_kicking,goalkeeping attribute,10500,10500,1.0,1
lbenz FIFAIndex,19,gk_positioning,goalkeeping attribute,10500,10500,1.0,1
lbenz FIFAIndex,19,gk_reflexes,goalkeeping attribute,10500,10500,1.0,1
lbenz FIFAIndex,19,gk_rushing,goalkeeping attribute,10500,0,0.0,1
lbenz FIFAIndex,19,heading,other raw field; semantics source-specific/unmapped,10500,10500,1.0,1
lbenz FIFAIndex,19,headshot_url,other raw field; semantics source-specific/unmapped,10500,10500,1.0,1
lbenz FIFAIndex,19,height,biographical covariate,10500,10500,1.0,1
lbenz FIFAIndex,19,interceptions,defensive attribute; mapping is approximate,10500,10500,1.0,1
lbenz FIFAIndex,19,joined_club,identity / roster metadata,10500,10482,0.998286,1
lbenz FIFAIndex,19,jumping,other raw field; semantics source-specific/unmapped,10500,10500,1.0,1
lbenz FIFAIndex,19,loaned_from,other raw field; semantics source-specific/unmapped,10500,1117,0.106381,1
lbenz FIFAIndex,19,long_pass,passing/creation attribute; mapping is approximate,10500,10500,1.0,1
lbenz FIFAIndex,19,long_shots,other raw field; semantics source-specific/unmapped,10500,10500,1.0,1
lbenz FIFAIndex,19,marking,defensive attribute; mapping is approximate,10500,10500,1.0,1
lbenz FIFAIndex,19,name,identity / roster metadata,10500,10500,1.0,1
lbenz FIFAIndex,19,nationality,identity / roster metadata,10500,10500,1.0,1
lbenz FIFAIndex,19,page_url,other raw field; semantics source-specific/unmapped,10500,10500,1.0,1
lbenz FIFAIndex,19,penalties,other raw field; semantics source-specific/unmapped,10500,10500,1.0,1
lbenz FIFAIndex,19,player_id,identity / roster metadata,10500,10500,1.0,1
lbenz FIFAIndex,19,player_work_rate_def,other raw field; semantics source-specific/unmapped,10500,10500,1.0,1
lbenz FIFAIndex,19,player_work_rate_off,other raw field; semantics source-specific/unmapped,10500,10500,1.0,1
lbenz FIFAIndex,19,preferred_foot,other raw field; semantics source-specific/unmapped,10500,10500,1.0,1
lbenz FIFAIndex,19,preferred_positions,position vocabulary / roster label; not formation geometry,10500,10500,1.0,1
lbenz FIFAIndex,19,rating,overall rating; labels differ by publisher/source,10500,10500,1.0,1
lbenz FIFAIndex,19,reactions,other raw field; semantics source-specific/unmapped,10500,10500,1.0,1
lbenz FIFAIndex,19,season,other raw field; semantics source-specific/unmapped,10500,10500,1.0,1
lbenz FIFAIndex,19,short_pass,passing/creation attribute; mapping is approximate,10500,10500,1.0,1
lbenz FIFAIndex,19,shot_accuracy,other raw field; semantics source-specific/unmapped,10500,0,0.0,1
lbenz FIFAIndex,19,shot_power,other raw field; semantics source-specific/unmapped,10500,10500,1.0,1
lbenz FIFAIndex,19,skill_moves,other raw field; semantics source-specific/unmapped,10500,10500,1.0,1
lbenz FIFAIndex,19,slide_tackle,defensive attribute; mapping is approximate,10500,10500,1.0,1
lbenz FIFAIndex,19,sprint_speed,physical speed/agility attribute; source-era meaning needs verification,10500,10500,1.0,1
lbenz FIFAIndex,19,stamina,other raw field; semantics source-specific/unmapped,10500,10500,1.0,1
lbenz FIFAIndex,19,stand_tackle,defensive attribute; mapping is approximate,10500,10500,1.0,1
lbenz FIFAIndex,19,strength,other raw field; semantics source-specific/unmapped,10500,10500,1.0,1
lbenz FIFAIndex,19,value,other raw field; semantics source-specific/unmapped,10500,10330,0.98381,1
lbenz FIFAIndex,19,vision,passing/creation attribute; mapping is approximate,10500,10500,1.0,1
lbenz FIFAIndex,19,wage,other raw field; semantics source-specific/unmapped,10500,10330,0.98381,1
lbenz FIFAIndex,19,weak_foot,other raw field; semantics source-specific/unmapped,10500,10500,1.0,1
lbenz FIFAIndex,19,weight,biographical covariate,10500,10500,1.0,1
lbenz FIFAIndex,19,year,other raw field; semantics source-specific/unmapped,10500,10500,1.0,1
lbenz FIFAIndex,20,acceleration,physical speed/agility attribute; source-era meaning needs verification,10500,10500,1.0,1
lbenz FIFAIndex,20,age,biographical covariate,10500,10500,1.0,1
lbenz FIFAIndex,20,aggression,defensive attribute; mapping is approximate,10500,10500,1.0,1
lbenz FIFAIndex,20,agility,physical speed/agility attribute; source-era meaning needs verification,10500,10500,1.0,1
lbenz FIFAIndex,20,att_position,other raw field; semantics source-specific/unmapped,10500,10500,1.0,1
lbenz FIFAIndex,20,balance,other raw field; semantics source-specific/unmapped,10500,10500,1.0,1
lbenz FIFAIndex,20,ball_control,other raw field; semantics source-specific/unmapped,10500,10500,1.0,1
lbenz FIFAIndex,20,birthdate,biographical covariate,10500,10500,1.0,1
lbenz FIFAIndex,20,club,identity / roster metadata,10500,10497,0.999714,1
lbenz FIFAIndex,20,club_kit_number,identity / roster metadata,10500,10497,0.999714,1
lbenz FIFAIndex,20,club_position,position vocabulary / roster label; not formation geometry,10500,10497,0.999714,1
lbenz FIFAIndex,20,composure,other raw field; semantics source-specific/unmapped,10500,10500,1.0,1
lbenz FIFAIndex,20,contract_length,other raw field; semantics source-specific/unmapped,10500,10497,0.999714,1
lbenz FIFAIndex,20,country_kit_number,other raw field; semantics source-specific/unmapped,10500,1032,0.098286,1
lbenz FIFAIndex,20,country_position,position vocabulary / roster label; not formation geometry,10500,1032,0.098286,1
lbenz FIFAIndex,20,creativity,passing/creation attribute; mapping is approximate,10500,0,0.0,1
lbenz FIFAIndex,20,crossing,passing/creation attribute; mapping is approximate,10500,10500,1.0,1
lbenz FIFAIndex,20,curve,passing/creation attribute; mapping is approximate,10500,10500,1.0,1
lbenz FIFAIndex,20,dribbling,other raw field; semantics source-specific/unmapped,10500,10500,1.0,1
lbenz FIFAIndex,20,finishing,other raw field; semantics source-specific/unmapped,10500,10500,1.0,1
lbenz FIFAIndex,20,free_kick_accuracy,other raw field; semantics source-specific/unmapped,10500,10500,1.0,1
lbenz FIFAIndex,20,gk_diving,goalkeeping attribute,10500,10500,1.0,1
lbenz FIFAIndex,20,gk_handling,goalkeeping attribute,10500,10500,1.0,1
lbenz FIFAIndex,20,gk_kicking,goalkeeping attribute,10500,10500,1.0,1
lbenz FIFAIndex,20,gk_positioning,goalkeeping attribute,10500,10500,1.0,1
lbenz FIFAIndex,20,gk_reflexes,goalkeeping attribute,10500,10500,1.0,1
lbenz FIFAIndex,20,gk_rushing,goalkeeping attribute,10500,0,0.0,1
lbenz FIFAIndex,20,heading,other raw field; semantics source-specific/unmapped,10500,10500,1.0,1
lbenz FIFAIndex,20,headshot_url,other raw field; semantics source-specific/unmapped,10500,10500,1.0,1
lbenz FIFAIndex,20,height,biographical covariate,10500,10500,1.0,1
lbenz FIFAIndex,20,interceptions,defensive attribute; mapping is approximate,10500,10500,1.0,1
lbenz FIFAIndex,20,joined_club,identity / roster metadata,10500,10484,0.998476,1
lbenz FIFAIndex,20,jumping,other raw field; semantics source-specific/unmapped,10500,10500,1.0,1
lbenz FIFAIndex,20,loaned_from,other raw field; semantics source-specific/unmapped,10500,1096,0.104381,1
lbenz FIFAIndex,20,long_pass,passing/creation attribute; mapping is approximate,10500,10500,1.0,1
lbenz FIFAIndex,20,long_shots,other raw field; semantics source-specific/unmapped,10500,10500,1.0,1
lbenz FIFAIndex,20,marking,defensive attribute; mapping is approximate,10500,10500,1.0,1
lbenz FIFAIndex,20,name,identity / roster metadata,10500,10500,1.0,1
lbenz FIFAIndex,20,nationality,identity / roster metadata,10500,10500,1.0,1
lbenz FIFAIndex,20,page_url,other raw field; semantics source-specific/unmapped,10500,10500,1.0,1
lbenz FIFAIndex,20,penalties,other raw field; semantics source-specific/unmapped,10500,10500,1.0,1
lbenz FIFAIndex,20,player_id,identity / roster metadata,10500,10500,1.0,1
lbenz FIFAIndex,20,player_work_rate_def,other raw field; semantics source-specific/unmapped,10500,10500,1.0,1
lbenz FIFAIndex,20,player_work_rate_off,other raw field; semantics source-specific/unmapped,10500,10500,1.0,1
lbenz FIFAIndex,20,preferred_foot,other raw field; semantics source-specific/unmapped,10500,10500,1.0,1
lbenz FIFAIndex,20,preferred_positions,position vocabulary / roster label; not formation geometry,10500,10500,1.0,1
lbenz FIFAIndex,20,rating,overall rating; labels differ by publisher/source,10500,10500,1.0,1
lbenz FIFAIndex,20,reactions,other raw field; semantics source-specific/unmapped,10500,10500,1.0,1
lbenz FIFAIndex,20,season,other raw field; semantics source-specific/unmapped,10500,10500,1.0,1
lbenz FIFAIndex,20,short_pass,passing/creation attribute; mapping is approximate,10500,10500,1.0,1
lbenz FIFAIndex,20,shot_accuracy,other raw field; semantics source-specific/unmapped,10500,0,0.0,1
lbenz FIFAIndex,20,shot_power,other raw field; semantics source-specific/unmapped,10500,10500,1.0,1
lbenz FIFAIndex,20,skill_moves,other raw field; semantics source-specific/unmapped,10500,10500,1.0,1
lbenz FIFAIndex,20,slide_tackle,defensive attribute; mapping is approximate,10500,10500,1.0,1
lbenz FIFAIndex,20,sprint_speed,physical speed/agility attribute; source-era meaning needs verification,10500,10500,1.0,1
lbenz FIFAIndex,20,stamina,other raw field; semantics source-specific/unmapped,10500,10500,1.0,1
lbenz FIFAIndex,20,stand_tackle,defensive attribute; mapping is approximate,10500,10500,1.0,1
lbenz FIFAIndex,20,strength,other raw field; semantics source-specific/unmapped,10500,10500,1.0,1
lbenz FIFAIndex,20,value,other raw field; semantics source-specific/unmapped,10500,10339,0.984667,1
lbenz FIFAIndex,20,vision,passing/creation attribute; mapping is approximate,10500,10500,1.0,1
lbenz FIFAIndex,20,wage,other raw field; semantics source-specific/unmapped,10500,10339,0.984667,1
lbenz FIFAIndex,20,weak_foot,other raw field; semantics source-specific/unmapped,10500,10500,1.0,1
lbenz FIFAIndex,20,weight,biographical covariate,10500,10500,1.0,1
lbenz FIFAIndex,20,year,other raw field; semantics source-specific/unmapped,10500,10500,1.0,1
