teamSeasonId,club,year,highlight_case,strategy,source,edition,bb_roster_n,matched_n,unmatched_n,rating_mean,rating_std,bb_mean_same_matched,mean_delta_vs_bb,mae_vs_bb,position_code,position_mapping_precision,position_target_classification,notes
ac-milan-2007,AC Milan,2007,True,current_BattleBase_overall,Battle Base,current build-report,9,9,0,84.22222222222223,3.7350525142159134,84.22222222222223,0.0,0.0,,,,Current report values; denominator is all roster rows
ac-milan-2007,AC Milan,2007,True,same_year_raw,Mzafram SoFIFA,FIFA07,9,8,1,84.75,4.02336923485777,84.22222222222223,0.25,0.25,,,,highlight case; same-year or following-edition raw source snapshot
ac-milan-2007,AC Milan,2007,True,same_year_quantile_candidate,Mzafram SoFIFA,FIFA07,9,8,1,84.75886307231121,4.01464441122007,84.22222222222223,0.25886307231121464,0.25886307231121464,,,,Empirical CDF maps source OVR percentile to pooled Mzafram FIFA17-FC24 OVR; exploratory only
ac-milan-2007,AC Milan,2007,True,post_year_raw,Mzafram SoFIFA,FIFA08,9,7,2,85.42857142857143,3.9227229193559943,84.22222222222223,0.42857142857142855,1.5714285714285714,,,,highlight case; same-year or following-edition raw source snapshot
ac-milan-2007,AC Milan,2007,True,same_year_raw,lbenz FIFAIndex,07,9,9,0,84.22222222222223,3.7350525142159134,84.22222222222223,0.0,0.0,,,,highlight case; same-year or following-edition raw source snapshot
ac-milan-2007,AC Milan,2007,True,same_year_quantile_candidate,lbenz FIFAIndex,07,9,9,0,84.23148541732937,3.727097777208311,84.22222222222223,0.009263195107147718,0.009263195107147718,,,,Empirical CDF maps source OVR percentile to pooled Mzafram FIFA17-FC24 OVR; exploratory only
ac-milan-2007,AC Milan,2007,True,post_year_raw,lbenz FIFAIndex,08,9,9,0,84.11111111111111,3.899984172174277,84.22222222222223,-0.1111111111111111,1.2222222222222223,,,,highlight case; same-year or following-edition raw source snapshot
ac-milan-2007,AC Milan,2007,True,possible_position_offset_proposal,unavailable,no retrieved native position labels for this year,9,0,9,,,84.22222222222223,,,,,,"No same-year position target in collected sources; proposal unavailable, no fabricated labels"
ac-milan-2007,AC Milan,2007,True,hybrid_same_year_then_post,"Mzafram SoFIFA,lbenz FIFAIndex",07;FIFA07,9,9,0,84.44444444444444,3.890475866669244,84.22222222222223,0.2222222222222222,0.2222222222222222,,,,highlight case; first matched source per player; same-year before post-year; priority Mzafram > Stefano legacy > lbenz; provenance varies by row
ac-milan-2011,AC Milan,2011,False,current_BattleBase_overall,Battle Base,current build-report,9,9,0,82.44444444444444,2.948110924760355,82.44444444444444,0.0,0.0,,,,Current report values; denominator is all roster rows
ac-milan-2011,AC Milan,2011,False,same_year_raw,Mzafram SoFIFA,FIFA11,9,9,0,81.33333333333333,2.748737083745107,82.44444444444444,-1.1111111111111112,1.1111111111111112,,,,same-year or following-edition raw source snapshot
ac-milan-2011,AC Milan,2011,False,same_year_quantile_candidate,Mzafram SoFIFA,FIFA11,9,9,0,81.35211720380013,2.7328944170029663,82.44444444444444,-1.0923272406443074,1.0923272406443074,,,,Empirical CDF maps source OVR percentile to pooled Mzafram FIFA17-FC24 OVR; exploratory only
ac-milan-2011,AC Milan,2011,False,post_year_raw,Mzafram SoFIFA,FIFA12,9,9,0,83.33333333333333,2.581988897471611,82.44444444444444,0.8888888888888888,1.1111111111111112,,,,same-year or following-edition raw source snapshot
ac-milan-2011,AC Milan,2011,False,same_year_raw,lbenz FIFAIndex,11,9,9,0,80.88888888888889,2.766644355108607,82.44444444444444,-1.5555555555555556,1.5555555555555556,,,,same-year or following-edition raw source snapshot
ac-milan-2011,AC Milan,2011,False,same_year_quantile_candidate,lbenz FIFAIndex,11,9,9,0,80.91026051213137,2.7495619674685177,82.44444444444444,-1.5341839323130746,1.5424019708621524,,,,Empirical CDF maps source OVR percentile to pooled Mzafram FIFA17-FC24 OVR; exploratory only
ac-milan-2011,AC Milan,2011,False,post_year_raw,lbenz FIFAIndex,12,9,9,0,83.33333333333333,2.581988897471611,82.44444444444444,0.8888888888888888,1.1111111111111112,,,,same-year or following-edition raw source snapshot
ac-milan-2011,AC Milan,2011,False,possible_position_offset_proposal,unavailable,no retrieved native position labels for this year,9,0,9,,,82.44444444444444,,,,,,"No same-year position target in collected sources; proposal unavailable, no fabricated labels"
ac-milan-2011,AC Milan,2011,False,hybrid_same_year_then_post,Mzafram SoFIFA,FIFA11,9,9,0,81.33333333333333,2.748737083745107,82.44444444444444,-1.1111111111111112,1.1111111111111112,,,,first matched source per player; same-year before post-year; priority Mzafram > Stefano legacy > lbenz; provenance varies by row
ac-milan-2015,AC Milan,2015,False,current_BattleBase_overall,Battle Base,current build-report,9,9,0,78.77777777777777,1.8121673811444545,78.77777777777777,0.0,0.0,,,,Current report values; denominator is all roster rows
ac-milan-2015,AC Milan,2015,False,same_year_raw,Mzafram SoFIFA,FIFA15,9,9,0,77.77777777777777,1.8121673811444545,78.77777777777777,-1.0,1.0,,,,same-year or following-edition raw source snapshot
ac-milan-2015,AC Milan,2015,False,same_year_quantile_candidate,Mzafram SoFIFA,FIFA15,9,9,0,77.82144810554584,1.7931486326605164,78.77777777777777,-0.9563296722319339,0.9563296722319339,,,,Empirical CDF maps source OVR percentile to pooled Mzafram FIFA17-FC24 OVR; exploratory only
ac-milan-2015,AC Milan,2015,False,post_year_raw,Mzafram SoFIFA,FIFA16,9,9,0,78.11111111111111,1.5947444549341472,78.77777777777777,-0.6666666666666666,1.7777777777777777,,,,same-year or following-edition raw source snapshot
ac-milan-2015,AC Milan,2015,False,same_year_raw,Stefano legacy,15,9,9,0,78.88888888888889,2.6434171674156266,78.77777777777777,0.1111111111111111,1.0,,,,same-year or following-edition raw source snapshot
ac-milan-2015,AC Milan,2015,False,same_year_quantile_candidate,Stefano legacy,15,9,9,0,78.92573827513196,2.6170810763555856,78.77777777777777,0.14796049735418315,0.9942508771879753,,,,Empirical CDF maps source OVR percentile to pooled Mzafram FIFA17-FC24 OVR; exploratory only
ac-milan-2015,AC Milan,2015,False,possible_position_offset_proposal,Stefano legacy,15,9,9,0,76.55555555555556,2.499382639822665,78.77777777777777,-2.2222222222222223,2.2222222222222223,gk,ambiguous_multiple_positions=2;coarse_proxy=6;exact_native_code=1,source_observed_target_with_rowwise_mapping_precision,"BB OVR + (source position base target - source OVR); modifiers excluded; proposal only. Coarse/ambiguous BB classes are representative proxies, not source-precise native-position alignment."
ac-milan-2015,AC Milan,2015,False,post_year_raw,Stefano legacy,16,9,9,0,79.44444444444444,1.7069212773041351,78.77777777777777,0.6666666666666666,0.8888888888888888,,,,same-year or following-edition raw source snapshot
ac-milan-2015,AC Milan,2015,False,same_year_raw,lbenz FIFAIndex,15,9,9,0,77.77777777777777,1.8121673811444545,78.77777777777777,-1.0,1.0,,,,same-year or following-edition raw source snapshot
ac-milan-2015,AC Milan,2015,False,same_year_quantile_candidate,lbenz FIFAIndex,15,9,9,0,77.82144810554584,1.7931486326605164,78.77777777777777,-0.9563296722319339,0.9563296722319339,,,,Empirical CDF maps source OVR percentile to pooled Mzafram FIFA17-FC24 OVR; exploratory only
ac-milan-2015,AC Milan,2015,False,post_year_raw,lbenz FIFAIndex,16,9,9,0,78.11111111111111,1.5947444549341472,78.77777777777777,-0.6666666666666666,1.7777777777777777,,,,same-year or following-edition raw source snapshot
ac-milan-2015,AC Milan,2015,False,hybrid_same_year_then_post,Mzafram SoFIFA,FIFA15,9,9,0,77.77777777777777,1.8121673811444545,78.77777777777777,-1.0,1.0,,,,first matched source per player; same-year before post-year; priority Mzafram > Stefano legacy > lbenz; provenance varies by row
ac-milan-2022,AC Milan,2022,False,current_BattleBase_overall,Battle Base,current build-report,9,9,0,81.77777777777777,2.739739556875101,81.77777777777777,0.0,0.0,,,,Current report values; denominator is all roster rows
ac-milan-2022,AC Milan,2022,False,same_year_raw,Mzafram SoFIFA,FIFA22,9,9,0,81.77777777777777,2.739739556875101,81.77777777777777,0.0,0.0,,,,same-year or following-edition raw source snapshot
ac-milan-2022,AC Milan,2022,False,same_year_quantile_candidate,Mzafram SoFIFA,FIFA22,9,9,0,81.7953961310947,2.718397346316739,81.77777777777777,0.017618353316922568,0.017618353316922568,,,,Empirical CDF maps source OVR percentile to pooled Mzafram FIFA17-FC24 OVR; exploratory only
ac-milan-2022,AC Milan,2022,False,post_year_raw,Mzafram SoFIFA,FIFA23,9,9,0,83.66666666666667,1.9999999999999998,81.77777777777777,1.8888888888888888,1.8888888888888888,,,,same-year or following-edition raw source snapshot
ac-milan-2022,AC Milan,2022,False,same_year_raw,Stefano legacy,22,9,9,0,79.22222222222223,4.516089207311461,81.77777777777777,-2.5555555555555554,2.5555555555555554,,,,same-year or following-edition raw source snapshot
ac-milan-2022,AC Milan,2022,False,same_year_quantile_candidate,Stefano legacy,22,9,9,0,79.27682251078659,4.437363886467552,81.77777777777777,-2.5009552669911903,2.503271065765552,,,,Empirical CDF maps source OVR percentile to pooled Mzafram FIFA17-FC24 OVR; exploratory only
ac-milan-2022,AC Milan,2022,False,possible_position_offset_proposal,Stefano legacy,22,9,9,0,79.22222222222223,3.4889596595794625,81.77777777777777,-2.5555555555555554,2.5555555555555554,gk,ambiguous_multiple_positions=1;coarse_proxy=7;exact_native_code=1,source_observed_target_with_rowwise_mapping_precision,"BB OVR + (source position base target - source OVR); modifiers excluded; proposal only. Coarse/ambiguous BB classes are representative proxies, not source-precise native-position alignment."
ac-milan-2022,AC Milan,2022,False,post_year_raw,Stefano legacy,23,9,9,0,83.33333333333333,2.357022603955158,81.77777777777777,1.5555555555555556,1.5555555555555556,,,,same-year or following-edition raw source snapshot
ac-milan-2022,AC Milan,2022,False,hybrid_same_year_then_post,Mzafram SoFIFA,FIFA22,9,9,0,81.77777777777777,2.739739556875101,81.77777777777777,0.0,0.0,,,,first matched source per player; same-year before post-year; priority Mzafram > Stefano legacy > lbenz; provenance varies by row
ajax-2019,Ajax,2019,False,current_BattleBase_overall,Battle Base,current build-report,9,9,0,82.55555555555556,2.1140330656044943,82.55555555555556,0.0,0.0,,,,Current report values; denominator is all roster rows
ajax-2019,Ajax,2019,False,same_year_raw,Mzafram SoFIFA,FIFA19,9,9,0,82.55555555555556,2.1140330656044943,82.55555555555556,0.0,0.0,,,,same-year or following-edition raw source snapshot
ajax-2019,Ajax,2019,False,same_year_quantile_candidate,Mzafram SoFIFA,FIFA19,9,9,0,82.5671139814852,2.1045005667049788,82.55555555555556,0.011558425929656045,0.011558425929656045,,,,Empirical CDF maps source OVR percentile to pooled Mzafram FIFA17-FC24 OVR; exploratory only
ajax-2019,Ajax,2019,False,post_year_raw,Mzafram SoFIFA,FIFA20,9,9,0,83.33333333333333,2.8674417556808756,82.55555555555556,0.7777777777777778,1.4444444444444444,,,,same-year or following-edition raw source snapshot
ajax-2019,Ajax,2019,False,same_year_raw,Stefano legacy,19,9,9,0,78.55555555555556,1.8921540406584891,82.55555555555556,-4.0,4.0,,,,same-year or following-edition raw source snapshot
ajax-2019,Ajax,2019,False,same_year_quantile_candidate,Stefano legacy,19,9,9,0,78.59124399530508,1.8748648516477193,82.55555555555556,-3.9643115602504824,3.9643115602504824,,,,Empirical CDF maps source OVR percentile to pooled Mzafram FIFA17-FC24 OVR; exploratory only
ajax-2019,Ajax,2019,False,possible_position_offset_proposal,Stefano legacy,19,9,9,0,80.77777777777777,2.657391276244755,82.55555555555556,-1.7777777777777777,1.7777777777777777,gk,ambiguous_multiple_positions=3;coarse_proxy=5;exact_native_code=1,source_observed_target_with_rowwise_mapping_precision,"BB OVR + (source position base target - source OVR); modifiers excluded; proposal only. Coarse/ambiguous BB classes are representative proxies, not source-precise native-position alignment."
ajax-2019,Ajax,2019,False,post_year_raw,Stefano legacy,20,9,9,0,82.66666666666667,2.449489742783178,82.55555555555556,0.1111111111111111,0.3333333333333333,,,,same-year or following-edition raw source snapshot
ajax-2019,Ajax,2019,False,same_year_raw,lbenz FIFAIndex,19,9,9,0,82.55555555555556,2.1140330656044943,82.55555555555556,0.0,0.0,,,,same-year or following-edition raw source snapshot
ajax-2019,Ajax,2019,False,same_year_quantile_candidate,lbenz FIFAIndex,19,9,9,0,82.5671139814852,2.1045005667049788,82.55555555555556,0.011558425929656045,0.011558425929656045,,,,Empirical CDF maps source OVR percentile to pooled Mzafram FIFA17-FC24 OVR; exploratory only
ajax-2019,Ajax,2019,False,post_year_raw,lbenz FIFAIndex,20,9,9,0,83.33333333333333,2.8674417556808756,82.55555555555556,0.7777777777777778,1.4444444444444444,,,,same-year or following-edition raw source snapshot
ajax-2019,Ajax,2019,False,hybrid_same_year_then_post,Mzafram SoFIFA,FIFA19,9,9,0,82.55555555555556,2.1140330656044943,82.55555555555556,0.0,0.0,,,,first matched source per player; same-year before post-year; priority Mzafram > Stefano legacy > lbenz; provenance varies by row
arsenal-2004,Arsenal,2004,False,current_BattleBase_overall,Battle Base,current build-report,9,9,0,89.88888888888889,3.1071403231354586,89.88888888888889,0.0,0.0,,,,Current report values; denominator is all roster rows
arsenal-2004,Arsenal,2004,False,same_year_raw,unavailable,no retrieved edition for calendar 2004,9,0,9,,,89.88888888888889,,,,,,No source file in collected corpus; this does not prove the game lacked data
arsenal-2004,Arsenal,2004,False,same_year_quantile_candidate,unavailable,no retrieved edition for calendar 2004,9,0,9,,,89.88888888888889,,,,,,No same-year source snapshot to rank-map
arsenal-2004,Arsenal,2004,False,post_year_raw,unavailable,no retrieved edition for calendar 2005,9,0,9,,,89.88888888888889,,,,,,No source file in collected corpus; this does not prove the game lacked data
arsenal-2004,Arsenal,2004,False,post_year_raw,lbenz FIFAIndex,05,9,8,1,91.125,3.2572035551988456,89.88888888888889,0.75,1.25,,,,same-year or following-edition raw source snapshot
arsenal-2004,Arsenal,2004,False,possible_position_offset_proposal,unavailable,no retrieved native position labels for this year,9,0,9,,,89.88888888888889,,,,,,"No same-year position target in collected sources; proposal unavailable, no fabricated labels"
arsenal-2004,Arsenal,2004,False,hybrid_same_year_then_post,lbenz FIFAIndex,05,9,8,1,91.125,3.2572035551988456,89.88888888888889,0.75,1.25,,,,first matched source per player; same-year before post-year; priority Mzafram > Stefano legacy > lbenz; provenance varies by row
arsenal-2008,Arsenal,2008,False,current_BattleBase_overall,Battle Base,current build-report,9,9,0,79.66666666666667,4.47213595499958,79.66666666666667,0.0,0.0,,,,Current report values; denominator is all roster rows
arsenal-2008,Arsenal,2008,False,same_year_raw,Mzafram SoFIFA,FIFA08,9,9,0,81.11111111111111,5.546659544154971,79.66666666666667,1.4444444444444444,1.6666666666666667,,,,same-year or following-edition raw source snapshot
arsenal-2008,Arsenal,2008,False,same_year_quantile_candidate,Mzafram SoFIFA,FIFA08,9,9,0,81.14946881365904,5.505603654235368,79.66666666666667,1.4828021469923744,1.687169865367145,,,,Empirical CDF maps source OVR percentile to pooled Mzafram FIFA17-FC24 OVR; exploratory only
arsenal-2008,Arsenal,2008,False,post_year_raw,Mzafram SoFIFA,FIFA09,9,9,0,83.11111111111111,2.469567863432541,79.66666666666667,3.4444444444444446,3.6666666666666665,,,,same-year or following-edition raw source snapshot
arsenal-2008,Arsenal,2008,False,same_year_raw,lbenz FIFAIndex,08,9,9,0,79.55555555555556,4.57313680605704,79.66666666666667,-0.1111111111111111,0.1111111111111111,,,,same-year or following-edition raw source snapshot
arsenal-2008,Arsenal,2008,False,same_year_quantile_candidate,lbenz FIFAIndex,08,9,9,0,79.59883737760538,4.5349081768677655,79.66666666666667,-0.06782928906128897,0.1365384293134816,,,,Empirical CDF maps source OVR percentile to pooled Mzafram FIFA17-FC24 OVR; exploratory only
arsenal-2008,Arsenal,2008,False,post_year_raw,lbenz FIFAIndex,09,9,9,0,83.77777777777777,2.4845199749997664,79.66666666666667,4.111111111111111,4.333333333333333,,,,same-year or following-edition raw source snapshot
arsenal-2008,Arsenal,2008,False,possible_position_offset_proposal,unavailable,no retrieved native position labels for this year,9,0,9,,,79.66666666666667,,,,,,"No same-year position target in collected sources; proposal unavailable, no fabricated labels"
arsenal-2008,Arsenal,2008,False,hybrid_same_year_then_post,Mzafram SoFIFA,FIFA08,9,9,0,81.11111111111111,5.546659544154971,79.66666666666667,1.4444444444444444,1.6666666666666667,,,,first matched source per player; same-year before post-year; priority Mzafram > Stefano legacy > lbenz; provenance varies by row
arsenal-2020,Arsenal,2020,False,current_BattleBase_overall,Battle Base,current build-report,9,9,0,81.0,4.0,81.0,0.0,0.0,,,,Current report values; denominator is all roster rows
arsenal-2020,Arsenal,2020,False,same_year_raw,Mzafram SoFIFA,FIFA20,9,9,0,81.0,4.0,81.0,0.0,0.0,,,,same-year or following-edition raw source snapshot
arsenal-2020,Arsenal,2020,False,same_year_quantile_candidate,Mzafram SoFIFA,FIFA20,9,9,0,81.02711541362805,3.9730931026185337,81.0,0.02711541362805292,0.02711541362805292,,,,Empirical CDF maps source OVR percentile to pooled Mzafram FIFA17-FC24 OVR; exploratory only
arsenal-2020,Arsenal,2020,False,post_year_raw,Mzafram SoFIFA,FIFA21,9,9,0,80.33333333333333,2.581988897471611,81.0,-0.6666666666666666,2.4444444444444446,,,,same-year or following-edition raw source snapshot
arsenal-2020,Arsenal,2020,False,same_year_raw,Stefano legacy,20,9,9,0,80.44444444444444,6.378977819736588,81.0,-0.5555555555555556,1.8888888888888888,,,,same-year or following-edition raw source snapshot
arsenal-2020,Arsenal,2020,False,same_year_quantile_candidate,Stefano legacy,20,9,9,0,80.51878844112314,6.2309362237527655,81.0,-0.48121155887686956,1.82855699836768,,,,Empirical CDF maps source OVR percentile to pooled Mzafram FIFA17-FC24 OVR; exploratory only
arsenal-2020,Arsenal,2020,False,possible_position_offset_proposal,Stefano legacy,20,9,9,0,75.22222222222223,8.37692303332034,81.0,-5.777777777777778,5.777777777777778,gk,ambiguous_multiple_positions=2;coarse_proxy=6;exact_native_code=1,source_observed_target_with_rowwise_mapping_precision,"BB OVR + (source position base target - source OVR); modifiers excluded; proposal only. Coarse/ambiguous BB classes are representative proxies, not source-precise native-position alignment."
arsenal-2020,Arsenal,2020,False,post_year_raw,Stefano legacy,21,9,9,0,80.88888888888889,3.4138425546082702,81.0,-0.1111111111111111,0.7777777777777778,,,,same-year or following-edition raw source snapshot
arsenal-2020,Arsenal,2020,False,same_year_raw,lbenz FIFAIndex,20,9,9,0,81.0,4.0,81.0,0.0,0.0,,,,same-year or following-edition raw source snapshot
arsenal-2020,Arsenal,2020,False,same_year_quantile_candidate,lbenz FIFAIndex,20,9,9,0,81.02711541362805,3.9730931026185337,81.0,0.02711541362805292,0.02711541362805292,,,,Empirical CDF maps source OVR percentile to pooled Mzafram FIFA17-FC24 OVR; exploratory only
arsenal-2020,Arsenal,2020,False,hybrid_same_year_then_post,Mzafram SoFIFA,FIFA20,9,9,0,81.0,4.0,81.0,0.0,0.0,,,,first matched source per player; same-year before post-year; priority Mzafram > Stefano legacy > lbenz; provenance varies by row
atalanta-2020,Atalanta,2020,False,current_BattleBase_overall,Battle Base,current build-report,9,9,0,79.11111111111111,3.1071403231354586,79.11111111111111,0.0,0.0,,,,Current report values; denominator is all roster rows
atalanta-2020,Atalanta,2020,False,same_year_raw,Mzafram SoFIFA,FIFA20,9,9,0,79.11111111111111,3.1071403231354586,79.11111111111111,0.0,0.0,,,,same-year or following-edition raw source snapshot
atalanta-2020,Atalanta,2020,False,same_year_quantile_candidate,Mzafram SoFIFA,FIFA20,9,9,0,79.14630134941802,3.0880272262632307,79.11111111111111,0.03519023830691973,0.03519023830691973,,,,Empirical CDF maps source OVR percentile to pooled Mzafram FIFA17-FC24 OVR; exploratory only
atalanta-2020,Atalanta,2020,False,post_year_raw,Mzafram SoFIFA,FIFA21,9,9,0,81.0,2.449489742783178,79.11111111111111,1.8888888888888888,1.8888888888888888,,,,same-year or following-edition raw source snapshot
atalanta-2020,Atalanta,2020,False,same_year_raw,Stefano legacy,20,9,9,0,78.22222222222223,3.2923405311175675,79.11111111111111,-0.8888888888888888,0.8888888888888888,,,,same-year or following-edition raw source snapshot
atalanta-2020,Atalanta,2020,False,same_year_quantile_candidate,Stefano legacy,20,9,9,0,78.26943480798218,3.2604440466729923,79.11111111111111,-0.8416763031289318,0.8751944433073126,,,,Empirical CDF maps source OVR percentile to pooled Mzafram FIFA17-FC24 OVR; exploratory only
atalanta-2020,Atalanta,2020,False,possible_position_offset_proposal,Stefano legacy,20,9,9,0,76.77777777777777,2.1487866228681907,79.11111111111111,-2.3333333333333335,2.3333333333333335,gk,ambiguous_multiple_positions=3;coarse_proxy=5;exact_native_code=1,source_observed_target_with_rowwise_mapping_precision,"BB OVR + (source position base target - source OVR); modifiers excluded; proposal only. Coarse/ambiguous BB classes are representative proxies, not source-precise native-position alignment."
atalanta-2020,Atalanta,2020,False,post_year_raw,Stefano legacy,21,9,9,0,80.0,3.0550504633038935,79.11111111111111,0.8888888888888888,1.1111111111111112,,,,same-year or following-edition raw source snapshot
atalanta-2020,Atalanta,2020,False,same_year_raw,lbenz FIFAIndex,20,9,9,0,79.11111111111111,3.1071403231354586,79.11111111111111,0.0,0.0,,,,same-year or following-edition raw source snapshot
atalanta-2020,Atalanta,2020,False,same_year_quantile_candidate,lbenz FIFAIndex,20,9,9,0,79.14630134941802,3.0880272262632307,79.11111111111111,0.03519023830691973,0.03519023830691973,,,,Empirical CDF maps source OVR percentile to pooled Mzafram FIFA17-FC24 OVR; exploratory only
atalanta-2020,Atalanta,2020,False,hybrid_same_year_then_post,Mzafram SoFIFA,FIFA20,9,9,0,79.11111111111111,3.1071403231354586,79.11111111111111,0.0,0.0,,,,first matched source per player; same-year before post-year; priority Mzafram > Stefano legacy > lbenz; provenance varies by row
atletico-madrid-2014,Atletico Madrid,2014,False,current_BattleBase_overall,Battle Base,current build-report,9,9,0,83.77777777777777,1.4740554623801778,83.77777777777777,0.0,0.0,,,,Current report values; denominator is all roster rows
atletico-madrid-2014,Atletico Madrid,2014,False,same_year_raw,Mzafram SoFIFA,FIFA14,9,9,0,82.66666666666667,1.3333333333333333,83.77777777777777,-1.1111111111111112,1.1111111111111112,,,,same-year or following-edition raw source snapshot
atletico-madrid-2014,Atletico Madrid,2014,False,same_year_quantile_candidate,Mzafram SoFIFA,FIFA14,9,9,0,82.6762025775485,1.3292569063996713,83.77777777777777,-1.1015752002292882,1.1015752002292882,,,,Empirical CDF maps source OVR percentile to pooled Mzafram FIFA17-FC24 OVR; exploratory only
atletico-madrid-2014,Atletico Madrid,2014,False,post_year_raw,Mzafram SoFIFA,FIFA15,9,9,0,83.0,1.8257418583505538,83.77777777777777,-0.7777777777777778,1.2222222222222223,,,,same-year or following-edition raw source snapshot
atletico-madrid-2014,Atletico Madrid,2014,False,post_year_raw,Stefano legacy,15,9,9,0,83.11111111111111,1.7284832429004495,83.77777777777777,-0.6666666666666666,1.1111111111111112,,,,same-year or following-edition raw source snapshot
atletico-madrid-2014,Atletico Madrid,2014,False,same_year_raw,lbenz FIFAIndex,14,9,9,0,82.66666666666667,1.3333333333333333,83.77777777777777,-1.1111111111111112,1.1111111111111112,,,,same-year or following-edition raw source snapshot
atletico-madrid-2014,Atletico Madrid,2014,False,same_year_quantile_candidate,lbenz FIFAIndex,14,9,9,0,82.6762025775485,1.3292569063996713,83.77777777777777,-1.1015752002292882,1.1015752002292882,,,,Empirical CDF maps source OVR percentile to pooled Mzafram FIFA17-FC24 OVR; exploratory only
atletico-madrid-2014,Atletico Madrid,2014,False,post_year_raw,lbenz FIFAIndex,15,9,9,0,83.0,1.8257418583505538,83.77777777777777,-0.7777777777777778,1.2222222222222223,,,,same-year or following-edition raw source snapshot
atletico-madrid-2014,Atletico Madrid,2014,False,possible_position_offset_proposal,unavailable,no retrieved native position labels for this year,9,0,9,,,83.77777777777777,,,,,,"No same-year position target in collected sources; proposal unavailable, no fabricated labels"
atletico-madrid-2014,Atletico Madrid,2014,False,hybrid_same_year_then_post,Mzafram SoFIFA,FIFA14,9,9,0,82.66666666666667,1.3333333333333333,83.77777777777777,-1.1111111111111112,1.1111111111111112,,,,first matched source per player; same-year before post-year; priority Mzafram > Stefano legacy > lbenz; provenance varies by row
barcelona-2009,Barcelona,2009,False,current_BattleBase_overall,Battle Base,current build-report,9,9,0,85.88888888888889,3.510126444206959,85.88888888888889,0.0,0.0,,,,Current report values; denominator is all roster rows
barcelona-2009,Barcelona,2009,False,same_year_raw,Mzafram SoFIFA,FIFA09,9,9,0,85.0,3.5276684147527875,85.88888888888889,-0.8888888888888888,0.8888888888888888,,,,same-year or following-edition raw source snapshot
barcelona-2009,Barcelona,2009,False,same_year_quantile_candidate,Mzafram SoFIFA,FIFA09,9,9,0,85.0079757938155,3.517363832033472,85.88888888888889,-0.8809130950733864,0.8814722385949507,,,,Empirical CDF maps source OVR percentile to pooled Mzafram FIFA17-FC24 OVR; exploratory only
barcelona-2009,Barcelona,2009,False,post_year_raw,Mzafram SoFIFA,FIFA10,9,9,0,85.88888888888889,2.182986967154278,85.88888888888889,0.0,1.5555555555555556,,,,same-year or following-edition raw source snapshot
barcelona-2009,Barcelona,2009,False,same_year_raw,lbenz FIFAIndex,09,9,9,0,79.55555555555556,14.803236216082475,85.88888888888889,-6.333333333333333,6.333333333333333,,,,same-year or following-edition raw source snapshot
barcelona-2009,Barcelona,2009,False,same_year_quantile_candidate,lbenz FIFAIndex,09,9,9,0,80.23129802045554,12.98467646909914,85.88888888888889,-5.657590868433342,5.658150011954906,,,,Empirical CDF maps source OVR percentile to pooled Mzafram FIFA17-FC24 OVR; exploratory only
barcelona-2009,Barcelona,2009,False,post_year_raw,lbenz FIFAIndex,10,9,9,0,80.55555555555556,14.900492990435742,85.88888888888889,-5.333333333333333,6.444444444444445,,,,same-year or following-edition raw source snapshot
barcelona-2009,Barcelona,2009,False,possible_position_offset_proposal,unavailable,no retrieved native position labels for this year,9,0,9,,,85.88888888888889,,,,,,"No same-year position target in collected sources; proposal unavailable, no fabricated labels"
barcelona-2009,Barcelona,2009,False,hybrid_same_year_then_post,Mzafram SoFIFA,FIFA09,9,9,0,85.0,3.5276684147527875,85.88888888888889,-0.8888888888888888,0.8888888888888888,,,,first matched source per player; same-year before post-year; priority Mzafram > Stefano legacy > lbenz; provenance varies by row
barcelona-2011,Barcelona,2011,True,current_BattleBase_overall,Battle Base,current build-report,9,9,0,87.33333333333333,2.70801280154532,87.33333333333333,0.0,0.0,,,,Current report values; denominator is all roster rows
barcelona-2011,Barcelona,2011,True,same_year_raw,Mzafram SoFIFA,FIFA11,9,9,0,85.88888888888889,2.4241582476968255,87.33333333333333,-1.4444444444444444,1.4444444444444444,,,,highlight case; same-year or following-edition raw source snapshot
barcelona-2011,Barcelona,2011,True,same_year_quantile_candidate,Mzafram SoFIFA,FIFA11,9,9,0,85.89281508194917,2.420275514357442,87.33333333333333,-1.4405182513841686,1.4405182513841686,,,,Empirical CDF maps source OVR percentile to pooled Mzafram FIFA17-FC24 OVR; exploratory only
barcelona-2011,Barcelona,2011,True,post_year_raw,Mzafram SoFIFA,FIFA12,9,9,0,88.11111111111111,2.9979416807182315,87.33333333333333,0.7777777777777778,2.3333333333333335,,,,highlight case; same-year or following-edition raw source snapshot
barcelona-2011,Barcelona,2011,True,same_year_raw,lbenz FIFAIndex,11,9,9,0,86.0,2.449489742783178,87.33333333333333,-1.3333333333333333,1.3333333333333333,,,,highlight case; same-year or following-edition raw source snapshot
barcelona-2011,Barcelona,2011,True,same_year_quantile_candidate,lbenz FIFAIndex,11,9,9,0,86.00383173284678,2.4455446078610064,87.33333333333333,-1.3295016004865627,1.3295016004865627,,,,Empirical CDF maps source OVR percentile to pooled Mzafram FIFA17-FC24 OVR; exploratory only
barcelona-2011,Barcelona,2011,True,post_year_raw,lbenz FIFAIndex,12,9,9,0,88.11111111111111,2.9979416807182315,87.33333333333333,0.7777777777777778,2.3333333333333335,,,,highlight case; same-year or following-edition raw source snapshot
barcelona-2011,Barcelona,2011,True,possible_position_offset_proposal,unavailable,no retrieved native position labels for this year,9,0,9,,,87.33333333333333,,,,,,"No same-year position target in collected sources; proposal unavailable, no fabricated labels"
barcelona-2011,Barcelona,2011,True,hybrid_same_year_then_post,Mzafram SoFIFA,FIFA11,9,9,0,85.88888888888889,2.4241582476968255,87.33333333333333,-1.4444444444444444,1.4444444444444444,,,,highlight case; first matched source per player; same-year before post-year; priority Mzafram > Stefano legacy > lbenz; provenance varies by row
barcelona-2015,Barcelona,2015,False,current_BattleBase_overall,Battle Base,current build-report,9,9,0,86.44444444444444,3.7745083892140068,86.44444444444444,0.0,0.0,,,,Current report values; denominator is all roster rows
barcelona-2015,Barcelona,2015,False,same_year_raw,Mzafram SoFIFA,FIFA15,9,9,0,85.44444444444444,3.7745083892140068,86.44444444444444,-1.0,1.0,,,,same-year or following-edition raw source snapshot
barcelona-2015,Barcelona,2015,False,same_year_quantile_candidate,Mzafram SoFIFA,FIFA15,9,9,0,85.45020804100851,3.770127831762906,86.44444444444444,-0.9942364034359343,0.9942364034359343,,,,Empirical CDF maps source OVR percentile to pooled Mzafram FIFA17-FC24 OVR; exploratory only
barcelona-2015,Barcelona,2015,False,post_year_raw,Mzafram SoFIFA,FIFA16,9,9,0,86.44444444444444,3.4676636742949407,86.44444444444444,0.0,0.6666666666666666,,,,same-year or following-edition raw source snapshot
barcelona-2015,Barcelona,2015,False,same_year_raw,Stefano legacy,15,9,9,0,85.44444444444444,3.7745083892140068,86.44444444444444,-1.0,1.0,,,,same-year or following-edition raw source snapshot
barcelona-2015,Barcelona,2015,False,same_year_quantile_candidate,Stefano legacy,15,9,9,0,85.45020804100851,3.770127831762906,86.44444444444444,-0.9942364034359343,0.9942364034359343,,,,Empirical CDF maps source OVR percentile to pooled Mzafram FIFA17-FC24 OVR; exploratory only
barcelona-2015,Barcelona,2015,False,possible_position_offset_proposal,Stefano legacy,15,9,9,0,82.0,3.4318767136623336,86.44444444444444,-4.444444444444445,4.444444444444445,gk,ambiguous_multiple_positions=1;coarse_proxy=7;exact_native_code=1,source_observed_target_with_rowwise_mapping_precision,"BB OVR + (source position base target - source OVR); modifiers excluded; proposal only. Coarse/ambiguous BB classes are representative proxies, not source-precise native-position alignment."
barcelona-2015,Barcelona,2015,False,post_year_raw,Stefano legacy,16,9,9,0,86.33333333333333,3.5276684147527875,86.44444444444444,-0.1111111111111111,0.5555555555555556,,,,same-year or following-edition raw source snapshot
barcelona-2015,Barcelona,2015,False,same_year_raw,lbenz FIFAIndex,15,9,9,0,85.44444444444444,3.7745083892140068,86.44444444444444,-1.0,1.0,,,,same-year or following-edition raw source snapshot
barcelona-2015,Barcelona,2015,False,same_year_quantile_candidate,lbenz FIFAIndex,15,9,9,0,85.45020804100851,3.770127831762906,86.44444444444444,-0.9942364034359343,0.9942364034359343,,,,Empirical CDF maps source OVR percentile to pooled Mzafram FIFA17-FC24 OVR; exploratory only
barcelona-2015,Barcelona,2015,False,post_year_raw,lbenz FIFAIndex,16,9,9,0,86.44444444444444,3.4676636742949407,86.44444444444444,0.0,0.6666666666666666,,,,same-year or following-edition raw source snapshot
barcelona-2015,Barcelona,2015,False,hybrid_same_year_then_post,Mzafram SoFIFA,FIFA15,9,9,0,85.44444444444444,3.7745083892140068,86.44444444444444,-1.0,1.0,,,,first matched source per player; same-year before post-year; priority Mzafram > Stefano legacy > lbenz; provenance varies by row
barcelona-2020,Barcelona,2020,False,current_BattleBase_overall,Battle Base,current build-report,9,9,0,87.88888888888889,2.7666443551086073,87.88888888888889,0.0,0.0,,,,Current report values; denominator is all roster rows
barcelona-2020,Barcelona,2020,False,same_year_raw,Mzafram SoFIFA,FIFA20,9,9,0,87.88888888888889,2.7666443551086073,87.88888888888889,0.0,0.0,,,,same-year or following-edition raw source snapshot
barcelona-2020,Barcelona,2020,False,same_year_quantile_candidate,Mzafram SoFIFA,FIFA20,9,9,0,87.89064782947793,2.7653237953494556,87.88888888888889,0.001758940589045071,0.001758940589045071,,,,Empirical CDF maps source OVR percentile to pooled Mzafram FIFA17-FC24 OVR; exploratory only
barcelona-2020,Barcelona,2020,False,post_year_raw,Mzafram SoFIFA,FIFA21,9,9,0,86.44444444444444,3.3035708327374462,87.88888888888889,-1.4444444444444444,1.4444444444444444,,,,same-year or following-edition raw source snapshot
barcelona-2020,Barcelona,2020,False,same_year_raw,Stefano legacy,20,9,9,0,87.88888888888889,2.922876986214646,87.88888888888889,0.0,0.4444444444444444,,,,same-year or following-edition raw source snapshot
barcelona-2020,Barcelona,2020,False,same_year_quantile_candidate,Stefano legacy,20,9,9,0,87.890754478104,2.9213308342288893,87.88888888888889,0.0018655892151097457,0.44468592741112745,,,,Empirical CDF maps source OVR percentile to pooled Mzafram FIFA17-FC24 OVR; exploratory only
barcelona-2020,Barcelona,2020,False,possible_position_offset_proposal,Stefano legacy,20,9,9,0,84.33333333333333,3.3333333333333335,87.88888888888889,-3.5555555555555554,3.5555555555555554,gk,coarse_proxy=8;exact_native_code=1,source_observed_target_with_rowwise_mapping_precision,"BB OVR + (source position base target - source OVR); modifiers excluded; proposal only. Coarse/ambiguous BB classes are representative proxies, not source-precise native-position alignment."
barcelona-2020,Barcelona,2020,False,post_year_raw,Stefano legacy,21,9,9,0,86.88888888888889,2.806517986736686,87.88888888888889,-1.0,1.0,,,,same-year or following-edition raw source snapshot
barcelona-2020,Barcelona,2020,False,same_year_raw,lbenz FIFAIndex,20,9,9,0,87.88888888888889,2.7666443551086073,87.88888888888889,0.0,0.0,,,,same-year or following-edition raw source snapshot
barcelona-2020,Barcelona,2020,False,same_year_quantile_candidate,lbenz FIFAIndex,20,9,9,0,87.89064782947793,2.7653237953494556,87.88888888888889,0.001758940589045071,0.001758940589045071,,,,Empirical CDF maps source OVR percentile to pooled Mzafram FIFA17-FC24 OVR; exploratory only
barcelona-2020,Barcelona,2020,False,hybrid_same_year_then_post,Mzafram SoFIFA,FIFA20,9,9,0,87.88888888888889,2.7666443551086073,87.88888888888889,0.0,0.0,,,,first matched source per player; same-year before post-year; priority Mzafram > Stefano legacy > lbenz; provenance varies by row
barcelona-2022,Barcelona,2022,False,current_BattleBase_overall,Battle Base,current build-report,9,9,0,84.55555555555556,1.7708197167232473,84.55555555555556,0.0,0.0,,,,Current report values; denominator is all roster rows
barcelona-2022,Barcelona,2022,False,same_year_raw,Mzafram SoFIFA,FIFA22,9,9,0,84.55555555555556,1.7708197167232473,84.55555555555556,0.0,0.0,,,,same-year or following-edition raw source snapshot
barcelona-2022,Barcelona,2022,False,same_year_quantile_candidate,Mzafram SoFIFA,FIFA22,9,9,0,84.56064878931244,1.7681728746741812,84.55555555555556,0.0050932337568762405,0.0050932337568762405,,,,Empirical CDF maps source OVR percentile to pooled Mzafram FIFA17-FC24 OVR; exploratory only
barcelona-2022,Barcelona,2022,False,post_year_raw,Mzafram SoFIFA,FIFA23,9,8,1,84.75,2.0463381929681126,84.55555555555556,0.125,1.125,,,,same-year or following-edition raw source snapshot
barcelona-2022,Barcelona,2022,False,same_year_raw,Stefano legacy,22,9,9,0,84.33333333333333,3.5276684147527875,84.55555555555556,-0.2222222222222222,1.5555555555555556,,,,same-year or following-edition raw source snapshot
barcelona-2022,Barcelona,2022,False,same_year_quantile_candidate,Stefano legacy,22,9,9,0,84.34314957775253,3.514830000335921,84.55555555555556,-0.21240597780302373,1.5509650939040713,,,,Empirical CDF maps source OVR percentile to pooled Mzafram FIFA17-FC24 OVR; exploratory only
barcelona-2022,Barcelona,2022,False,possible_position_offset_proposal,Stefano legacy,22,9,9,0,81.55555555555556,3.9471821485181358,84.55555555555556,-3.0,3.0,gk,coarse_proxy=8;exact_native_code=1,source_observed_target_with_rowwise_mapping_precision,"BB OVR + (source position base target - source OVR); modifiers excluded; proposal only. Coarse/ambiguous BB classes are representative proxies, not source-precise native-position alignment."
barcelona-2022,Barcelona,2022,False,post_year_raw,Stefano legacy,23,9,9,0,84.88888888888889,1.6629588385661962,84.55555555555556,0.3333333333333333,0.5555555555555556,,,,same-year or following-edition raw source snapshot
barcelona-2022,Barcelona,2022,False,hybrid_same_year_then_post,Mzafram SoFIFA,FIFA22,9,9,0,84.55555555555556,1.7708197167232473,84.55555555555556,0.0,0.0,,,,first matched source per player; same-year before post-year; priority Mzafram > Stefano legacy > lbenz; provenance varies by row
bayer-leverkusen-2024,Bayer Leverkusen,2024,False,current_BattleBase_overall,Battle Base,current build-report,9,9,0,83.44444444444444,2.006163342807532,83.44444444444444,0.0,0.0,,,,Current report values; denominator is all roster rows
bayer-leverkusen-2024,Bayer Leverkusen,2024,False,same_year_raw,Mzafram SoFIFA,FC24,9,9,0,83.44444444444444,2.006163342807532,83.44444444444444,0.0,0.0,,,,same-year or following-edition raw source snapshot
bayer-leverkusen-2024,Bayer Leverkusen,2024,False,same_year_quantile_candidate,Mzafram SoFIFA,FC24,9,9,0,83.45254974016117,2.00135512868869,83.44444444444444,0.008105295716733154,0.008105295716733154,,,,Empirical CDF maps source OVR percentile to pooled Mzafram FIFA17-FC24 OVR; exploratory only
bayer-leverkusen-2024,Bayer Leverkusen,2024,False,post_year_raw,Mzafram SoFIFA,FC25,9,9,0,84.66666666666667,2.2110831935702664,83.44444444444444,1.2222222222222223,1.4444444444444444,,,,same-year or following-edition raw source snapshot
bayer-leverkusen-2024,Bayer Leverkusen,2024,False,possible_position_offset_proposal,unavailable,no retrieved native position labels for this year,9,0,9,,,83.44444444444444,,,,,,"No same-year position target in collected sources; proposal unavailable, no fabricated labels"
bayer-leverkusen-2024,Bayer Leverkusen,2024,False,hybrid_same_year_then_post,Mzafram SoFIFA,FC24,9,9,0,83.44444444444444,2.006163342807532,83.44444444444444,0.0,0.0,,,,first matched source per player; same-year before post-year; priority Mzafram > Stefano legacy > lbenz; provenance varies by row
bayern-munich-2001,Bayern Munich,2001,False,current_BattleBase_overall,Battle Base,current build-report,9,9,0,88.55555555555556,2.832788618662658,88.55555555555556,0.0,0.0,,,,Current report values; denominator is all roster rows
bayern-munich-2001,Bayern Munich,2001,False,same_year_raw,unavailable,no retrieved edition for calendar 2001,9,0,9,,,88.55555555555556,,,,,,No source file in collected corpus; this does not prove the game lacked data
bayern-munich-2001,Bayern Munich,2001,False,same_year_quantile_candidate,unavailable,no retrieved edition for calendar 2001,9,0,9,,,88.55555555555556,,,,,,No same-year source snapshot to rank-map
bayern-munich-2001,Bayern Munich,2001,False,post_year_raw,unavailable,no retrieved edition for calendar 2002,9,0,9,,,88.55555555555556,,,,,,No source file in collected corpus; this does not prove the game lacked data
bayern-munich-2001,Bayern Munich,2001,False,possible_position_offset_proposal,unavailable,no retrieved native position labels for this year,9,0,9,,,88.55555555555556,,,,,,"No same-year position target in collected sources; proposal unavailable, no fabricated labels"
bayern-munich-2001,Bayern Munich,2001,False,hybrid_same_year_then_post,,,9,0,9,,,88.55555555555556,,,,,,first matched source per player; same-year before post-year; priority Mzafram > Stefano legacy > lbenz; provenance varies by row
bayern-munich-2013,Bayern Munich,2013,False,current_BattleBase_overall,Battle Base,current build-report,9,9,0,85.55555555555556,3.402976184691901,85.55555555555556,0.0,0.0,,,,Current report values; denominator is all roster rows
bayern-munich-2013,Bayern Munich,2013,False,same_year_raw,Mzafram SoFIFA,FIFA13,9,9,0,84.66666666666667,3.559026084010437,85.55555555555556,-0.8888888888888888,0.8888888888888888,,,,same-year or following-edition raw source snapshot
bayern-munich-2013,Bayern Munich,2013,False,same_year_quantile_candidate,Mzafram SoFIFA,FIFA13,9,9,0,84.67524273989774,3.549054541533725,85.55555555555556,-0.8803128156578168,0.880390516799202,,,,Empirical CDF maps source OVR percentile to pooled Mzafram FIFA17-FC24 OVR; exploratory only
bayern-munich-2013,Bayern Munich,2013,False,post_year_raw,Mzafram SoFIFA,FIFA14,9,9,0,85.88888888888889,2.282515398241571,85.55555555555556,0.3333333333333333,1.0,,,,same-year or following-edition raw source snapshot
bayern-munich-2013,Bayern Munich,2013,False,same_year_raw,lbenz FIFAIndex,13,9,9,0,84.66666666666667,3.559026084010437,85.55555555555556,-0.8888888888888888,0.8888888888888888,,,,same-year or following-edition raw source snapshot
bayern-munich-2013,Bayern Munich,2013,False,same_year_quantile_candidate,lbenz FIFAIndex,13,9,9,0,84.67524273989774,3.549054541533725,85.55555555555556,-0.8803128156578168,0.880390516799202,,,,Empirical CDF maps source OVR percentile to pooled Mzafram FIFA17-FC24 OVR; exploratory only
bayern-munich-2013,Bayern Munich,2013,False,post_year_raw,lbenz FIFAIndex,14,9,9,0,85.88888888888889,2.282515398241571,85.55555555555556,0.3333333333333333,1.0,,,,same-year or following-edition raw source snapshot
bayern-munich-2013,Bayern Munich,2013,False,possible_position_offset_proposal,unavailable,no retrieved native position labels for this year,9,0,9,,,85.55555555555556,,,,,,"No same-year position target in collected sources; proposal unavailable, no fabricated labels"
bayern-munich-2013,Bayern Munich,2013,False,hybrid_same_year_then_post,Mzafram SoFIFA,FIFA13,9,9,0,84.66666666666667,3.559026084010437,85.55555555555556,-0.8888888888888888,0.8888888888888888,,,,first matched source per player; same-year before post-year; priority Mzafram > Stefano legacy > lbenz; provenance varies by row
bayern-munich-2020,Bayern Munich,2020,True,current_BattleBase_overall,Battle Base,current build-report,9,9,0,84.77777777777777,3.9659040661277216,84.77777777777777,0.0,0.0,,,,Current report values; denominator is all roster rows
bayern-munich-2020,Bayern Munich,2020,True,same_year_raw,Mzafram SoFIFA,FIFA20,9,9,0,84.77777777777777,3.9659040661277216,84.77777777777777,0.0,0.0,,,,highlight case; same-year or following-edition raw source snapshot
bayern-munich-2020,Bayern Munich,2020,True,same_year_quantile_candidate,Mzafram SoFIFA,FIFA20,9,9,0,84.78735787166322,3.9533439594528255,84.77777777777777,0.009580093885435619,0.009580093885435619,,,,Empirical CDF maps source OVR percentile to pooled Mzafram FIFA17-FC24 OVR; exploratory only
bayern-munich-2020,Bayern Munich,2020,True,post_year_raw,Mzafram SoFIFA,FIFA21,9,9,0,86.44444444444444,3.337034981706935,84.77777777777777,1.6666666666666667,1.8888888888888888,,,,highlight case; same-year or following-edition raw source snapshot
bayern-munich-2020,Bayern Munich,2020,True,same_year_raw,Stefano legacy,20,9,9,0,84.55555555555556,4.716663394842472,84.77777777777777,-0.2222222222222222,1.7777777777777777,,,,highlight case; same-year or following-edition raw source snapshot
bayern-munich-2020,Bayern Munich,2020,True,same_year_quantile_candidate,Stefano legacy,20,9,9,0,84.57676796763229,4.66717763351983,84.77777777777777,-0.2010098101454787,1.7606225842157275,,,,Empirical CDF maps source OVR percentile to pooled Mzafram FIFA17-FC24 OVR; exploratory only
bayern-munich-2020,Bayern Munich,2020,True,possible_position_offset_proposal,Stefano legacy,20,9,9,0,80.22222222222223,6.390579486465958,84.77777777777777,-4.555555555555555,4.555555555555555,gk,ambiguous_multiple_positions=3;coarse_proxy=5;exact_native_code=1,source_observed_target_with_rowwise_mapping_precision,"BB OVR + (source position base target - source OVR); modifiers excluded; proposal only. Coarse/ambiguous BB classes are representative proxies, not source-precise native-position alignment."
bayern-munich-2020,Bayern Munich,2020,True,post_year_raw,Stefano legacy,21,9,9,0,85.55555555555556,3.095197394929804,84.77777777777777,0.7777777777777778,1.0,,,,highlight case; same-year or following-edition raw source snapshot
bayern-munich-2020,Bayern Munich,2020,True,same_year_raw,lbenz FIFAIndex,20,9,9,0,84.77777777777777,3.9659040661277216,84.77777777777777,0.0,0.0,,,,highlight case; same-year or following-edition raw source snapshot
bayern-munich-2020,Bayern Munich,2020,True,same_year_quantile_candidate,lbenz FIFAIndex,20,9,9,0,84.78735787166322,3.9533439594528255,84.77777777777777,0.009580093885435619,0.009580093885435619,,,,Empirical CDF maps source OVR percentile to pooled Mzafram FIFA17-FC24 OVR; exploratory only
bayern-munich-2020,Bayern Munich,2020,True,hybrid_same_year_then_post,Mzafram SoFIFA,FIFA20,9,9,0,84.77777777777777,3.9659040661277216,84.77777777777777,0.0,0.0,,,,highlight case; first matched source per player; same-year before post-year; priority Mzafram > Stefano legacy > lbenz; provenance varies by row
bayern-munich-2022,Bayern Munich,2022,False,current_BattleBase_overall,Battle Base,current build-report,9,9,0,86.77777777777777,3.0832082056692465,86.77777777777777,0.0,0.0,,,,Current report values; denominator is all roster rows
bayern-munich-2022,Bayern Munich,2022,False,same_year_raw,Mzafram SoFIFA,FIFA22,9,9,0,86.77777777777777,3.0832082056692465,86.77777777777777,0.0,0.0,,,,same-year or following-edition raw source snapshot
bayern-munich-2022,Bayern Munich,2022,False,same_year_quantile_candidate,Mzafram SoFIFA,FIFA22,9,9,0,86.78098028371784,3.0801955591436507,86.77777777777777,0.003202505940054026,0.003202505940054026,,,,Empirical CDF maps source OVR percentile to pooled Mzafram FIFA17-FC24 OVR; exploratory only
bayern-munich-2022,Bayern Munich,2022,False,post_year_raw,Mzafram SoFIFA,FIFA23,9,9,0,86.11111111111111,2.6434171674156266,86.77777777777777,-0.6666666666666666,0.8888888888888888,,,,same-year or following-edition raw source snapshot
bayern-munich-2022,Bayern Munich,2022,False,same_year_raw,Stefano legacy,22,9,9,0,86.44444444444444,3.370166864022911,86.77777777777777,-0.3333333333333333,0.5555555555555556,,,,same-year or following-edition raw source snapshot
bayern-munich-2022,Bayern Munich,2022,False,same_year_quantile_candidate,Stefano legacy,22,9,9,0,86.4484978540794,3.366203750162405,86.77777777777777,-0.32927992369837333,0.5551022988866963,,,,Empirical CDF maps source OVR percentile to pooled Mzafram FIFA17-FC24 OVR; exploratory only
bayern-munich-2022,Bayern Munich,2022,False,possible_position_offset_proposal,Stefano legacy,22,9,9,0,82.88888888888889,4.747969026493665,86.77777777777777,-3.888888888888889,3.888888888888889,gk,ambiguous_multiple_positions=4;coarse_proxy=4;exact_native_code=1,source_observed_target_with_rowwise_mapping_precision,"BB OVR + (source position base target - source OVR); modifiers excluded; proposal only. Coarse/ambiguous BB classes are representative proxies, not source-precise native-position alignment."
bayern-munich-2022,Bayern Munich,2022,False,post_year_raw,Stefano legacy,23,9,9,0,86.55555555555556,3.0225490019412096,86.77777777777777,-0.2222222222222222,0.4444444444444444,,,,same-year or following-edition raw source snapshot
bayern-munich-2022,Bayern Munich,2022,False,hybrid_same_year_then_post,Mzafram SoFIFA,FIFA22,9,9,0,86.77777777777777,3.0832082056692465,86.77777777777777,0.0,0.0,,,,first matched source per player; same-year before post-year; priority Mzafram > Stefano legacy > lbenz; provenance varies by row
benfica-2014,Benfica,2014,False,current_BattleBase_overall,Battle Base,current build-report,9,9,0,80.33333333333333,1.9999999999999998,80.33333333333333,0.0,0.0,,,,Current report values; denominator is all roster rows
benfica-2014,Benfica,2014,False,same_year_raw,Mzafram SoFIFA,FIFA14,9,9,0,79.33333333333333,1.9999999999999998,80.33333333333333,-1.0,1.0,,,,same-year or following-edition raw source snapshot
benfica-2014,Benfica,2014,False,same_year_quantile_candidate,Mzafram SoFIFA,FIFA14,9,9,0,79.36271274497267,1.9836572913565698,80.33333333333333,-0.9706205883606648,0.9706205883606648,,,,Empirical CDF maps source OVR percentile to pooled Mzafram FIFA17-FC24 OVR; exploratory only
benfica-2014,Benfica,2014,False,post_year_raw,Mzafram SoFIFA,FIFA15,9,9,0,80.22222222222223,2.199887763691481,80.33333333333333,-0.1111111111111111,0.5555555555555556,,,,same-year or following-edition raw source snapshot
benfica-2014,Benfica,2014,False,post_year_raw,Stefano legacy,15,9,9,0,80.0,2.1081851067789197,80.33333333333333,-0.3333333333333333,0.3333333333333333,,,,same-year or following-edition raw source snapshot
benfica-2014,Benfica,2014,False,same_year_raw,lbenz FIFAIndex,14,9,9,0,79.33333333333333,1.9999999999999998,80.33333333333333,-1.0,1.0,,,,same-year or following-edition raw source snapshot
benfica-2014,Benfica,2014,False,same_year_quantile_candidate,lbenz FIFAIndex,14,9,9,0,79.36271274497267,1.9836572913565698,80.33333333333333,-0.9706205883606648,0.9706205883606648,,,,Empirical CDF maps source OVR percentile to pooled Mzafram FIFA17-FC24 OVR; exploratory only
benfica-2014,Benfica,2014,False,post_year_raw,lbenz FIFAIndex,15,9,9,0,80.22222222222223,2.199887763691481,80.33333333333333,-0.1111111111111111,0.5555555555555556,,,,same-year or following-edition raw source snapshot
benfica-2014,Benfica,2014,False,possible_position_offset_proposal,unavailable,no retrieved native position labels for this year,9,0,9,,,80.33333333333333,,,,,,"No same-year position target in collected sources; proposal unavailable, no fabricated labels"
benfica-2014,Benfica,2014,False,hybrid_same_year_then_post,Mzafram SoFIFA,FIFA14,9,9,0,79.33333333333333,1.9999999999999998,80.33333333333333,-1.0,1.0,,,,first matched source per player; same-year before post-year; priority Mzafram > Stefano legacy > lbenz; provenance varies by row
borussia-dortmund-2013,Borussia Dortmund,2013,False,current_BattleBase_overall,Battle Base,current build-report,9,9,0,83.66666666666667,1.4907119849998598,83.66666666666667,0.0,0.0,,,,Current report values; denominator is all roster rows
borussia-dortmund-2013,Borussia Dortmund,2013,False,same_year_raw,Mzafram SoFIFA,FIFA13,9,9,0,82.66666666666667,1.4907119849998598,83.66666666666667,-1.0,1.0,,,,same-year or following-edition raw source snapshot
borussia-dortmund-2013,Borussia Dortmund,2013,False,same_year_quantile_candidate,Mzafram SoFIFA,FIFA13,9,9,0,82.67640825704439,1.4864475837858147,83.66666666666667,-0.9902584096222805,0.9902584096222805,,,,Empirical CDF maps source OVR percentile to pooled Mzafram FIFA17-FC24 OVR; exploratory only
borussia-dortmund-2013,Borussia Dortmund,2013,False,post_year_raw,Mzafram SoFIFA,FIFA14,9,9,0,83.44444444444444,1.4989708403591155,83.66666666666667,-0.2222222222222222,0.4444444444444444,,,,same-year or following-edition raw source snapshot
borussia-dortmund-2013,Borussia Dortmund,2013,False,same_year_raw,lbenz FIFAIndex,13,9,9,0,82.66666666666667,1.4907119849998598,83.66666666666667,-1.0,1.0,,,,same-year or following-edition raw source snapshot
borussia-dortmund-2013,Borussia Dortmund,2013,False,same_year_quantile_candidate,lbenz FIFAIndex,13,9,9,0,82.67640825704439,1.4864475837858147,83.66666666666667,-0.9902584096222805,0.9902584096222805,,,,Empirical CDF maps source OVR percentile to pooled Mzafram FIFA17-FC24 OVR; exploratory only
borussia-dortmund-2013,Borussia Dortmund,2013,False,post_year_raw,lbenz FIFAIndex,14,9,9,0,83.44444444444444,1.4989708403591155,83.66666666666667,-0.2222222222222222,0.4444444444444444,,,,same-year or following-edition raw source snapshot
borussia-dortmund-2013,Borussia Dortmund,2013,False,possible_position_offset_proposal,unavailable,no retrieved native position labels for this year,9,0,9,,,83.66666666666667,,,,,,"No same-year position target in collected sources; proposal unavailable, no fabricated labels"
borussia-dortmund-2013,Borussia Dortmund,2013,False,hybrid_same_year_then_post,Mzafram SoFIFA,FIFA13,9,9,0,82.66666666666667,1.4907119849998598,83.66666666666667,-1.0,1.0,,,,first matched source per player; same-year before post-year; priority Mzafram > Stefano legacy > lbenz; provenance varies by row
borussia-dortmund-2015,Borussia Dortmund,2015,False,current_BattleBase_overall,Battle Base,current build-report,9,9,0,83.44444444444444,2.0061633428075325,83.44444444444444,0.0,0.0,,,,Current report values; denominator is all roster rows
borussia-dortmund-2015,Borussia Dortmund,2015,False,same_year_raw,Mzafram SoFIFA,FIFA15,9,9,0,82.44444444444444,2.0061633428075325,83.44444444444444,-1.0,1.0,,,,same-year or following-edition raw source snapshot
borussia-dortmund-2015,Borussia Dortmund,2015,False,same_year_quantile_candidate,Mzafram SoFIFA,FIFA15,9,9,0,82.45566083299087,2.0007711063464657,83.44444444444444,-0.9887836114535781,0.9887836114535781,,,,Empirical CDF maps source OVR percentile to pooled Mzafram FIFA17-FC24 OVR; exploratory only
borussia-dortmund-2015,Borussia Dortmund,2015,False,post_year_raw,Mzafram SoFIFA,FIFA16,9,9,0,83.22222222222223,2.3465235646603197,83.44444444444444,-0.2222222222222222,1.7777777777777777,,,,same-year or following-edition raw source snapshot
borussia-dortmund-2015,Borussia Dortmund,2015,False,same_year_raw,Stefano legacy,15,9,9,0,82.77777777777777,2.096440251568134,83.44444444444444,-0.6666666666666666,0.8888888888888888,,,,same-year or following-edition raw source snapshot
borussia-dortmund-2015,Borussia Dortmund,2015,False,same_year_quantile_candidate,Stefano legacy,15,9,9,0,82.78818592208296,2.08953955436161,83.44444444444444,-0.6562585223614911,0.8870065406113604,,,,Empirical CDF maps source OVR percentile to pooled Mzafram FIFA17-FC24 OVR; exploratory only
borussia-dortmund-2015,Borussia Dortmund,2015,False,possible_position_offset_proposal,Stefano legacy,15,9,9,0,79.66666666666667,3.5276684147527875,83.44444444444444,-3.7777777777777777,3.7777777777777777,gk,ambiguous_multiple_positions=2;coarse_proxy=6;exact_native_code=1,source_observed_target_with_rowwise_mapping_precision,"BB OVR + (source position base target - source OVR); modifiers excluded; proposal only. Coarse/ambiguous BB classes are representative proxies, not source-precise native-position alignment."
borussia-dortmund-2015,Borussia Dortmund,2015,False,post_year_raw,Stefano legacy,16,9,9,0,82.44444444444444,2.1659542988464366,83.44444444444444,-1.0,1.0,,,,same-year or following-edition raw source snapshot
borussia-dortmund-2015,Borussia Dortmund,2015,False,same_year_raw,lbenz FIFAIndex,15,9,9,0,82.44444444444444,2.0061633428075325,83.44444444444444,-1.0,1.0,,,,same-year or following-edition raw source snapshot
borussia-dortmund-2015,Borussia Dortmund,2015,False,same_year_quantile_candidate,lbenz FIFAIndex,15,9,9,0,82.45566083299087,2.0007711063464657,83.44444444444444,-0.9887836114535781,0.9887836114535781,,,,Empirical CDF maps source OVR percentile to pooled Mzafram FIFA17-FC24 OVR; exploratory only
borussia-dortmund-2015,Borussia Dortmund,2015,False,post_year_raw,lbenz FIFAIndex,16,9,9,0,83.22222222222223,2.3465235646603197,83.44444444444444,-0.2222222222222222,1.7777777777777777,,,,same-year or following-edition raw source snapshot
borussia-dortmund-2015,Borussia Dortmund,2015,False,hybrid_same_year_then_post,Mzafram SoFIFA,FIFA15,9,9,0,82.44444444444444,2.0061633428075325,83.44444444444444,-1.0,1.0,,,,first matched source per player; same-year before post-year; priority Mzafram > Stefano legacy > lbenz; provenance varies by row
borussia-dortmund-2017,Borussia Dortmund,2017,False,current_BattleBase_overall,Battle Base,current build-report,9,9,0,83.33333333333333,2.6246692913372702,83.33333333333333,0.0,0.0,,,,Current report values; denominator is all roster rows
borussia-dortmund-2017,Borussia Dortmund,2017,False,same_year_raw,Mzafram SoFIFA,FIFA17,9,9,0,83.33333333333333,2.6246692913372702,83.33333333333333,0.0,0.0,,,,same-year or following-edition raw source snapshot
borussia-dortmund-2017,Borussia Dortmund,2017,False,same_year_quantile_candidate,Mzafram SoFIFA,FIFA17,9,9,0,83.3427191743653,2.6185577502230255,83.33333333333333,0.009385841031972732,0.009385841031972732,,,,Empirical CDF maps source OVR percentile to pooled Mzafram FIFA17-FC24 OVR; exploratory only
borussia-dortmund-2017,Borussia Dortmund,2017,False,post_year_raw,Mzafram SoFIFA,FIFA18,9,9,0,82.66666666666667,2.449489742783178,83.33333333333333,-0.6666666666666666,1.1111111111111112,,,,same-year or following-edition raw source snapshot
borussia-dortmund-2017,Borussia Dortmund,2017,False,same_year_raw,Stefano legacy,17,9,9,0,81.66666666666667,3.7416573867739413,83.33333333333333,-1.6666666666666667,1.6666666666666667,,,,same-year or following-edition raw source snapshot
borussia-dortmund-2017,Borussia Dortmund,2017,False,same_year_quantile_candidate,Stefano legacy,17,9,9,0,81.68738697150386,3.7228634682720934,83.33333333333333,-1.645946361829475,1.6486293365984845,,,,Empirical CDF maps source OVR percentile to pooled Mzafram FIFA17-FC24 OVR; exploratory only
borussia-dortmund-2017,Borussia Dortmund,2017,False,possible_position_offset_proposal,Stefano legacy,17,9,9,0,79.66666666666667,3.7712361663282534,83.33333333333333,-3.6666666666666665,3.6666666666666665,gk,ambiguous_multiple_positions=3;coarse_proxy=5;exact_native_code=1,source_observed_target_with_rowwise_mapping_precision,"BB OVR + (source position base target - source OVR); modifiers excluded; proposal only. Coarse/ambiguous BB classes are representative proxies, not source-precise native-position alignment."
borussia-dortmund-2017,Borussia Dortmund,2017,False,post_year_raw,Stefano legacy,18,9,9,0,83.77777777777777,2.298684540619689,83.33333333333333,0.4444444444444444,0.8888888888888888,,,,same-year or following-edition raw source snapshot
borussia-dortmund-2017,Borussia Dortmund,2017,False,same_year_raw,lbenz FIFAIndex,17,9,9,0,83.33333333333333,2.6246692913372702,83.33333333333333,0.0,0.0,,,,same-year or following-edition raw source snapshot
borussia-dortmund-2017,Borussia Dortmund,2017,False,same_year_quantile_candidate,lbenz FIFAIndex,17,9,9,0,83.3427191743653,2.6185577502230255,83.33333333333333,0.009385841031972732,0.009385841031972732,,,,Empirical CDF maps source OVR percentile to pooled Mzafram FIFA17-FC24 OVR; exploratory only
borussia-dortmund-2017,Borussia Dortmund,2017,False,post_year_raw,lbenz FIFAIndex,18,9,9,0,82.66666666666667,2.449489742783178,83.33333333333333,-0.6666666666666666,1.1111111111111112,,,,same-year or following-edition raw source snapshot
borussia-dortmund-2017,Borussia Dortmund,2017,False,hybrid_same_year_then_post,Mzafram SoFIFA,FIFA17,9,9,0,83.33333333333333,2.6246692913372702,83.33333333333333,0.0,0.0,,,,first matched source per player; same-year before post-year; priority Mzafram > Stefano legacy > lbenz; provenance varies by row
borussia-dortmund-2023,Borussia Dortmund,2023,False,current_BattleBase_overall,Battle Base,current build-report,9,9,0,82.77777777777777,2.096440251568134,82.77777777777777,0.0,0.0,,,,Current report values; denominator is all roster rows
borussia-dortmund-2023,Borussia Dortmund,2023,False,same_year_raw,Mzafram SoFIFA,FIFA23,9,9,0,82.77777777777777,2.096440251568134,82.77777777777777,0.0,0.0,,,,same-year or following-edition raw source snapshot
borussia-dortmund-2023,Borussia Dortmund,2023,False,same_year_quantile_candidate,Mzafram SoFIFA,FIFA23,9,9,0,82.78847920580948,2.0872054092264936,82.77777777777777,0.010701428031704078,0.010701428031704078,,,,Empirical CDF maps source OVR percentile to pooled Mzafram FIFA17-FC24 OVR; exploratory only
borussia-dortmund-2023,Borussia Dortmund,2023,False,post_year_raw,Mzafram SoFIFA,FC24,9,9,0,83.55555555555556,2.499382639822665,82.77777777777777,0.7777777777777778,1.4444444444444444,,,,same-year or following-edition raw source snapshot
borussia-dortmund-2023,Borussia Dortmund,2023,False,same_year_raw,Stefano legacy,23,9,9,0,81.77777777777777,2.5288459281646762,82.77777777777777,-1.0,1.2222222222222223,,,,same-year or following-edition raw source snapshot
borussia-dortmund-2023,Borussia Dortmund,2023,False,same_year_quantile_candidate,Stefano legacy,23,9,9,0,81.79482479915734,2.506887381441572,82.77777777777777,-0.982952978620435,1.2112267486938637,,,,Empirical CDF maps source OVR percentile to pooled Mzafram FIFA17-FC24 OVR; exploratory only
borussia-dortmund-2023,Borussia Dortmund,2023,False,possible_position_offset_proposal,Stefano legacy,23,9,9,0,80.11111111111111,5.60643369401905,82.77777777777777,-2.6666666666666665,3.111111111111111,gk,ambiguous_multiple_positions=3;coarse_proxy=5;exact_native_code=1,source_observed_target_with_rowwise_mapping_precision,"BB OVR + (source position base target - source OVR); modifiers excluded; proposal only. Coarse/ambiguous BB classes are representative proxies, not source-precise native-position alignment."
borussia-dortmund-2023,Borussia Dortmund,2023,False,hybrid_same_year_then_post,Mzafram SoFIFA,FIFA23,9,9,0,82.77777777777777,2.096440251568134,82.77777777777777,0.0,0.0,,,,first matched source per player; same-year before post-year; priority Mzafram > Stefano legacy > lbenz; provenance varies by row
chelsea-2005,Chelsea,2005,False,current_BattleBase_overall,Battle Base,current build-report,8,8,0,86.125,1.6909686573085854,86.125,0.0,0.0,,,,Current report values; denominator is all roster rows
chelsea-2005,Chelsea,2005,False,same_year_raw,unavailable,no retrieved edition for calendar 2005,8,0,8,,,86.125,,,,,,No source file in collected corpus; this does not prove the game lacked data
chelsea-2005,Chelsea,2005,False,same_year_quantile_candidate,unavailable,no retrieved edition for calendar 2005,8,0,8,,,86.125,,,,,,No same-year source snapshot to rank-map
chelsea-2005,Chelsea,2005,False,post_year_raw,unavailable,no retrieved edition for calendar 2006,8,0,8,,,86.125,,,,,,No source file in collected corpus; this does not prove the game lacked data
chelsea-2005,Chelsea,2005,False,same_year_raw,lbenz FIFAIndex,05,8,8,0,88.0,1.8708286933869707,86.125,1.875,1.875,,,,same-year or following-edition raw source snapshot
chelsea-2005,Chelsea,2005,False,same_year_quantile_candidate,lbenz FIFAIndex,05,8,8,0,88.00138148062251,1.8697641341649618,86.125,1.8763814806225128,1.8763814806225128,,,,Empirical CDF maps source OVR percentile to pooled Mzafram FIFA17-FC24 OVR; exploratory only
chelsea-2005,Chelsea,2005,False,post_year_raw,lbenz FIFAIndex,06,8,8,0,87.625,3.461845606031557,86.125,1.5,3.5,,,,same-year or following-edition raw source snapshot
chelsea-2005,Chelsea,2005,False,possible_position_offset_proposal,unavailable,no retrieved native position labels for this year,8,0,8,,,86.125,,,,,,"No same-year position target in collected sources; proposal unavailable, no fabricated labels"
chelsea-2005,Chelsea,2005,False,hybrid_same_year_then_post,lbenz FIFAIndex,05,8,8,0,88.0,1.8708286933869707,86.125,1.875,1.875,,,,first matched source per player; same-year before post-year; priority Mzafram > Stefano legacy > lbenz; provenance varies by row
chelsea-2012,Chelsea,2012,False,current_BattleBase_overall,Battle Base,current build-report,8,8,0,85.0,2.1213203435596424,85.0,0.0,0.0,,,,Current report values; denominator is all roster rows
chelsea-2012,Chelsea,2012,False,same_year_raw,Mzafram SoFIFA,FIFA12,8,8,0,84.0,2.1213203435596424,85.0,-1.0,1.0,,,,same-year or following-edition raw source snapshot
chelsea-2012,Chelsea,2012,False,same_year_quantile_candidate,Mzafram SoFIFA,FIFA12,8,8,0,84.00732733206678,2.1135729436360893,85.0,-0.9926726679332205,0.9926726679332205,,,,Empirical CDF maps source OVR percentile to pooled Mzafram FIFA17-FC24 OVR; exploratory only
chelsea-2012,Chelsea,2012,False,post_year_raw,Mzafram SoFIFA,FIFA13,8,8,0,83.125,1.5360257159305635,85.0,-1.875,2.125,,,,same-year or following-edition raw source snapshot
chelsea-2012,Chelsea,2012,False,same_year_raw,lbenz FIFAIndex,12,8,8,0,84.0,2.1213203435596424,85.0,-1.0,1.0,,,,same-year or following-edition raw source snapshot
chelsea-2012,Chelsea,2012,False,same_year_quantile_candidate,lbenz FIFAIndex,12,8,8,0,84.00732733206678,2.1135729436360893,85.0,-0.9926726679332205,0.9926726679332205,,,,Empirical CDF maps source OVR percentile to pooled Mzafram FIFA17-FC24 OVR; exploratory only
chelsea-2012,Chelsea,2012,False,post_year_raw,lbenz FIFAIndex,13,8,8,0,83.125,1.5360257159305635,85.0,-1.875,2.125,,,,same-year or following-edition raw source snapshot
chelsea-2012,Chelsea,2012,False,possible_position_offset_proposal,unavailable,no retrieved native position labels for this year,8,0,8,,,85.0,,,,,,"No same-year position target in collected sources; proposal unavailable, no fabricated labels"
chelsea-2012,Chelsea,2012,False,hybrid_same_year_then_post,Mzafram SoFIFA,FIFA12,8,8,0,84.0,2.1213203435596424,85.0,-1.0,1.0,,,,first matched source per player; same-year before post-year; priority Mzafram > Stefano legacy > lbenz; provenance varies by row
chelsea-2016,Chelsea,2016,False,current_BattleBase_overall,Battle Base,current build-report,9,9,0,85.33333333333333,1.9436506316150999,85.33333333333333,0.0,0.0,,,,Current report values; denominator is all roster rows
chelsea-2016,Chelsea,2016,False,same_year_raw,Mzafram SoFIFA,FIFA16,9,9,0,84.33333333333333,1.9436506316150999,85.33333333333333,-1.0,1.0,,,,same-year or following-edition raw source snapshot
chelsea-2016,Chelsea,2016,False,same_year_quantile_candidate,Mzafram SoFIFA,FIFA16,9,9,0,84.33913197158836,1.9402966035794122,85.33333333333333,-0.9942013617449751,0.9942013617449751,,,,Empirical CDF maps source OVR percentile to pooled Mzafram FIFA17-FC24 OVR; exploratory only
chelsea-2016,Chelsea,2016,False,post_year_raw,Mzafram SoFIFA,FIFA17,9,9,0,85.11111111111111,2.5579698740491863,85.33333333333333,-0.2222222222222222,0.8888888888888888,,,,same-year or following-edition raw source snapshot
chelsea-2016,Chelsea,2016,False,same_year_raw,Stefano legacy,16,9,9,0,84.88888888888889,2.23330569358242,85.33333333333333,-0.4444444444444444,0.4444444444444444,,,,same-year or following-edition raw source snapshot
chelsea-2016,Chelsea,2016,False,same_year_quantile_candidate,Stefano legacy,16,9,9,0,84.89397602843948,2.229791331889728,85.33333333333333,-0.43935730489384794,0.4440787920094509,,,,Empirical CDF maps source OVR percentile to pooled Mzafram FIFA17-FC24 OVR; exploratory only
chelsea-2016,Chelsea,2016,False,possible_position_offset_proposal,Stefano legacy,16,9,9,0,82.88888888888889,1.9116278371205837,85.33333333333333,-2.4444444444444446,2.4444444444444446,gk,ambiguous_multiple_positions=2;coarse_proxy=6;exact_native_code=1,source_observed_target_with_rowwise_mapping_precision,"BB OVR + (source position base target - source OVR); modifiers excluded; proposal only. Coarse/ambiguous BB classes are representative proxies, not source-precise native-position alignment."
chelsea-2016,Chelsea,2016,False,post_year_raw,Stefano legacy,17,9,9,0,85.33333333333333,1.8856180831641267,85.33333333333333,0.0,0.8888888888888888,,,,same-year or following-edition raw source snapshot
chelsea-2016,Chelsea,2016,False,same_year_raw,lbenz FIFAIndex,16,9,9,0,84.33333333333333,1.9436506316150999,85.33333333333333,-1.0,1.0,,,,same-year or following-edition raw source snapshot
chelsea-2016,Chelsea,2016,False,same_year_quantile_candidate,lbenz FIFAIndex,16,9,9,0,84.33913197158836,1.9402966035794122,85.33333333333333,-0.9942013617449751,0.9942013617449751,,,,Empirical CDF maps source OVR percentile to pooled Mzafram FIFA17-FC24 OVR; exploratory only
chelsea-2016,Chelsea,2016,False,post_year_raw,lbenz FIFAIndex,17,9,9,0,85.11111111111111,2.5579698740491863,85.33333333333333,-0.2222222222222222,0.8888888888888888,,,,same-year or following-edition raw source snapshot
chelsea-2016,Chelsea,2016,False,hybrid_same_year_then_post,Mzafram SoFIFA,FIFA16,9,9,0,84.33333333333333,1.9436506316150999,85.33333333333333,-1.0,1.0,,,,first matched source per player; same-year before post-year; priority Mzafram > Stefano legacy > lbenz; provenance varies by row
chelsea-2021,Chelsea,2021,False,current_BattleBase_overall,Battle Base,current build-report,9,9,0,83.0,2.3570226039551585,83.0,0.0,0.0,,,,Current report values; denominator is all roster rows
chelsea-2021,Chelsea,2021,False,same_year_raw,Mzafram SoFIFA,FIFA21,9,9,0,83.0,2.3570226039551585,83.0,0.0,0.0,,,,same-year or following-edition raw source snapshot
chelsea-2021,Chelsea,2021,False,same_year_quantile_candidate,Mzafram SoFIFA,FIFA21,9,9,0,83.00985280966334,2.350954674972322,83.0,0.009852809663344588,0.009852809663344588,,,,Empirical CDF maps source OVR percentile to pooled Mzafram FIFA17-FC24 OVR; exploratory only
chelsea-2021,Chelsea,2021,False,post_year_raw,Mzafram SoFIFA,FIFA22,9,9,0,85.11111111111111,2.1314806770278754,83.0,2.111111111111111,2.3333333333333335,,,,same-year or following-edition raw source snapshot
chelsea-2021,Chelsea,2021,False,same_year_raw,Stefano legacy,21,9,9,0,82.55555555555556,3.337034981706935,83.0,-0.4444444444444444,1.1111111111111112,,,,same-year or following-edition raw source snapshot
chelsea-2021,Chelsea,2021,False,same_year_quantile_candidate,Stefano legacy,21,9,9,0,82.57038580903706,3.3232056267651564,83.0,-0.4296141909629417,1.1006427865164976,,,,Empirical CDF maps source OVR percentile to pooled Mzafram FIFA17-FC24 OVR; exploratory only
chelsea-2021,Chelsea,2021,False,possible_position_offset_proposal,Stefano legacy,21,9,9,0,80.44444444444444,2.586765939293959,83.0,-2.5555555555555554,2.5555555555555554,gk,ambiguous_multiple_positions=2;coarse_proxy=6;exact_native_code=1,source_observed_target_with_rowwise_mapping_precision,"BB OVR + (source position base target - source OVR); modifiers excluded; proposal only. Coarse/ambiguous BB classes are representative proxies, not source-precise native-position alignment."
chelsea-2021,Chelsea,2021,False,post_year_raw,Stefano legacy,22,9,9,0,84.22222222222223,2.3465235646603197,83.0,1.2222222222222223,1.2222222222222223,,,,same-year or following-edition raw source snapshot
chelsea-2021,Chelsea,2021,False,hybrid_same_year_then_post,Mzafram SoFIFA,FIFA21,9,9,0,83.0,2.3570226039551585,83.0,0.0,0.0,,,,first matched source per player; same-year before post-year; priority Mzafram > Stefano legacy > lbenz; provenance varies by row
chelsea-2023,Chelsea,2023,False,current_BattleBase_overall,Battle Base,current build-report,9,9,0,82.22222222222223,2.148786622868191,82.22222222222223,0.0,0.0,,,,Current report values; denominator is all roster rows
chelsea-2023,Chelsea,2023,False,same_year_raw,Mzafram SoFIFA,FIFA23,9,9,0,82.22222222222223,2.148786622868191,82.22222222222223,0.0,0.0,,,,same-year or following-edition raw source snapshot
chelsea-2023,Chelsea,2023,False,same_year_quantile_candidate,Mzafram SoFIFA,FIFA23,9,9,0,82.23505662281079,2.139314927861066,82.22222222222223,0.01283440058856892,0.01283440058856892,,,,Empirical CDF maps source OVR percentile to pooled Mzafram FIFA17-FC24 OVR; exploratory only
chelsea-2023,Chelsea,2023,False,post_year_raw,Mzafram SoFIFA,FC24,9,8,1,81.375,1.4947825928876748,82.22222222222223,-0.5,1.0,,,,same-year or following-edition raw source snapshot
chelsea-2023,Chelsea,2023,False,same_year_raw,Stefano legacy,23,9,9,0,82.88888888888889,3.107140323135458,82.22222222222223,0.6666666666666666,1.5555555555555556,,,,same-year or following-edition raw source snapshot
chelsea-2023,Chelsea,2023,False,same_year_quantile_candidate,Stefano legacy,23,9,9,0,82.90165015898593,3.0953453189255673,82.22222222222223,0.6794279367637096,1.5553239756781194,,,,Empirical CDF maps source OVR percentile to pooled Mzafram FIFA17-FC24 OVR; exploratory only
chelsea-2023,Chelsea,2023,False,possible_position_offset_proposal,Stefano legacy,23,9,9,0,79.77777777777777,2.4393887111222385,82.22222222222223,-2.4444444444444446,2.4444444444444446,gk,ambiguous_multiple_positions=1;coarse_proxy=7;exact_native_code=1,source_observed_target_with_rowwise_mapping_precision,"BB OVR + (source position base target - source OVR); modifiers excluded; proposal only. Coarse/ambiguous BB classes are representative proxies, not source-precise native-position alignment."
chelsea-2023,Chelsea,2023,False,hybrid_same_year_then_post,Mzafram SoFIFA,FIFA23,9,9,0,82.22222222222223,2.148786622868191,82.22222222222223,0.0,0.0,,,,first matched source per player; same-year before post-year; priority Mzafram > Stefano legacy > lbenz; provenance varies by row
deportivo-la-coruna-2000,Deportivo La Coruna,2000,False,current_BattleBase_overall,Battle Base,current build-report,9,9,0,86.55555555555556,2.3147407395555177,86.55555555555556,0.0,0.0,,,,Current report values; denominator is all roster rows
deportivo-la-coruna-2000,Deportivo La Coruna,2000,False,same_year_raw,unavailable,no retrieved edition for calendar 2000,9,0,9,,,86.55555555555556,,,,,,No source file in collected corpus; this does not prove the game lacked data
deportivo-la-coruna-2000,Deportivo La Coruna,2000,False,same_year_quantile_candidate,unavailable,no retrieved edition for calendar 2000,9,0,9,,,86.55555555555556,,,,,,No same-year source snapshot to rank-map
deportivo-la-coruna-2000,Deportivo La Coruna,2000,False,post_year_raw,unavailable,no retrieved edition for calendar 2001,9,0,9,,,86.55555555555556,,,,,,No source file in collected corpus; this does not prove the game lacked data
deportivo-la-coruna-2000,Deportivo La Coruna,2000,False,possible_position_offset_proposal,unavailable,no retrieved native position labels for this year,9,0,9,,,86.55555555555556,,,,,,"No same-year position target in collected sources; proposal unavailable, no fabricated labels"
deportivo-la-coruna-2000,Deportivo La Coruna,2000,False,hybrid_same_year_then_post,,,9,0,9,,,86.55555555555556,,,,,,first matched source per player; same-year before post-year; priority Mzafram > Stefano legacy > lbenz; provenance varies by row
inter-milan-2010,Inter Milan,2010,False,current_BattleBase_overall,Battle Base,current build-report,9,9,0,86.11111111111111,1.7284832429004495,86.11111111111111,0.0,0.0,,,,Current report values; denominator is all roster rows
inter-milan-2010,Inter Milan,2010,False,same_year_raw,Mzafram SoFIFA,FIFA10,9,9,0,85.22222222222223,1.547598697464902,86.11111111111111,-0.8888888888888888,0.8888888888888888,,,,same-year or following-edition raw source snapshot
inter-milan-2010,Inter Milan,2010,False,same_year_quantile_candidate,Mzafram SoFIFA,FIFA10,9,9,0,85.22597549214778,1.546096014923838,86.11111111111111,-0.8851356189633306,0.8880105612592565,,,,Empirical CDF maps source OVR percentile to pooled Mzafram FIFA17-FC24 OVR; exploratory only
inter-milan-2010,Inter Milan,2010,False,post_year_raw,Mzafram SoFIFA,FIFA11,9,9,0,84.66666666666667,1.247219128924647,86.11111111111111,-1.4444444444444444,2.3333333333333335,,,,same-year or following-edition raw source snapshot
inter-milan-2010,Inter Milan,2010,False,same_year_raw,lbenz FIFAIndex,10,9,9,0,80.22222222222223,14.657404482814803,86.11111111111111,-5.888888888888889,5.888888888888889,,,,same-year or following-edition raw source snapshot
inter-milan-2010,Inter Milan,2010,False,same_year_quantile_candidate,lbenz FIFAIndex,10,9,9,0,80.89215614578441,12.784994285724396,86.11111111111111,-5.218954965326702,5.218954965326702,,,,Empirical CDF maps source OVR percentile to pooled Mzafram FIFA17-FC24 OVR; exploratory only
inter-milan-2010,Inter Milan,2010,False,post_year_raw,lbenz FIFAIndex,11,9,8,1,79.5,15.370426148939398,86.11111111111111,-6.5,7.0,,,,same-year or following-edition raw source snapshot
inter-milan-2010,Inter Milan,2010,False,possible_position_offset_proposal,unavailable,no retrieved native position labels for this year,9,0,9,,,86.11111111111111,,,,,,"No same-year position target in collected sources; proposal unavailable, no fabricated labels"
inter-milan-2010,Inter Milan,2010,False,hybrid_same_year_then_post,Mzafram SoFIFA,FIFA10,9,9,0,85.22222222222223,1.547598697464902,86.11111111111111,-0.8888888888888888,0.8888888888888888,,,,first matched source per player; same-year before post-year; priority Mzafram > Stefano legacy > lbenz; provenance varies by row
inter-milan-2016,Inter Milan,2016,False,current_BattleBase_overall,Battle Base,current build-report,9,9,0,80.77777777777777,3.675074535231384,80.77777777777777,0.0,0.0,,,,Current report values; denominator is all roster rows
inter-milan-2016,Inter Milan,2016,False,same_year_raw,Mzafram SoFIFA,FIFA16,9,9,0,79.77777777777777,3.3259176771323924,80.77777777777777,-1.0,1.0,,,,same-year or following-edition raw source snapshot
inter-milan-2016,Inter Milan,2016,False,same_year_quantile_candidate,Mzafram SoFIFA,FIFA16,9,9,0,79.81044425248143,3.2976514309613845,80.77777777777777,-0.9673335252963524,0.9906027323320612,,,,Empirical CDF maps source OVR percentile to pooled Mzafram FIFA17-FC24 OVR; exploratory only
inter-milan-2016,Inter Milan,2016,False,post_year_raw,Mzafram SoFIFA,FIFA17,9,9,0,81.55555555555556,3.9752319599996264,80.77777777777777,0.7777777777777778,1.2222222222222223,,,,same-year or following-edition raw source snapshot
inter-milan-2016,Inter Milan,2016,False,same_year_raw,Stefano legacy,16,9,8,1,79.0,3.2015621187164243,80.77777777777777,-1.625,2.125,,,,same-year or following-edition raw source snapshot
inter-milan-2016,Inter Milan,2016,False,same_year_quantile_candidate,Stefano legacy,16,9,8,1,79.03803699489072,3.17457540481079,80.77777777777777,-1.5869630051092827,2.1164762988628354,,,,Empirical CDF maps source OVR percentile to pooled Mzafram FIFA17-FC24 OVR; exploratory only
inter-milan-2016,Inter Milan,2016,False,possible_position_offset_proposal,Stefano legacy,16,9,8,1,79.25,4.520785330006281,80.77777777777777,-1.375,1.375,gk,coarse_proxy=7;exact_native_code=1,source_observed_target_with_rowwise_mapping_precision,"BB OVR + (source position base target - source OVR); modifiers excluded; proposal only. Coarse/ambiguous BB classes are representative proxies, not source-precise native-position alignment."
inter-milan-2016,Inter Milan,2016,False,post_year_raw,Stefano legacy,17,9,9,0,81.22222222222223,3.8809442659051068,80.77777777777777,0.4444444444444444,0.6666666666666666,,,,same-year or following-edition raw source snapshot
inter-milan-2016,Inter Milan,2016,False,same_year_raw,lbenz FIFAIndex,16,9,9,0,75.88888888888889,13.30367070852957,80.77777777777777,-4.888888888888889,4.888888888888889,,,,same-year or following-edition raw source snapshot
inter-milan-2016,Inter Milan,2016,False,same_year_quantile_candidate,lbenz FIFAIndex,16,9,9,0,76.57658742674136,11.464736838328552,80.77777777777777,-4.201190351036429,4.201190351036429,,,,Empirical CDF maps source OVR percentile to pooled Mzafram FIFA17-FC24 OVR; exploratory only
inter-milan-2016,Inter Milan,2016,False,post_year_raw,lbenz FIFAIndex,17,9,9,0,77.55555555555556,14.008815566643987,80.77777777777777,-3.2222222222222223,5.0,,,,same-year or following-edition raw source snapshot
inter-milan-2016,Inter Milan,2016,False,hybrid_same_year_then_post,Mzafram SoFIFA,FIFA16,9,9,0,79.77777777777777,3.3259176771323924,80.77777777777777,-1.0,1.0,,,,first matched source per player; same-year before post-year; priority Mzafram > Stefano legacy > lbenz; provenance varies by row
inter-milan-2021,Inter Milan,2021,False,current_BattleBase_overall,Battle Base,current build-report,9,9,0,83.66666666666667,2.5385910352879693,83.66666666666667,0.0,0.0,,,,Current report values; denominator is all roster rows
inter-milan-2021,Inter Milan,2021,False,same_year_raw,Mzafram SoFIFA,FIFA21,9,9,0,83.66666666666667,2.5385910352879693,83.66666666666667,0.0,0.0,,,,same-year or following-edition raw source snapshot
inter-milan-2021,Inter Milan,2021,False,same_year_quantile_candidate,Mzafram SoFIFA,FIFA21,9,9,0,83.67567161973824,2.5289040822510445,83.66666666666667,0.00900495307157851,0.00900495307157851,,,,Empirical CDF maps source OVR percentile to pooled Mzafram FIFA17-FC24 OVR; exploratory only
inter-milan-2021,Inter Milan,2021,False,post_year_raw,Mzafram SoFIFA,FIFA22,9,9,0,84.55555555555556,1.2570787221094177,83.66666666666667,0.8888888888888888,1.5555555555555556,,,,same-year or following-edition raw source snapshot
inter-milan-2021,Inter Milan,2021,False,same_year_raw,Stefano legacy,21,9,9,0,83.22222222222223,3.520662115056635,83.66666666666667,-0.4444444444444444,1.1111111111111112,,,,same-year or following-edition raw source snapshot
inter-milan-2021,Inter Milan,2021,False,same_year_quantile_candidate,Stefano legacy,21,9,9,0,83.23679499544151,3.49869227725463,83.66666666666667,-0.42987167122515124,1.101591959304642,,,,Empirical CDF maps source OVR percentile to pooled Mzafram FIFA17-FC24 OVR; exploratory only
inter-milan-2021,Inter Milan,2021,False,possible_position_offset_proposal,Stefano legacy,21,9,9,0,81.88888888888889,3.510126444206959,83.66666666666667,-1.7777777777777777,1.7777777777777777,gk,ambiguous_multiple_positions=1;coarse_proxy=7;exact_native_code=1,source_observed_target_with_rowwise_mapping_precision,"BB OVR + (source position base target - source OVR); modifiers excluded; proposal only. Coarse/ambiguous BB classes are representative proxies, not source-precise native-position alignment."
inter-milan-2021,Inter Milan,2021,False,post_year_raw,Stefano legacy,22,9,9,0,84.44444444444444,2.216659704806667,83.66666666666667,0.7777777777777778,1.2222222222222223,,,,same-year or following-edition raw source snapshot
inter-milan-2021,Inter Milan,2021,False,hybrid_same_year_then_post,Mzafram SoFIFA,FIFA21,9,9,0,83.66666666666667,2.5385910352879693,83.66666666666667,0.0,0.0,,,,first matched source per player; same-year before post-year; priority Mzafram > Stefano legacy > lbenz; provenance varies by row
inter-milan-2024,Inter Milan,2024,False,current_BattleBase_overall,Battle Base,current build-report,9,9,0,84.44444444444444,2.1659542988464366,84.44444444444444,0.0,0.0,,,,Current report values; denominator is all roster rows
inter-milan-2024,Inter Milan,2024,False,same_year_raw,Mzafram SoFIFA,FC24,9,9,0,84.44444444444444,2.1659542988464366,84.44444444444444,0.0,0.0,,,,same-year or following-edition raw source snapshot
inter-milan-2024,Inter Milan,2024,False,same_year_quantile_candidate,Mzafram SoFIFA,FC24,9,9,0,84.4504487621986,2.161598838705969,84.44444444444444,0.006004317754155232,0.006004317754155232,,,,Empirical CDF maps source OVR percentile to pooled Mzafram FIFA17-FC24 OVR; exploratory only
inter-milan-2024,Inter Milan,2024,False,post_year_raw,Mzafram SoFIFA,FC25,9,9,0,85.66666666666667,1.632993161855452,84.44444444444444,1.2222222222222223,1.2222222222222223,,,,same-year or following-edition raw source snapshot
inter-milan-2024,Inter Milan,2024,False,possible_position_offset_proposal,unavailable,no retrieved native position labels for this year,9,0,9,,,84.44444444444444,,,,,,"No same-year position target in collected sources; proposal unavailable, no fabricated labels"
inter-milan-2024,Inter Milan,2024,False,hybrid_same_year_then_post,Mzafram SoFIFA,FC24,9,9,0,84.44444444444444,2.1659542988464366,84.44444444444444,0.0,0.0,,,,first matched source per player; same-year before post-year; priority Mzafram > Stefano legacy > lbenz; provenance varies by row
juventus-2003,Juventus,2003,False,current_BattleBase_overall,Battle Base,current build-report,9,9,0,90.66666666666667,2.357022603955158,90.66666666666667,0.0,0.0,,,,Current report values; denominator is all roster rows
juventus-2003,Juventus,2003,False,same_year_raw,unavailable,no retrieved edition for calendar 2003,9,0,9,,,90.66666666666667,,,,,,No source file in collected corpus; this does not prove the game lacked data
juventus-2003,Juventus,2003,False,same_year_quantile_candidate,unavailable,no retrieved edition for calendar 2003,9,0,9,,,90.66666666666667,,,,,,No same-year source snapshot to rank-map
juventus-2003,Juventus,2003,False,post_year_raw,unavailable,no retrieved edition for calendar 2004,9,0,9,,,90.66666666666667,,,,,,No source file in collected corpus; this does not prove the game lacked data
juventus-2003,Juventus,2003,False,possible_position_offset_proposal,unavailable,no retrieved native position labels for this year,9,0,9,,,90.66666666666667,,,,,,"No same-year position target in collected sources; proposal unavailable, no fabricated labels"
juventus-2003,Juventus,2003,False,hybrid_same_year_then_post,,,9,0,9,,,90.66666666666667,,,,,,first matched source per player; same-year before post-year; priority Mzafram > Stefano legacy > lbenz; provenance varies by row
juventus-2012,Juventus,2012,False,current_BattleBase_overall,Battle Base,current build-report,9,9,0,83.22222222222223,2.439388711122239,83.22222222222223,0.0,0.0,,,,Current report values; denominator is all roster rows
juventus-2012,Juventus,2012,False,same_year_raw,Mzafram SoFIFA,FIFA12,9,9,0,82.33333333333333,2.403700850309326,83.22222222222223,-0.8888888888888888,0.8888888888888888,,,,same-year or following-edition raw source snapshot
juventus-2012,Juventus,2012,False,same_year_quantile_candidate,Mzafram SoFIFA,FIFA12,9,9,0,82.34632923041418,2.393037361481008,83.22222222222223,-0.8758929918080361,0.878339816040049,,,,Empirical CDF maps source OVR percentile to pooled Mzafram FIFA17-FC24 OVR; exploratory only
juventus-2012,Juventus,2012,False,post_year_raw,Mzafram SoFIFA,FIFA13,9,8,1,84.75,1.8540496217739157,83.22222222222223,1.125,1.125,,,,same-year or following-edition raw source snapshot
juventus-2012,Juventus,2012,False,same_year_raw,lbenz FIFAIndex,12,9,9,0,82.33333333333333,2.403700850309326,83.22222222222223,-0.8888888888888888,0.8888888888888888,,,,same-year or following-edition raw source snapshot
juventus-2012,Juventus,2012,False,same_year_quantile_candidate,lbenz FIFAIndex,12,9,9,0,82.34632923041418,2.393037361481008,83.22222222222223,-0.8758929918080361,0.878339816040049,,,,Empirical CDF maps source OVR percentile to pooled Mzafram FIFA17-FC24 OVR; exploratory only
juventus-2012,Juventus,2012,False,post_year_raw,lbenz FIFAIndex,13,9,9,0,83.77777777777777,3.258417399692262,83.22222222222223,0.5555555555555556,1.4444444444444444,,,,same-year or following-edition raw source snapshot
juventus-2012,Juventus,2012,False,possible_position_offset_proposal,unavailable,no retrieved native position labels for this year,9,0,9,,,83.22222222222223,,,,,,"No same-year position target in collected sources; proposal unavailable, no fabricated labels"
juventus-2012,Juventus,2012,False,hybrid_same_year_then_post,Mzafram SoFIFA,FIFA12,9,9,0,82.33333333333333,2.403700850309326,83.22222222222223,-0.8888888888888888,0.8888888888888888,,,,first matched source per player; same-year before post-year; priority Mzafram > Stefano legacy > lbenz; provenance varies by row
juventus-2017,Juventus,2017,False,current_BattleBase_overall,Battle Base,current build-report,9,9,0,86.0,2.0,86.0,0.0,0.0,,,,Current report values; denominator is all roster rows
juventus-2017,Juventus,2017,False,same_year_raw,Mzafram SoFIFA,FIFA17,9,9,0,86.0,2.0,86.0,0.0,0.0,,,,same-year or following-edition raw source snapshot
juventus-2017,Juventus,2017,False,same_year_quantile_candidate,Mzafram SoFIFA,FIFA17,9,9,0,86.00317584378838,1.99780007041354,86.0,0.003175843788388496,0.003175843788388496,,,,Empirical CDF maps source OVR percentile to pooled Mzafram FIFA17-FC24 OVR; exploratory only
juventus-2017,Juventus,2017,False,post_year_raw,Mzafram SoFIFA,FIFA18,9,9,0,86.88888888888889,2.3306863292670035,86.0,0.8888888888888888,1.1111111111111112,,,,same-year or following-edition raw source snapshot
juventus-2017,Juventus,2017,False,same_year_raw,Stefano legacy,17,9,9,0,85.66666666666667,2.0,86.0,-0.3333333333333333,0.3333333333333333,,,,same-year or following-edition raw source snapshot
juventus-2017,Juventus,2017,False,same_year_quantile_candidate,Stefano legacy,17,9,9,0,85.6702866258145,1.9975307819868886,86.0,-0.3297133741855052,0.33421546984269906,,,,Empirical CDF maps source OVR percentile to pooled Mzafram FIFA17-FC24 OVR; exploratory only
juventus-2017,Juventus,2017,False,possible_position_offset_proposal,Stefano legacy,17,9,9,0,80.44444444444444,6.25586144900411,86.0,-5.555555555555555,5.555555555555555,gk,ambiguous_multiple_positions=3;coarse_proxy=5;exact_native_code=1,source_observed_target_with_rowwise_mapping_precision,"BB OVR + (source position base target - source OVR); modifiers excluded; proposal only. Coarse/ambiguous BB classes are representative proxies, not source-precise native-position alignment."
juventus-2017,Juventus,2017,False,post_year_raw,Stefano legacy,18,9,9,0,86.88888888888889,2.3306863292670035,86.0,0.8888888888888888,0.8888888888888888,,,,same-year or following-edition raw source snapshot
juventus-2017,Juventus,2017,False,same_year_raw,lbenz FIFAIndex,17,9,9,0,86.0,2.0,86.0,0.0,0.0,,,,same-year or following-edition raw source snapshot
juventus-2017,Juventus,2017,False,same_year_quantile_candidate,lbenz FIFAIndex,17,9,9,0,86.00317584378838,1.99780007041354,86.0,0.003175843788388496,0.003175843788388496,,,,Empirical CDF maps source OVR percentile to pooled Mzafram FIFA17-FC24 OVR; exploratory only
juventus-2017,Juventus,2017,False,post_year_raw,lbenz FIFAIndex,18,9,9,0,86.88888888888889,2.3306863292670035,86.0,0.8888888888888888,1.1111111111111112,,,,same-year or following-edition raw source snapshot
juventus-2017,Juventus,2017,False,hybrid_same_year_then_post,Mzafram SoFIFA,FIFA17,9,9,0,86.0,2.0,86.0,0.0,0.0,,,,first matched source per player; same-year before post-year; priority Mzafram > Stefano legacy > lbenz; provenance varies by row
juventus-2021,Juventus,2021,False,current_BattleBase_overall,Battle Base,current build-report,9,9,0,83.22222222222223,4.0490815907307995,83.22222222222223,0.0,0.0,,,,Current report values; denominator is all roster rows
juventus-2021,Juventus,2021,False,same_year_raw,Mzafram SoFIFA,FIFA21,9,9,0,83.22222222222223,4.0490815907307995,83.22222222222223,0.0,0.0,,,,same-year or following-edition raw source snapshot
juventus-2021,Juventus,2021,False,same_year_quantile_candidate,Mzafram SoFIFA,FIFA21,9,9,0,83.23493626221251,4.0398610179786,83.22222222222223,0.012714039990290379,0.012714039990290379,,,,Empirical CDF maps source OVR percentile to pooled Mzafram FIFA17-FC24 OVR; exploratory only
juventus-2021,Juventus,2021,False,post_year_raw,Mzafram SoFIFA,FIFA22,9,9,0,83.77777777777777,3.424674446093876,83.22222222222223,0.5555555555555556,1.0,,,,same-year or following-edition raw source snapshot
juventus-2021,Juventus,2021,False,same_year_raw,Stefano legacy,21,9,9,0,83.0,4.346134936801766,83.22222222222223,-0.2222222222222222,0.4444444444444444,,,,same-year or following-edition raw source snapshot
juventus-2021,Juventus,2021,False,same_year_quantile_candidate,Stefano legacy,21,9,9,0,83.0149292843481,4.3345077069394335,83.22222222222223,-0.2072929378741214,0.44125869757651043,,,,Empirical CDF maps source OVR percentile to pooled Mzafram FIFA17-FC24 OVR; exploratory only
juventus-2021,Juventus,2021,False,possible_position_offset_proposal,Stefano legacy,21,9,9,0,80.66666666666667,5.676462121975467,83.22222222222223,-2.5555555555555554,2.5555555555555554,gk,ambiguous_multiple_positions=2;coarse_proxy=6;exact_native_code=1,source_observed_target_with_rowwise_mapping_precision,"BB OVR + (source position base target - source OVR); modifiers excluded; proposal only. Coarse/ambiguous BB classes are representative proxies, not source-precise native-position alignment."
juventus-2021,Juventus,2021,False,post_year_raw,Stefano legacy,22,9,9,0,83.77777777777777,3.5832256659104664,83.22222222222223,0.5555555555555556,1.0,,,,same-year or following-edition raw source snapshot
juventus-2021,Juventus,2021,False,hybrid_same_year_then_post,Mzafram SoFIFA,FIFA21,9,9,0,83.22222222222223,4.0490815907307995,83.22222222222223,0.0,0.0,,,,first matched source per player; same-year before post-year; priority Mzafram > Stefano legacy > lbenz; provenance varies by row
lazio-2000,Lazio,2000,False,current_BattleBase_overall,Battle Base,current build-report,9,9,0,88.44444444444444,2.871743996293352,88.44444444444444,0.0,0.0,,,,Current report values; denominator is all roster rows
lazio-2000,Lazio,2000,False,same_year_raw,unavailable,no retrieved edition for calendar 2000,9,0,9,,,88.44444444444444,,,,,,No source file in collected corpus; this does not prove the game lacked data
lazio-2000,Lazio,2000,False,same_year_quantile_candidate,unavailable,no retrieved edition for calendar 2000,9,0,9,,,88.44444444444444,,,,,,No same-year source snapshot to rank-map
lazio-2000,Lazio,2000,False,post_year_raw,unavailable,no retrieved edition for calendar 2001,9,0,9,,,88.44444444444444,,,,,,No source file in collected corpus; this does not prove the game lacked data
lazio-2000,Lazio,2000,False,possible_position_offset_proposal,unavailable,no retrieved native position labels for this year,9,0,9,,,88.44444444444444,,,,,,"No same-year position target in collected sources; proposal unavailable, no fabricated labels"
lazio-2000,Lazio,2000,False,hybrid_same_year_then_post,,,9,0,9,,,88.44444444444444,,,,,,first matched source per player; same-year before post-year; priority Mzafram > Stefano legacy > lbenz; provenance varies by row
leicester-city-2016,Leicester City,2016,False,current_BattleBase_overall,Battle Base,current build-report,9,9,0,78.55555555555556,2.0608041101101566,78.55555555555556,0.0,0.0,,,,Current report values; denominator is all roster rows
leicester-city-2016,Leicester City,2016,False,same_year_raw,Mzafram SoFIFA,FIFA16,9,8,1,78.0,1.7320508075688772,78.55555555555556,-0.75,0.75,,,,same-year or following-edition raw source snapshot
leicester-city-2016,Leicester City,2016,False,same_year_quantile_candidate,Mzafram SoFIFA,FIFA16,9,8,1,78.04101506260122,1.7130727379130337,78.55555555555556,-0.7089849373987818,0.7447183219228464,,,,Empirical CDF maps source OVR percentile to pooled Mzafram FIFA17-FC24 OVR; exploratory only
leicester-city-2016,Leicester City,2016,False,post_year_raw,Mzafram SoFIFA,FIFA17,9,7,2,80.85714285714286,2.4743582965269675,78.55555555555556,1.4285714285714286,2.2857142857142856,,,,same-year or following-edition raw source snapshot
leicester-city-2016,Leicester City,2016,False,same_year_raw,Stefano legacy,16,9,8,1,74.125,2.315032397181517,78.55555555555556,-4.625,4.625,,,,same-year or following-edition raw source snapshot
leicester-city-2016,Leicester City,2016,False,same_year_quantile_candidate,Stefano legacy,16,9,8,1,74.24043418941255,2.2557145082923036,78.55555555555556,-4.509565810587446,4.509565810587446,,,,Empirical CDF maps source OVR percentile to pooled Mzafram FIFA17-FC24 OVR; exploratory only
leicester-city-2016,Leicester City,2016,False,possible_position_offset_proposal,Stefano legacy,16,9,8,1,76.875,3.8547859862773186,78.55555555555556,-1.875,1.875,gk,ambiguous_multiple_positions=1;coarse_proxy=6;exact_native_code=1,source_observed_target_with_rowwise_mapping_precision,"BB OVR + (source position base target - source OVR); modifiers excluded; proposal only. Coarse/ambiguous BB classes are representative proxies, not source-precise native-position alignment."
leicester-city-2016,Leicester City,2016,False,post_year_raw,Stefano legacy,17,9,8,1,80.125,2.666341125962693,78.55555555555556,1.375,1.375,,,,same-year or following-edition raw source snapshot
leicester-city-2016,Leicester City,2016,False,same_year_raw,lbenz FIFAIndex,16,9,9,0,73.33333333333333,12.256517540566822,78.55555555555556,-5.222222222222222,5.222222222222222,,,,same-year or following-edition raw source snapshot
leicester-city-2016,Leicester City,2016,False,same_year_quantile_candidate,lbenz FIFAIndex,16,9,9,0,74.04027280719473,10.403373958519067,78.55555555555556,-4.515282748360834,4.547045756826669,,,,Empirical CDF maps source OVR percentile to pooled Mzafram FIFA17-FC24 OVR; exploratory only
leicester-city-2016,Leicester City,2016,False,post_year_raw,lbenz FIFAIndex,17,9,9,0,75.11111111111111,13.008069670139758,78.55555555555556,-3.4444444444444446,6.333333333333333,,,,same-year or following-edition raw source snapshot
leicester-city-2016,Leicester City,2016,False,hybrid_same_year_then_post,"Mzafram SoFIFA,lbenz FIFAIndex",16;FIFA16,9,9,0,77.77777777777777,1.7497795275581802,78.55555555555556,-0.7777777777777778,0.7777777777777778,,,,first matched source per player; same-year before post-year; priority Mzafram > Stefano legacy > lbenz; provenance varies by row
lille-2021,Lille,2021,False,current_BattleBase_overall,Battle Base,current build-report,9,9,0,79.22222222222223,1.872477727372524,79.22222222222223,0.0,0.0,,,,Current report values; denominator is all roster rows
lille-2021,Lille,2021,False,same_year_raw,Mzafram SoFIFA,FIFA21,9,9,0,79.22222222222223,1.872477727372524,79.22222222222223,0.0,0.0,,,,same-year or following-edition raw source snapshot
lille-2021,Lille,2021,False,same_year_quantile_candidate,Mzafram SoFIFA,FIFA21,9,9,0,79.25185759057058,1.8581529576067766,79.22222222222223,0.02963536834835799,0.02963536834835799,,,,Empirical CDF maps source OVR percentile to pooled Mzafram FIFA17-FC24 OVR; exploratory only
lille-2021,Lille,2021,False,post_year_raw,Mzafram SoFIFA,FIFA22,9,9,0,79.44444444444444,2.266230894930126,79.22222222222223,0.2222222222222222,1.3333333333333333,,,,same-year or following-edition raw source snapshot
lille-2021,Lille,2021,False,same_year_raw,Stefano legacy,21,9,9,0,77.0,3.6209268304000717,79.22222222222223,-2.2222222222222223,2.2222222222222223,,,,same-year or following-edition raw source snapshot
lille-2021,Lille,2021,False,same_year_quantile_candidate,Stefano legacy,21,9,9,0,77.07400805350011,3.539153661219172,79.22222222222223,-2.1482141687221077,2.1637772506267843,,,,Empirical CDF maps source OVR percentile to pooled Mzafram FIFA17-FC24 OVR; exploratory only
lille-2021,Lille,2021,False,possible_position_offset_proposal,Stefano legacy,21,9,9,0,77.55555555555556,2.753224820747526,79.22222222222223,-1.6666666666666667,1.6666666666666667,gk,ambiguous_multiple_positions=1;coarse_proxy=7;exact_native_code=1,source_observed_target_with_rowwise_mapping_precision,"BB OVR + (source position base target - source OVR); modifiers excluded; proposal only. Coarse/ambiguous BB classes are representative proxies, not source-precise native-position alignment."
lille-2021,Lille,2021,False,post_year_raw,Stefano legacy,22,9,9,0,80.22222222222223,1.7497795275581802,79.22222222222223,1.0,1.0,,,,same-year or following-edition raw source snapshot
lille-2021,Lille,2021,False,hybrid_same_year_then_post,Mzafram SoFIFA,FIFA21,9,9,0,79.22222222222223,1.872477727372524,79.22222222222223,0.0,0.0,,,,first matched source per player; same-year before post-year; priority Mzafram > Stefano legacy > lbenz; provenance varies by row
liverpool-2005,Liverpool,2005,False,current_BattleBase_overall,Battle Base,current build-report,8,8,0,83.5,3.0413812651491097,83.5,0.0,0.0,,,,Current report values; denominator is all roster rows
liverpool-2005,Liverpool,2005,False,same_year_raw,unavailable,no retrieved edition for calendar 2005,8,0,8,,,83.5,,,,,,No source file in collected corpus; this does not prove the game lacked data
liverpool-2005,Liverpool,2005,False,same_year_quantile_candidate,unavailable,no retrieved edition for calendar 2005,8,0,8,,,83.5,,,,,,No same-year source snapshot to rank-map
liverpool-2005,Liverpool,2005,False,post_year_raw,unavailable,no retrieved edition for calendar 2006,8,0,8,,,83.5,,,,,,No source file in collected corpus; this does not prove the game lacked data
liverpool-2005,Liverpool,2005,False,same_year_raw,lbenz FIFAIndex,05,8,8,0,85.0,3.6742346141747673,83.5,1.5,1.5,,,,same-year or following-edition raw source snapshot
liverpool-2005,Liverpool,2005,False,same_year_quantile_candidate,lbenz FIFAIndex,05,8,8,0,85.00655774795086,3.6690968306007905,83.5,1.5065577479508647,1.5065577479508647,,,,Empirical CDF maps source OVR percentile to pooled Mzafram FIFA17-FC24 OVR; exploratory only
liverpool-2005,Liverpool,2005,False,post_year_raw,lbenz FIFAIndex,06,8,8,0,86.25,2.222048604328897,83.5,2.75,3.0,,,,same-year or following-edition raw source snapshot
liverpool-2005,Liverpool,2005,False,possible_position_offset_proposal,unavailable,no retrieved native position labels for this year,8,0,8,,,83.5,,,,,,"No same-year position target in collected sources; proposal unavailable, no fabricated labels"
liverpool-2005,Liverpool,2005,False,hybrid_same_year_then_post,lbenz FIFAIndex,05,8,8,0,85.0,3.6742346141747673,83.5,1.5,1.5,,,,first matched source per player; same-year before post-year; priority Mzafram > Stefano legacy > lbenz; provenance varies by row
liverpool-2019,Liverpool,2019,False,current_BattleBase_overall,Battle Base,current build-report,9,9,0,85.0,3.018461712712472,85.0,0.0,0.0,,,,Current report values; denominator is all roster rows
liverpool-2019,Liverpool,2019,False,same_year_raw,Mzafram SoFIFA,FIFA19,9,9,0,85.0,3.018461712712472,85.0,0.0,0.0,,,,same-year or following-edition raw source snapshot
liverpool-2019,Liverpool,2019,False,same_year_quantile_candidate,Mzafram SoFIFA,FIFA19,9,9,0,85.0061284872257,3.0127272855084,85.0,0.006128487225699549,0.006128487225699549,,,,Empirical CDF maps source OVR percentile to pooled Mzafram FIFA17-FC24 OVR; exploratory only
liverpool-2019,Liverpool,2019,False,post_year_raw,Mzafram SoFIFA,FIFA20,9,9,0,87.55555555555556,2.454524670486058,85.0,2.5555555555555554,2.5555555555555554,,,,same-year or following-edition raw source snapshot
liverpool-2019,Liverpool,2019,False,same_year_raw,Stefano legacy,19,9,9,0,83.55555555555556,2.871743996293352,85.0,-1.4444444444444444,1.4444444444444444,,,,same-year or following-edition raw source snapshot
liverpool-2019,Liverpool,2019,False,same_year_quantile_candidate,Stefano legacy,19,9,9,0,83.56553634357341,2.861811768258437,85.0,-1.4344636564265885,1.4377225337828148,,,,Empirical CDF maps source OVR percentile to pooled Mzafram FIFA17-FC24 OVR; exploratory only
liverpool-2019,Liverpool,2019,False,possible_position_offset_proposal,Stefano legacy,19,9,9,0,81.11111111111111,4.280302285390716,85.0,-3.888888888888889,3.888888888888889,gk,ambiguous_multiple_positions=1;coarse_proxy=7;exact_native_code=1,source_observed_target_with_rowwise_mapping_precision,"BB OVR + (source position base target - source OVR); modifiers excluded; proposal only. Coarse/ambiguous BB classes are representative proxies, not source-precise native-position alignment."
liverpool-2019,Liverpool,2019,False,post_year_raw,Stefano legacy,20,9,9,0,86.33333333333333,2.748737083745107,85.0,1.3333333333333333,1.3333333333333333,,,,same-year or following-edition raw source snapshot
liverpool-2019,Liverpool,2019,False,same_year_raw,lbenz FIFAIndex,19,9,9,0,85.0,3.018461712712472,85.0,0.0,0.0,,,,same-year or following-edition raw source snapshot
liverpool-2019,Liverpool,2019,False,same_year_quantile_candidate,lbenz FIFAIndex,19,9,9,0,85.0061284872257,3.0127272855084,85.0,0.006128487225699549,0.006128487225699549,,,,Empirical CDF maps source OVR percentile to pooled Mzafram FIFA17-FC24 OVR; exploratory only
liverpool-2019,Liverpool,2019,False,post_year_raw,lbenz FIFAIndex,20,9,9,0,87.55555555555556,2.454524670486058,85.0,2.5555555555555554,2.5555555555555554,,,,same-year or following-edition raw source snapshot
liverpool-2019,Liverpool,2019,False,hybrid_same_year_then_post,Mzafram SoFIFA,FIFA19,9,9,0,85.0,3.018461712712472,85.0,0.0,0.0,,,,first matched source per player; same-year before post-year; priority Mzafram > Stefano legacy > lbenz; provenance varies by row
manchester-city-2012,Manchester City,2012,False,current_BattleBase_overall,Battle Base,current build-report,9,9,0,84.55555555555556,3.201080064641763,84.55555555555556,0.0,0.0,,,,Current report values; denominator is all roster rows
manchester-city-2012,Manchester City,2012,False,same_year_raw,Mzafram SoFIFA,FIFA12,9,9,0,83.66666666666667,3.3333333333333335,84.55555555555556,-0.8888888888888888,0.8888888888888888,,,,same-year or following-edition raw source snapshot
manchester-city-2012,Manchester City,2012,False,same_year_quantile_candidate,Mzafram SoFIFA,FIFA12,9,9,0,83.6779112409244,3.3199300408462693,84.55555555555556,-0.8776443146311471,0.8778804651681438,,,,Empirical CDF maps source OVR percentile to pooled Mzafram FIFA17-FC24 OVR; exploratory only
manchester-city-2012,Manchester City,2012,False,post_year_raw,Mzafram SoFIFA,FIFA13,9,9,0,84.33333333333333,2.788866755113585,84.55555555555556,-0.2222222222222222,0.8888888888888888,,,,same-year or following-edition raw source snapshot
manchester-city-2012,Manchester City,2012,False,same_year_raw,lbenz FIFAIndex,12,9,9,0,83.66666666666667,3.3333333333333335,84.55555555555556,-0.8888888888888888,0.8888888888888888,,,,same-year or following-edition raw source snapshot
manchester-city-2012,Manchester City,2012,False,same_year_quantile_candidate,lbenz FIFAIndex,12,9,9,0,83.6779112409244,3.3199300408462693,84.55555555555556,-0.8776443146311471,0.8778804651681438,,,,Empirical CDF maps source OVR percentile to pooled Mzafram FIFA17-FC24 OVR; exploratory only
manchester-city-2012,Manchester City,2012,False,post_year_raw,lbenz FIFAIndex,13,9,9,0,84.33333333333333,2.788866755113585,84.55555555555556,-0.2222222222222222,0.8888888888888888,,,,same-year or following-edition raw source snapshot
manchester-city-2012,Manchester City,2012,False,possible_position_offset_proposal,unavailable,no retrieved native position labels for this year,9,0,9,,,84.55555555555556,,,,,,"No same-year position target in collected sources; proposal unavailable, no fabricated labels"
manchester-city-2012,Manchester City,2012,False,hybrid_same_year_then_post,Mzafram SoFIFA,FIFA12,9,9,0,83.66666666666667,3.3333333333333335,84.55555555555556,-0.8888888888888888,0.8888888888888888,,,,first matched source per player; same-year before post-year; priority Mzafram > Stefano legacy > lbenz; provenance varies by row
manchester-city-2023,Manchester City,2023,False,current_BattleBase_overall,Battle Base,current build-report,9,9,0,87.0,2.6246692913372702,87.0,0.0,0.0,,,,Current report values; denominator is all roster rows
manchester-city-2023,Manchester City,2023,False,same_year_raw,Mzafram SoFIFA,FIFA23,9,9,0,87.0,2.6246692913372702,87.0,0.0,0.0,,,,same-year or following-edition raw source snapshot
manchester-city-2023,Manchester City,2023,False,same_year_quantile_candidate,Mzafram SoFIFA,FIFA23,9,9,0,87.00259689409157,2.622262184355393,87.0,0.002596894091564334,0.002596894091564334,,,,Empirical CDF maps source OVR percentile to pooled Mzafram FIFA17-FC24 OVR; exploratory only
manchester-city-2023,Manchester City,2023,False,post_year_raw,Mzafram SoFIFA,FC24,9,9,0,87.88888888888889,2.514157444218836,87.0,0.8888888888888888,0.8888888888888888,,,,same-year or following-edition raw source snapshot
manchester-city-2023,Manchester City,2023,False,same_year_raw,Stefano legacy,23,9,9,0,87.0,2.4037008503093262,87.0,0.0,0.4444444444444444,,,,same-year or following-edition raw source snapshot
manchester-city-2023,Manchester City,2023,False,same_year_quantile_candidate,Stefano legacy,23,9,9,0,87.0024513948948,2.401463859074651,87.0,0.002451394894807082,0.44665968880225493,,,,Empirical CDF maps source OVR percentile to pooled Mzafram FIFA17-FC24 OVR; exploratory only
manchester-city-2023,Manchester City,2023,False,possible_position_offset_proposal,Stefano legacy,23,9,9,0,84.55555555555556,3.235604395235786,87.0,-2.4444444444444446,2.4444444444444446,gk,ambiguous_multiple_positions=1;coarse_proxy=7;exact_native_code=1,source_observed_target_with_rowwise_mapping_precision,"BB OVR + (source position base target - source OVR); modifiers excluded; proposal only. Coarse/ambiguous BB classes are representative proxies, not source-precise native-position alignment."
manchester-city-2023,Manchester City,2023,False,hybrid_same_year_then_post,Mzafram SoFIFA,FIFA23,9,9,0,87.0,2.6246692913372702,87.0,0.0,0.0,,,,first matched source per player; same-year before post-year; priority Mzafram > Stefano legacy > lbenz; provenance varies by row
manchester-united-1999,Manchester United,1999,False,current_BattleBase_overall,Battle Base,current build-report,9,9,0,90.22222222222223,2.298684540619689,90.22222222222223,0.0,0.0,,,,Current report values; denominator is all roster rows
manchester-united-1999,Manchester United,1999,False,same_year_raw,unavailable,no retrieved edition for calendar 1999,9,0,9,,,90.22222222222223,,,,,,No source file in collected corpus; this does not prove the game lacked data
manchester-united-1999,Manchester United,1999,False,same_year_quantile_candidate,unavailable,no retrieved edition for calendar 1999,9,0,9,,,90.22222222222223,,,,,,No same-year source snapshot to rank-map
manchester-united-1999,Manchester United,1999,False,post_year_raw,unavailable,no retrieved edition for calendar 2000,9,0,9,,,90.22222222222223,,,,,,No source file in collected corpus; this does not prove the game lacked data
manchester-united-1999,Manchester United,1999,False,possible_position_offset_proposal,unavailable,no retrieved native position labels for this year,9,0,9,,,90.22222222222223,,,,,,"No same-year position target in collected sources; proposal unavailable, no fabricated labels"
manchester-united-1999,Manchester United,1999,False,hybrid_same_year_then_post,,,9,0,9,,,90.22222222222223,,,,,,first matched source per player; same-year before post-year; priority Mzafram > Stefano legacy > lbenz; provenance varies by row
manchester-united-2008,Manchester United,2008,True,current_BattleBase_overall,Battle Base,current build-report,9,9,0,85.55555555555556,3.7745083892140063,85.55555555555556,0.0,0.0,,,,Current report values; denominator is all roster rows
manchester-united-2008,Manchester United,2008,True,same_year_raw,Mzafram SoFIFA,FIFA08,9,9,0,85.66666666666667,3.6514837167011076,85.55555555555556,0.1111111111111111,0.3333333333333333,,,,highlight case; same-year or following-edition raw source snapshot
manchester-united-2008,Manchester United,2008,True,same_year_quantile_candidate,Mzafram SoFIFA,FIFA08,9,9,0,85.67337181825617,3.642022784647602,85.55555555555556,0.11781626270062083,0.3399607837814579,,,,Empirical CDF maps source OVR percentile to pooled Mzafram FIFA17-FC24 OVR; exploratory only
manchester-united-2008,Manchester United,2008,True,post_year_raw,Mzafram SoFIFA,FIFA09,9,9,0,85.55555555555556,2.165954298846436,85.55555555555556,0.0,2.2222222222222223,,,,highlight case; same-year or following-edition raw source snapshot
manchester-united-2008,Manchester United,2008,True,same_year_raw,lbenz FIFAIndex,08,9,9,0,85.33333333333333,3.6514837167011076,85.55555555555556,-0.2222222222222222,0.2222222222222222,,,,highlight case; same-year or following-edition raw source snapshot
manchester-united-2008,Manchester United,2008,True,same_year_quantile_candidate,lbenz FIFAIndex,08,9,9,0,85.3404513674646,3.642284797644148,85.55555555555556,-0.2151041880909664,0.2281046558249121,,,,Empirical CDF maps source OVR percentile to pooled Mzafram FIFA17-FC24 OVR; exploratory only
manchester-united-2008,Manchester United,2008,True,post_year_raw,lbenz FIFAIndex,09,9,9,0,85.55555555555556,2.499382639822665,85.55555555555556,0.0,1.7777777777777777,,,,highlight case; same-year or following-edition raw source snapshot
manchester-united-2008,Manchester United,2008,True,possible_position_offset_proposal,unavailable,no retrieved native position labels for this year,9,0,9,,,85.55555555555556,,,,,,"No same-year position target in collected sources; proposal unavailable, no fabricated labels"
manchester-united-2008,Manchester United,2008,True,hybrid_same_year_then_post,Mzafram SoFIFA,FIFA08,9,9,0,85.66666666666667,3.6514837167011076,85.55555555555556,0.1111111111111111,0.3333333333333333,,,,highlight case; first matched source per player; same-year before post-year; priority Mzafram > Stefano legacy > lbenz; provenance varies by row
manchester-united-2013,Manchester United,2013,False,current_BattleBase_overall,Battle Base,current build-report,8,8,0,84.125,3.2185982973959333,84.125,0.0,0.0,,,,Current report values; denominator is all roster rows
manchester-united-2013,Manchester United,2013,False,same_year_raw,Mzafram SoFIFA,FIFA13,8,8,0,83.125,3.2185982973959333,84.125,-1.0,1.0,,,,same-year or following-edition raw source snapshot
manchester-united-2013,Manchester United,2013,False,same_year_quantile_candidate,Mzafram SoFIFA,FIFA13,8,8,0,83.13659432462373,3.209164608781864,84.125,-0.9884056753762707,0.9884056753762707,,,,Empirical CDF maps source OVR percentile to pooled Mzafram FIFA17-FC24 OVR; exploratory only
manchester-united-2013,Manchester United,2013,False,post_year_raw,Mzafram SoFIFA,FIFA14,8,8,0,82.0,3.840572873934304,84.125,-2.125,2.375,,,,same-year or following-edition raw source snapshot
manchester-united-2013,Manchester United,2013,False,same_year_raw,lbenz FIFAIndex,13,8,8,0,83.125,3.2185982973959333,84.125,-1.0,1.0,,,,same-year or following-edition raw source snapshot
manchester-united-2013,Manchester United,2013,False,same_year_quantile_candidate,lbenz FIFAIndex,13,8,8,0,83.13659432462373,3.209164608781864,84.125,-0.9884056753762707,0.9884056753762707,,,,Empirical CDF maps source OVR percentile to pooled Mzafram FIFA17-FC24 OVR; exploratory only
manchester-united-2013,Manchester United,2013,False,post_year_raw,lbenz FIFAIndex,14,8,8,0,82.0,3.840572873934304,84.125,-2.125,2.375,,,,same-year or following-edition raw source snapshot
manchester-united-2013,Manchester United,2013,False,possible_position_offset_proposal,unavailable,no retrieved native position labels for this year,8,0,8,,,84.125,,,,,,"No same-year position target in collected sources; proposal unavailable, no fabricated labels"
manchester-united-2013,Manchester United,2013,False,hybrid_same_year_then_post,Mzafram SoFIFA,FIFA13,8,8,0,83.125,3.2185982973959333,84.125,-1.0,1.0,,,,first matched source per player; same-year before post-year; priority Mzafram > Stefano legacy > lbenz; provenance varies by row
manchester-united-2022,Manchester United,2022,False,current_BattleBase_overall,Battle Base,current build-report,9,9,0,84.0,3.496029493900505,84.0,0.0,0.0,,,,Current report values; denominator is all roster rows
manchester-united-2022,Manchester United,2022,False,same_year_raw,Mzafram SoFIFA,FIFA22,9,9,0,84.0,3.496029493900505,84.0,0.0,0.0,,,,same-year or following-edition raw source snapshot
manchester-united-2022,Manchester United,2022,False,same_year_quantile_candidate,Mzafram SoFIFA,FIFA22,9,9,0,84.0090026677418,3.4894909433589576,84.0,0.009002667741798278,0.009002667741798278,,,,Empirical CDF maps source OVR percentile to pooled Mzafram FIFA17-FC24 OVR; exploratory only
manchester-united-2022,Manchester United,2022,False,post_year_raw,Mzafram SoFIFA,FIFA23,9,9,0,83.55555555555556,3.1308895119123044,84.0,-0.4444444444444444,1.1111111111111112,,,,same-year or following-edition raw source snapshot
manchester-united-2022,Manchester United,2022,False,same_year_raw,Stefano legacy,22,9,9,0,84.77777777777777,3.154459903684087,84.0,0.7777777777777778,1.6666666666666667,,,,same-year or following-edition raw source snapshot
manchester-united-2022,Manchester United,2022,False,same_year_quantile_candidate,Stefano legacy,22,9,9,0,84.78436942475511,3.148758664588417,84.0,0.7843694247551158,1.66748709932694,,,,Empirical CDF maps source OVR percentile to pooled Mzafram FIFA17-FC24 OVR; exploratory only
manchester-united-2022,Manchester United,2022,False,possible_position_offset_proposal,Stefano legacy,22,9,9,0,82.44444444444444,3.80383172636082,84.0,-1.5555555555555556,1.5555555555555556,gk,coarse_proxy=8;exact_native_code=1,source_observed_target_with_rowwise_mapping_precision,"BB OVR + (source position base target - source OVR); modifiers excluded; proposal only. Coarse/ambiguous BB classes are representative proxies, not source-precise native-position alignment."
manchester-united-2022,Manchester United,2022,False,post_year_raw,Stefano legacy,23,9,9,0,83.22222222222223,3.4889596595794625,84.0,-0.7777777777777778,0.7777777777777778,,,,same-year or following-edition raw source snapshot
manchester-united-2022,Manchester United,2022,False,hybrid_same_year_then_post,Mzafram SoFIFA,FIFA22,9,9,0,84.0,3.496029493900505,84.0,0.0,0.0,,,,first matched source per player; same-year before post-year; priority Mzafram > Stefano legacy > lbenz; provenance varies by row
monaco-2017,Monaco,2017,False,current_BattleBase_overall,Battle Base,current build-report,9,9,0,80.88888888888889,2.3778816176702997,80.88888888888889,0.0,0.0,,,,Current report values; denominator is all roster rows
monaco-2017,Monaco,2017,False,same_year_raw,Mzafram SoFIFA,FIFA17,9,9,0,80.88888888888889,2.3778816176702997,80.88888888888889,0.0,0.0,,,,same-year or following-edition raw source snapshot
monaco-2017,Monaco,2017,False,same_year_quantile_candidate,Mzafram SoFIFA,FIFA17,9,9,0,80.90873619852937,2.364366575873,80.88888888888889,0.01984730964047938,0.01984730964047938,,,,Empirical CDF maps source OVR percentile to pooled Mzafram FIFA17-FC24 OVR; exploratory only
monaco-2017,Monaco,2017,False,post_year_raw,Mzafram SoFIFA,FIFA18,9,9,0,82.55555555555556,2.3147407395555177,80.88888888888889,1.6666666666666667,1.6666666666666667,,,,same-year or following-edition raw source snapshot
monaco-2017,Monaco,2017,False,same_year_raw,Stefano legacy,17,9,9,0,78.44444444444444,3.975231959999626,80.88888888888889,-2.4444444444444446,2.4444444444444446,,,,same-year or following-edition raw source snapshot
monaco-2017,Monaco,2017,False,same_year_quantile_candidate,Stefano legacy,17,9,9,0,78.49959397344274,3.9162089746435464,80.88888888888889,-2.389294915446145,2.395573472521695,,,,Empirical CDF maps source OVR percentile to pooled Mzafram FIFA17-FC24 OVR; exploratory only
monaco-2017,Monaco,2017,False,possible_position_offset_proposal,Stefano legacy,17,9,9,0,77.77777777777777,3.224137361899313,80.88888888888889,-3.111111111111111,3.111111111111111,gk,ambiguous_multiple_positions=2;coarse_proxy=6;exact_native_code=1,source_observed_target_with_rowwise_mapping_precision,"BB OVR + (source position base target - source OVR); modifiers excluded; proposal only. Coarse/ambiguous BB classes are representative proxies, not source-precise native-position alignment."
monaco-2017,Monaco,2017,False,post_year_raw,Stefano legacy,18,9,9,0,82.55555555555556,2.3622546250521443,80.88888888888889,1.6666666666666667,1.6666666666666667,,,,same-year or following-edition raw source snapshot
monaco-2017,Monaco,2017,False,same_year_raw,lbenz FIFAIndex,17,9,9,0,80.88888888888889,2.3778816176702997,80.88888888888889,0.0,0.0,,,,same-year or following-edition raw source snapshot
monaco-2017,Monaco,2017,False,same_year_quantile_candidate,lbenz FIFAIndex,17,9,9,0,80.90873619852937,2.364366575873,80.88888888888889,0.01984730964047938,0.01984730964047938,,,,Empirical CDF maps source OVR percentile to pooled Mzafram FIFA17-FC24 OVR; exploratory only
monaco-2017,Monaco,2017,False,post_year_raw,lbenz FIFAIndex,18,9,9,0,82.55555555555556,2.3147407395555177,80.88888888888889,1.6666666666666667,1.6666666666666667,,,,same-year or following-edition raw source snapshot
monaco-2017,Monaco,2017,False,hybrid_same_year_then_post,Mzafram SoFIFA,FIFA17,9,9,0,80.88888888888889,2.3778816176702997,80.88888888888889,0.0,0.0,,,,first matched source per player; same-year before post-year; priority Mzafram > Stefano legacy > lbenz; provenance varies by row
napoli-2023,Napoli,2023,False,current_BattleBase_overall,Battle Base,current build-report,9,9,0,81.88888888888889,1.5234788000891208,81.88888888888889,0.0,0.0,,,,Current report values; denominator is all roster rows
napoli-2023,Napoli,2023,False,same_year_raw,Mzafram SoFIFA,FIFA23,9,9,0,81.88888888888889,1.5234788000891208,81.88888888888889,0.0,0.0,,,,same-year or following-edition raw source snapshot
napoli-2023,Napoli,2023,False,same_year_quantile_candidate,Mzafram SoFIFA,FIFA23,9,9,0,81.90150161268603,1.5179823717851038,81.88888888888889,0.012612723797145817,0.012612723797145817,,,,Empirical CDF maps source OVR percentile to pooled Mzafram FIFA17-FC24 OVR; exploratory only
napoli-2023,Napoli,2023,False,post_year_raw,Mzafram SoFIFA,FC24,9,9,0,83.33333333333333,2.211083193570267,81.88888888888889,1.4444444444444444,1.8888888888888888,,,,same-year or following-edition raw source snapshot
napoli-2023,Napoli,2023,False,same_year_raw,Stefano legacy,23,9,9,0,80.33333333333333,2.2110831935702664,81.88888888888889,-1.5555555555555556,1.5555555555555556,,,,same-year or following-edition raw source snapshot
napoli-2023,Napoli,2023,False,same_year_quantile_candidate,Stefano legacy,23,9,9,0,80.35629325935669,2.194798083212442,81.88888888888889,-1.5325956295322005,1.5388985634393368,,,,Empirical CDF maps source OVR percentile to pooled Mzafram FIFA17-FC24 OVR; exploratory only
napoli-2023,Napoli,2023,False,possible_position_offset_proposal,Stefano legacy,23,9,9,0,80.33333333333333,2.5385910352879693,81.88888888888889,-1.5555555555555556,1.5555555555555556,gk,ambiguous_multiple_positions=1;coarse_proxy=7;exact_native_code=1,source_observed_target_with_rowwise_mapping_precision,"BB OVR + (source position base target - source OVR); modifiers excluded; proposal only. Coarse/ambiguous BB classes are representative proxies, not source-precise native-position alignment."
napoli-2023,Napoli,2023,False,hybrid_same_year_then_post,Mzafram SoFIFA,FIFA23,9,9,0,81.88888888888889,1.5234788000891208,81.88888888888889,0.0,0.0,,,,first matched source per player; same-year before post-year; priority Mzafram > Stefano legacy > lbenz; provenance varies by row
parma-1999,Parma,1999,False,current_BattleBase_overall,Battle Base,current build-report,9,9,0,88.66666666666667,2.6246692913372702,88.66666666666667,0.0,0.0,,,,Current report values; denominator is all roster rows
parma-1999,Parma,1999,False,same_year_raw,unavailable,no retrieved edition for calendar 1999,9,0,9,,,88.66666666666667,,,,,,No source file in collected corpus; this does not prove the game lacked data
parma-1999,Parma,1999,False,same_year_quantile_candidate,unavailable,no retrieved edition for calendar 1999,9,0,9,,,88.66666666666667,,,,,,No same-year source snapshot to rank-map
parma-1999,Parma,1999,False,post_year_raw,unavailable,no retrieved edition for calendar 2000,9,0,9,,,88.66666666666667,,,,,,No source file in collected corpus; this does not prove the game lacked data
parma-1999,Parma,1999,False,possible_position_offset_proposal,unavailable,no retrieved native position labels for this year,9,0,9,,,88.66666666666667,,,,,,"No same-year position target in collected sources; proposal unavailable, no fabricated labels"
parma-1999,Parma,1999,False,hybrid_same_year_then_post,,,9,0,9,,,88.66666666666667,,,,,,first matched source per player; same-year before post-year; priority Mzafram > Stefano legacy > lbenz; provenance varies by row
porto-2004,Porto,2004,False,current_BattleBase_overall,Battle Base,current build-report,9,9,0,87.88888888888889,2.4241582476968255,87.88888888888889,0.0,0.0,,,,Current report values; denominator is all roster rows
porto-2004,Porto,2004,False,same_year_raw,unavailable,no retrieved edition for calendar 2004,9,0,9,,,87.88888888888889,,,,,,No source file in collected corpus; this does not prove the game lacked data
porto-2004,Porto,2004,False,same_year_quantile_candidate,unavailable,no retrieved edition for calendar 2004,9,0,9,,,87.88888888888889,,,,,,No same-year source snapshot to rank-map
porto-2004,Porto,2004,False,post_year_raw,unavailable,no retrieved edition for calendar 2005,9,0,9,,,87.88888888888889,,,,,,No source file in collected corpus; this does not prove the game lacked data
porto-2004,Porto,2004,False,post_year_raw,lbenz FIFAIndex,05,9,8,1,84.375,2.8695600708122493,87.88888888888889,-3.625,3.875,,,,same-year or following-edition raw source snapshot
porto-2004,Porto,2004,False,possible_position_offset_proposal,unavailable,no retrieved native position labels for this year,9,0,9,,,87.88888888888889,,,,,,"No same-year position target in collected sources; proposal unavailable, no fabricated labels"
porto-2004,Porto,2004,False,hybrid_same_year_then_post,lbenz FIFAIndex,05,9,8,1,84.375,2.8695600708122493,87.88888888888889,-3.625,3.875,,,,first matched source per player; same-year before post-year; priority Mzafram > Stefano legacy > lbenz; provenance varies by row
psv-2005,PSV,2005,True,current_BattleBase_overall,Battle Base,current build-report,9,9,0,73.66666666666667,9.521904571390468,73.66666666666667,0.0,0.0,,,,Current report values; denominator is all roster rows
psv-2005,PSV,2005,True,same_year_raw,unavailable,no retrieved edition for calendar 2005,9,0,9,,,73.66666666666667,,,,,,No source file in collected corpus; this does not prove the game lacked data
psv-2005,PSV,2005,True,same_year_quantile_candidate,unavailable,no retrieved edition for calendar 2005,9,0,9,,,73.66666666666667,,,,,,No same-year source snapshot to rank-map
psv-2005,PSV,2005,True,post_year_raw,unavailable,no retrieved edition for calendar 2006,9,0,9,,,73.66666666666667,,,,,,No source file in collected corpus; this does not prove the game lacked data
psv-2005,PSV,2005,True,same_year_raw,lbenz FIFAIndex,05,9,9,0,73.66666666666667,9.521904571390468,73.66666666666667,0.0,0.0,,,,highlight case; same-year or following-edition raw source snapshot
psv-2005,PSV,2005,True,same_year_quantile_candidate,lbenz FIFAIndex,05,9,9,0,73.83932774799571,9.223369545500029,73.66666666666667,0.17266108132904556,0.17266108132904556,,,,Empirical CDF maps source OVR percentile to pooled Mzafram FIFA17-FC24 OVR; exploratory only
psv-2005,PSV,2005,True,post_year_raw,lbenz FIFAIndex,06,9,9,0,77.88888888888889,3.784308081316978,73.66666666666667,4.222222222222222,4.222222222222222,,,,highlight case; same-year or following-edition raw source snapshot
psv-2005,PSV,2005,True,possible_position_offset_proposal,unavailable,no retrieved native position labels for this year,9,0,9,,,73.66666666666667,,,,,,"No same-year position target in collected sources; proposal unavailable, no fabricated labels"
psv-2005,PSV,2005,True,hybrid_same_year_then_post,lbenz FIFAIndex,05,9,9,0,73.66666666666667,9.521904571390468,73.66666666666667,0.0,0.0,,,,highlight case; first matched source per player; same-year before post-year; priority Mzafram > Stefano legacy > lbenz; provenance varies by row
real-madrid-2002,Real Madrid,2002,False,current_BattleBase_overall,Battle Base,current build-report,9,9,0,90.88888888888889,2.997941680718231,90.88888888888889,0.0,0.0,,,,Current report values; denominator is all roster rows
real-madrid-2002,Real Madrid,2002,False,same_year_raw,unavailable,no retrieved edition for calendar 2002,9,0,9,,,90.88888888888889,,,,,,No source file in collected corpus; this does not prove the game lacked data
real-madrid-2002,Real Madrid,2002,False,same_year_quantile_candidate,unavailable,no retrieved edition for calendar 2002,9,0,9,,,90.88888888888889,,,,,,No same-year source snapshot to rank-map
real-madrid-2002,Real Madrid,2002,False,post_year_raw,unavailable,no retrieved edition for calendar 2003,9,0,9,,,90.88888888888889,,,,,,No source file in collected corpus; this does not prove the game lacked data
real-madrid-2002,Real Madrid,2002,False,possible_position_offset_proposal,unavailable,no retrieved native position labels for this year,9,0,9,,,90.88888888888889,,,,,,"No same-year position target in collected sources; proposal unavailable, no fabricated labels"
real-madrid-2002,Real Madrid,2002,False,hybrid_same_year_then_post,,,9,0,9,,,90.88888888888889,,,,,,first matched source per player; same-year before post-year; priority Mzafram > Stefano legacy > lbenz; provenance varies by row
real-madrid-2012,Real Madrid,2012,False,current_BattleBase_overall,Battle Base,current build-report,9,9,0,87.33333333333333,2.403700850309326,87.33333333333333,0.0,0.0,,,,Current report values; denominator is all roster rows
real-madrid-2012,Real Madrid,2012,False,same_year_raw,Mzafram SoFIFA,FIFA12,9,9,0,86.44444444444444,2.629368792488718,87.33333333333333,-0.8888888888888888,0.8888888888888888,,,,same-year or following-edition raw source snapshot
real-madrid-2012,Real Madrid,2012,False,same_year_quantile_candidate,Mzafram SoFIFA,FIFA12,9,9,0,86.44757686700258,2.6268314934026122,87.33333333333333,-0.8857564663307534,0.8857701782964997,,,,Empirical CDF maps source OVR percentile to pooled Mzafram FIFA17-FC24 OVR; exploratory only
real-madrid-2012,Real Madrid,2012,False,post_year_raw,Mzafram SoFIFA,FIFA13,9,9,0,86.22222222222223,2.6152449546532934,87.33333333333333,-1.1111111111111112,1.1111111111111112,,,,same-year or following-edition raw source snapshot
real-madrid-2012,Real Madrid,2012,False,same_year_raw,lbenz FIFAIndex,12,9,9,0,86.44444444444444,2.629368792488718,87.33333333333333,-0.8888888888888888,0.8888888888888888,,,,same-year or following-edition raw source snapshot
real-madrid-2012,Real Madrid,2012,False,same_year_quantile_candidate,lbenz FIFAIndex,12,9,9,0,86.44757686700258,2.6268314934026122,87.33333333333333,-0.8857564663307534,0.8857701782964997,,,,Empirical CDF maps source OVR percentile to pooled Mzafram FIFA17-FC24 OVR; exploratory only
real-madrid-2012,Real Madrid,2012,False,post_year_raw,lbenz FIFAIndex,13,9,9,0,86.22222222222223,2.6152449546532934,87.33333333333333,-1.1111111111111112,1.1111111111111112,,,,same-year or following-edition raw source snapshot
real-madrid-2012,Real Madrid,2012,False,possible_position_offset_proposal,unavailable,no retrieved native position labels for this year,9,0,9,,,87.33333333333333,,,,,,"No same-year position target in collected sources; proposal unavailable, no fabricated labels"
real-madrid-2012,Real Madrid,2012,False,hybrid_same_year_then_post,Mzafram SoFIFA,FIFA12,9,9,0,86.44444444444444,2.629368792488718,87.33333333333333,-0.8888888888888888,0.8888888888888888,,,,first matched source per player; same-year before post-year; priority Mzafram > Stefano legacy > lbenz; provenance varies by row
real-madrid-2017,Real Madrid,2017,True,current_BattleBase_overall,Battle Base,current build-report,9,9,0,87.22222222222223,3.010270485365348,87.22222222222223,0.0,0.0,,,,Current report values; denominator is all roster rows
real-madrid-2017,Real Madrid,2017,True,same_year_raw,Mzafram SoFIFA,FIFA17,9,9,0,87.22222222222223,3.010270485365348,87.22222222222223,0.0,0.0,,,,highlight case; same-year or following-edition raw source snapshot
real-madrid-2017,Real Madrid,2017,True,same_year_quantile_candidate,Mzafram SoFIFA,FIFA17,9,9,0,87.22459591597242,3.008613213930476,87.22222222222223,0.0023736937501881686,0.0023736937501881686,,,,Empirical CDF maps source OVR percentile to pooled Mzafram FIFA17-FC24 OVR; exploratory only
real-madrid-2017,Real Madrid,2017,True,post_year_raw,Mzafram SoFIFA,FIFA18,9,9,0,87.77777777777777,3.0469576001782417,87.22222222222223,0.5555555555555556,0.7777777777777778,,,,highlight case; same-year or following-edition raw source snapshot
real-madrid-2017,Real Madrid,2017,True,same_year_raw,Stefano legacy,17,9,9,0,87.0,3.39934634239519,87.22222222222223,-0.2222222222222222,0.4444444444444444,,,,highlight case; same-year or following-edition raw source snapshot
real-madrid-2017,Real Madrid,2017,True,same_year_quantile_candidate,Stefano legacy,17,9,9,0,87.00318955575413,3.396344870016728,87.22222222222223,-0.2190326664680874,0.44349755698931403,,,,Empirical CDF maps source OVR percentile to pooled Mzafram FIFA17-FC24 OVR; exploratory only
real-madrid-2017,Real Madrid,2017,True,possible_position_offset_proposal,Stefano legacy,17,9,9,0,83.88888888888889,3.3811386788228757,87.22222222222223,-3.3333333333333335,3.3333333333333335,gk,coarse_proxy=8;exact_native_code=1,source_observed_target_with_rowwise_mapping_precision,"BB OVR + (source position base target - source OVR); modifiers excluded; proposal only. Coarse/ambiguous BB classes are representative proxies, not source-precise native-position alignment."
real-madrid-2017,Real Madrid,2017,True,post_year_raw,Stefano legacy,18,9,9,0,87.77777777777777,3.0469576001782417,87.22222222222223,0.5555555555555556,0.5555555555555556,,,,highlight case; same-year or following-edition raw source snapshot
real-madrid-2017,Real Madrid,2017,True,same_year_raw,lbenz FIFAIndex,17,9,9,0,87.22222222222223,3.010270485365348,87.22222222222223,0.0,0.0,,,,highlight case; same-year or following-edition raw source snapshot
real-madrid-2017,Real Madrid,2017,True,same_year_quantile_candidate,lbenz FIFAIndex,17,9,9,0,87.22459591597242,3.008613213930476,87.22222222222223,0.0023736937501881686,0.0023736937501881686,,,,Empirical CDF maps source OVR percentile to pooled Mzafram FIFA17-FC24 OVR; exploratory only
real-madrid-2017,Real Madrid,2017,True,post_year_raw,lbenz FIFAIndex,18,9,9,0,87.77777777777777,3.0469576001782417,87.22222222222223,0.5555555555555556,0.7777777777777778,,,,highlight case; same-year or following-edition raw source snapshot
real-madrid-2017,Real Madrid,2017,True,hybrid_same_year_then_post,Mzafram SoFIFA,FIFA17,9,9,0,87.22222222222223,3.010270485365348,87.22222222222223,0.0,0.0,,,,highlight case; first matched source per player; same-year before post-year; priority Mzafram > Stefano legacy > lbenz; provenance varies by row
real-madrid-2019,Real Madrid,2019,False,current_BattleBase_overall,Battle Base,current build-report,9,9,0,86.77777777777777,3.5520816362546177,86.77777777777777,0.0,0.0,,,,Current report values; denominator is all roster rows
real-madrid-2019,Real Madrid,2019,False,same_year_raw,Mzafram SoFIFA,FIFA19,9,9,0,86.77777777777777,3.5520816362546177,86.77777777777777,0.0,0.0,,,,same-year or following-edition raw source snapshot
real-madrid-2019,Real Madrid,2019,False,same_year_quantile_candidate,Mzafram SoFIFA,FIFA19,9,9,0,86.7832305697666,3.541695547633346,86.77777777777777,0.00545279198882377,0.00545279198882377,,,,Empirical CDF maps source OVR percentile to pooled Mzafram FIFA17-FC24 OVR; exploratory only
real-madrid-2019,Real Madrid,2019,False,post_year_raw,Mzafram SoFIFA,FIFA20,9,9,0,86.66666666666667,3.1269438398822866,86.77777777777777,-0.1111111111111111,1.0,,,,same-year or following-edition raw source snapshot
real-madrid-2019,Real Madrid,2019,False,same_year_raw,Stefano legacy,19,9,9,0,87.22222222222223,4.236816881097249,86.77777777777777,0.4444444444444444,1.1111111111111112,,,,same-year or following-edition raw source snapshot
real-madrid-2019,Real Madrid,2019,False,same_year_quantile_candidate,Stefano legacy,19,9,9,0,87.22890147342696,4.223214633497648,86.77777777777777,0.45112369564918076,1.105682695953874,,,,Empirical CDF maps source OVR percentile to pooled Mzafram FIFA17-FC24 OVR; exploratory only
real-madrid-2019,Real Madrid,2019,False,possible_position_offset_proposal,Stefano legacy,19,9,9,0,82.77777777777777,4.46661138716484,86.77777777777777,-4.0,4.0,gk,coarse_proxy=8;exact_native_code=1,source_observed_target_with_rowwise_mapping_precision,"BB OVR + (source position base target - source OVR); modifiers excluded; proposal only. Coarse/ambiguous BB classes are representative proxies, not source-precise native-position alignment."
real-madrid-2019,Real Madrid,2019,False,post_year_raw,Stefano legacy,20,9,9,0,86.44444444444444,3.0590888662080453,86.77777777777777,-0.3333333333333333,0.7777777777777778,,,,same-year or following-edition raw source snapshot
real-madrid-2019,Real Madrid,2019,False,same_year_raw,lbenz FIFAIndex,19,9,9,0,86.77777777777777,3.5520816362546177,86.77777777777777,0.0,0.0,,,,same-year or following-edition raw source snapshot
real-madrid-2019,Real Madrid,2019,False,same_year_quantile_candidate,lbenz FIFAIndex,19,9,9,0,86.7832305697666,3.541695547633346,86.77777777777777,0.00545279198882377,0.00545279198882377,,,,Empirical CDF maps source OVR percentile to pooled Mzafram FIFA17-FC24 OVR; exploratory only
real-madrid-2019,Real Madrid,2019,False,post_year_raw,lbenz FIFAIndex,20,9,9,0,86.66666666666667,3.1269438398822866,86.77777777777777,-0.1111111111111111,1.0,,,,same-year or following-edition raw source snapshot
real-madrid-2019,Real Madrid,2019,False,hybrid_same_year_then_post,Mzafram SoFIFA,FIFA19,9,9,0,86.77777777777777,3.5520816362546177,86.77777777777777,0.0,0.0,,,,first matched source per player; same-year before post-year; priority Mzafram > Stefano legacy > lbenz; provenance varies by row
real-madrid-2022,Real Madrid,2022,False,current_BattleBase_overall,Battle Base,current build-report,9,9,0,86.77777777777777,2.657391276244755,86.77777777777777,0.0,0.0,,,,Current report values; denominator is all roster rows
real-madrid-2022,Real Madrid,2022,False,same_year_raw,Mzafram SoFIFA,FIFA22,9,9,0,86.77777777777777,2.657391276244755,86.77777777777777,0.0,0.0,,,,same-year or following-edition raw source snapshot
real-madrid-2022,Real Madrid,2022,False,same_year_quantile_candidate,Mzafram SoFIFA,FIFA22,9,9,0,86.78057121005583,2.6549532739545123,86.77777777777777,0.0027934322780412105,0.0027934322780412105,,,,Empirical CDF maps source OVR percentile to pooled Mzafram FIFA17-FC24 OVR; exploratory only
real-madrid-2022,Real Madrid,2022,False,post_year_raw,Mzafram SoFIFA,FIFA23,9,9,0,87.44444444444444,2.216659704806667,86.77777777777777,0.6666666666666666,0.6666666666666666,,,,same-year or following-edition raw source snapshot
real-madrid-2022,Real Madrid,2022,False,same_year_raw,Stefano legacy,22,9,9,0,85.88888888888889,3.1426968052735447,86.77777777777777,-0.8888888888888888,1.1111111111111112,,,,same-year or following-edition raw source snapshot
real-madrid-2022,Real Madrid,2022,False,same_year_quantile_candidate,Stefano legacy,22,9,9,0,85.89390594505757,3.1367403106944356,86.77777777777777,-0.883871832720211,1.1074073566253193,,,,Empirical CDF maps source OVR percentile to pooled Mzafram FIFA17-FC24 OVR; exploratory only
real-madrid-2022,Real Madrid,2022,False,possible_position_offset_proposal,Stefano legacy,22,9,9,0,83.66666666666667,3.4641016151377544,86.77777777777777,-3.111111111111111,3.111111111111111,gk,coarse_proxy=8;exact_native_code=1,source_observed_target_with_rowwise_mapping_precision,"BB OVR + (source position base target - source OVR); modifiers excluded; proposal only. Coarse/ambiguous BB classes are representative proxies, not source-precise native-position alignment."
real-madrid-2022,Real Madrid,2022,False,post_year_raw,Stefano legacy,23,9,9,0,87.33333333333333,2.357022603955158,86.77777777777777,0.5555555555555556,0.5555555555555556,,,,same-year or following-edition raw source snapshot
real-madrid-2022,Real Madrid,2022,False,hybrid_same_year_then_post,Mzafram SoFIFA,FIFA22,9,9,0,86.77777777777777,2.657391276244755,86.77777777777777,0.0,0.0,,,,first matched source per player; same-year before post-year; priority Mzafram > Stefano legacy > lbenz; provenance varies by row
roma-2001,Roma,2001,False,current_BattleBase_overall,Battle Base,current build-report,9,9,0,88.22222222222223,3.6447154370792725,88.22222222222223,0.0,0.0,,,,Current report values; denominator is all roster rows
roma-2001,Roma,2001,False,same_year_raw,unavailable,no retrieved edition for calendar 2001,9,0,9,,,88.22222222222223,,,,,,No source file in collected corpus; this does not prove the game lacked data
roma-2001,Roma,2001,False,same_year_quantile_candidate,unavailable,no retrieved edition for calendar 2001,9,0,9,,,88.22222222222223,,,,,,No same-year source snapshot to rank-map
roma-2001,Roma,2001,False,post_year_raw,unavailable,no retrieved edition for calendar 2002,9,0,9,,,88.22222222222223,,,,,,No source file in collected corpus; this does not prove the game lacked data
roma-2001,Roma,2001,False,possible_position_offset_proposal,unavailable,no retrieved native position labels for this year,9,0,9,,,88.22222222222223,,,,,,"No same-year position target in collected sources; proposal unavailable, no fabricated labels"
roma-2001,Roma,2001,False,hybrid_same_year_then_post,,,9,0,9,,,88.22222222222223,,,,,,first matched source per player; same-year before post-year; priority Mzafram > Stefano legacy > lbenz; provenance varies by row
valencia-2004,Valencia,2004,False,current_BattleBase_overall,Battle Base,current build-report,9,9,0,88.0,2.1081851067789197,88.0,0.0,0.0,,,,Current report values; denominator is all roster rows
valencia-2004,Valencia,2004,False,same_year_raw,unavailable,no retrieved edition for calendar 2004,9,0,9,,,88.0,,,,,,No source file in collected corpus; this does not prove the game lacked data
valencia-2004,Valencia,2004,False,same_year_quantile_candidate,unavailable,no retrieved edition for calendar 2004,9,0,9,,,88.0,,,,,,No same-year source snapshot to rank-map
valencia-2004,Valencia,2004,False,post_year_raw,unavailable,no retrieved edition for calendar 2005,9,0,9,,,88.0,,,,,,No source file in collected corpus; this does not prove the game lacked data
valencia-2004,Valencia,2004,False,post_year_raw,lbenz FIFAIndex,05,9,3,6,85.66666666666667,3.7712361663282534,88.0,-0.6666666666666666,2.0,,,,same-year or following-edition raw source snapshot
valencia-2004,Valencia,2004,False,possible_position_offset_proposal,unavailable,no retrieved native position labels for this year,9,0,9,,,88.0,,,,,,"No same-year position target in collected sources; proposal unavailable, no fabricated labels"
valencia-2004,Valencia,2004,False,hybrid_same_year_then_post,lbenz FIFAIndex,05,9,3,6,85.66666666666667,3.7712361663282534,88.0,-0.6666666666666666,2.0,,,,first matched source per player; same-year before post-year; priority Mzafram > Stefano legacy > lbenz; provenance varies by row
